エピソード,ランダム率,平均報酬,直近成功率,最良経路長,手数
1,1.0000,-150.7805,0.0000,経路未発見,637
2,0.9995,-122.1203,0.0000,経路未発見,637
3,0.9990,-130.4937,0.0000,経路未発見,556
4,0.9985,-121.5702,0.0000,経路未発見,389
5,0.9980,-125.1083,0.0000,経路未発見,637
6,0.9975,-113.4769,0.0000,経路未発見,140
7,0.9970,-105.0488,0.0000,経路未発見,171
8,0.9965,-110.7827,0.0000,経路未発見,494
9,0.9960,-128.3736,0.0000,経路未発見,637
10,0.9955,-121.5242,0.0000,経路未発見,262
11,0.9950,-129.2603,0.0000,経路未発見,637
12,0.9945,-133.9903,0.0000,経路未発見,637
13,0.9940,-133.2772,0.0000,経路未発見,612
14,0.9935,-142.1332,0.0000,経路未発見,637
15,0.9930,-137.2816,0.0000,経路未発見,467
16,0.9925,-134.3615,0.0000,経路未発見,202
17,0.9920,-137.6191,0.0000,経路未発見,637
18,0.9915,-135.5047,0.0000,経路未発見,251
19,0.9910,-142.5256,0.0000,経路未発見,637
20,0.9905,-141.4713,0.0000,経路未発見,443
21,0.9900,-148.6250,0.0000,経路未発見,637
22,0.9896,-148.7212,0.0000,経路未発見,637
23,0.9891,-149.3473,0.0000,経路未発見,470
24,0.9886,-152.6220,0.0000,経路未発見,637
25,0.9881,-152.4179,0.0000,経路未発見,330
26,0.9876,-151.3919,0.0000,経路未発見,637
27,0.9871,-148.6425,0.0000,経路未発見,242
28,0.9866,-148.8189,0.0000,経路未発見,637
29,0.9861,-147.7251,0.0000,経路未発見,637
30,0.9856,-148.5737,0.0000,経路未発見,637
31,0.9851,-152.1003,0.0000,経路未発見,637
32,0.9846,-152.8670,0.0000,経路未発見,637
33,0.9841,-155.0997,0.0000,経路未発見,637
34,0.9836,-156.1990,0.0000,経路未発見,637
35,0.9831,-154.7637,0.0000,経路未発見,505
36,0.9826,-162.0243,0.0000,経路未発見,637
37,0.9822,-164.1183,0.0000,経路未発見,637
38,0.9817,-162.3603,0.0000,経路未発見,637
39,0.9812,-155.5143,0.0000,経路未発見,240
40,0.9807,-160.7150,0.0000,経路未発見,637
41,0.9802,-161.6543,0.0000,経路未発見,567
42,0.9797,-158.4950,0.0000,経路未発見,514
43,0.9792,-156.9496,0.0000,経路未発見,299
44,0.9787,-152.3736,0.0000,経路未発見,637
45,0.9782,-152.4563,0.0000,経路未発見,164
46,0.9777,-153.2223,0.0000,経路未発見,637
47,0.9773,-153.6903,0.0000,経路未発見,637
48,0.9768,-154.3603,0.0000,経路未発見,637
49,0.9763,-148.7690,0.0000,経路未発見,420
50,0.9758,-145.8556,0.0000,経路未発見,110
51,0.9753,-137.8883,0.0000,経路未発見,135
52,0.9748,-135.4563,0.0000,経路未発見,637
53,0.9743,-133.1349,0.0000,経路未発見,433
54,0.9738,-132.0656,0.0000,経路未発見,637
55,0.9734,-129.7789,0.0000,経路未発見,271
56,0.9729,-129.5942,0.0000,経路未発見,281
57,0.9724,-132.1009,0.0000,経路未発見,419
58,0.9719,-133.5409,0.0000,経路未発見,637
59,0.9714,-131.9256,0.0000,経路未発見,156
60,0.9709,-129.0809,0.0000,経路未発見,279
61,0.9704,-125.1269,0.0000,経路未発見,406
62,0.9700,-124.3208,0.0000,経路未発見,400
63,0.9695,-120.6922,0.0000,経路未発見,467
64,0.9690,-119.5988,0.0000,経路未発見,637
65,0.9685,-120.2188,0.0000,経路未発見,288
66,0.9680,-118.1482,0.0000,経路未発見,637
67,0.9675,-117.3355,0.0000,経路未発見,548
68,0.9670,-120.7395,0.0000,経路未発見,637
69,0.9666,-125.3742,0.0000,経路未発見,452
70,0.9661,-121.4162,0.0000,経路未発見,232
71,0.9656,-117.1835,0.0000,経路未発見,637
72,0.9651,-118.0082,0.0000,経路未発見,637
73,0.9646,-120.9082,0.0000,経路未発見,583
74,0.9642,-120.9408,0.0000,経路未発見,271
75,0.9637,-123.9609,0.0000,経路未発見,405
76,0.9632,-126.5235,0.0000,経路未発見,637
77,0.9627,-122.3355,0.0000,経路未発見,637
78,0.9622,-126.3662,0.0000,経路未発見,637
79,0.9617,-124.8675,0.0000,経路未発見,170
80,0.9613,-127.3649,0.0000,経路未発見,472
81,0.9608,-127.9882,0.0000,経路未発見,637
82,0.9603,-132.8382,0.0000,経路未発見,629
83,0.9598,-134.0489,0.0000,経路未発見,308
84,0.9593,-130.0922,0.0000,経路未発見,325
85,0.9589,-130.7255,0.0000,経路未発見,203
86,0.9584,-130.9789,0.0000,経路未発見,402
87,0.9579,-131.0389,0.0000,経路未発見,371
88,0.9574,-131.0749,0.0000,経路未発見,637
89,0.9569,-132.2869,0.0000,経路未発見,200
90,0.9565,-130.8349,0.0000,経路未発見,128
91,0.9560,-128.4375,0.0000,経路未発見,204
92,0.9555,-129.7382,0.0000,経路未発見,637
93,0.9550,-128.4982,0.0000,経路未発見,155
94,0.9546,-130.8796,0.0000,経路未発見,637
95,0.9541,-128.1636,0.0000,経路未発見,123
96,0.9536,-122.4335,0.0000,経路未発見,209
97,0.9531,-123.5882,0.0000,経路未発見,501
98,0.9526,-119.0475,0.0000,経路未発見,289
99,0.9522,-114.8155,0.0000,経路未発見,352
100,0.9517,-114.5642,0.0000,経路未発見,637
101,0.9512,-114.6655,0.0000,経路未発見,637
102,0.9507,-117.5008,0.0000,経路未発見,429
103,0.9503,-112.9195,0.0000,経路未発見,96
104,0.9498,-113.9002,0.0000,経路未発見,637
105,0.9493,-114.2802,0.0000,経路未発見,571
106,0.9488,-109.8248,0.0000,経路未発見,298
107,0.9484,-108.8708,0.0000,経路未発見,142
108,0.9479,-104.1121,0.0000,経路未発見,637
109,0.9474,-104.5028,0.0000,経路未発見,359
110,0.9469,-104.1281,0.0000,経路未発見,400
111,0.9465,-108.7735,0.0000,経路未発見,637
112,0.9460,-103.5588,0.0000,経路未発見,331
113,0.9455,-100.9774,0.0000,経路未発見,314
114,0.9451,-99.8348,0.0000,経路未発見,136
115,0.9446,-97.3161,0.0000,経路未発見,70
116,0.9441,-95.2974,0.0000,経路未発見,283
117,0.9436,-92.2788,0.0000,経路未発見,206
118,0.9432,-90.0994,0.0000,経路未発見,578
119,0.9427,-90.1741,0.0000,経路未発見,322
120,0.9422,-94.5387,0.0000,経路未発見,637
121,0.9418,-98.7201,0.0000,経路未発見,558
122,0.9413,-99.5655,0.0000,経路未発見,637
123,0.9408,-99.4295,0.0000,経路未発見,369
124,0.9403,-98.8948,0.0000,経路未発見,637
125,0.9399,-102.4821,0.0000,経路未発見,637
126,0.9394,-105.8268,0.0000,経路未発見,637
127,0.9389,-106.7075,0.0000,経路未発見,637
128,0.9385,-105.8155,0.0000,経路未発見,166
129,0.9380,-108.9895,0.0000,経路未発見,637
130,0.9375,-109.9675,0.0000,経路未発見,502
131,0.9371,-112.6609,0.0000,経路未発見,637
132,0.9366,-107.3542,0.0000,経路未発見,140
133,0.9361,-109.5102,0.0000,経路未発見,260
134,0.9357,-108.4128,0.0000,経路未発見,637
135,0.9352,-106.4555,0.0000,経路未発見,353
136,0.9347,-108.0822,0.0000,経路未発見,325
137,0.9342,-110.6615,0.0000,経路未発見,637
138,0.9338,-111.3495,0.0000,経路未発見,637
139,0.9333,-112.2829,0.0000,経路未発見,603
140,0.9328,-110.9442,0.0000,経路未発見,273
141,0.9324,-107.1262,0.0000,経路未発見,269
142,0.9319,-108.4648,0.0000,経路未発見,326
143,0.9315,-110.0249,0.0000,経路未発見,424
144,0.9310,-110.4222,0.0000,経路未発見,296
145,0.9305,-110.7862,0.0000,経路未発見,215
146,0.9301,-112.4842,0.0000,経路未発見,637
147,0.9296,-114.1615,0.0000,経路未発見,296
148,0.9291,-112.3308,0.0000,経路未発見,325
149,0.9287,-110.7322,0.0000,経路未発見,332
150,0.9282,-106.2861,0.0000,経路未発見,251
151,0.9277,-102.4608,0.0000,経路未発見,324
152,0.9273,-98.6788,0.0000,経路未発見,230
153,0.9268,-98.0894,0.0000,経路未発見,140
154,0.9263,-94.1888,0.0000,経路未発見,145
155,0.9259,-94.6448,0.0000,経路未発見,637
156,0.9254,-93.6601,0.0000,経路未発見,391
157,0.9250,-91.1687,0.0000,経路未発見,351
158,0.9245,-96.3041,0.0000,経路未発見,637
159,0.9240,-94.0794,0.0000,経路未発見,208
160,0.9236,-91.8634,0.0000,経路未発見,265
161,0.9231,-87.9667,0.0000,経路未発見,369
162,0.9226,-90.6061,0.0000,経路未発見,637
163,0.9222,-92.6407,0.0000,経路未発見,470
164,0.9217,-90.9307,0.0000,経路未発見,182
165,0.9213,-88.9414,0.0000,経路未発見,312
166,0.9208,-88.4840,0.0000,経路未発見,263
167,0.9203,-88.0207,0.0000,経路未発見,374
168,0.9199,-86.3040,0.0000,経路未発見,281
169,0.9194,-88.0194,0.0000,経路未発見,637
170,0.9190,-86.9567,0.0000,経路未発見,112
171,0.9185,-85.1020,0.0000,経路未発見,173
172,0.9180,-85.4727,0.0000,経路未発見,255
173,0.9176,-84.1060,0.0000,経路未発見,247
174,0.9171,-83.4274,0.0000,経路未発見,131
175,0.9167,-85.4687,0.0000,経路未発見,212
176,0.9162,-84.8587,0.0000,経路未発見,263
177,0.9157,-83.2600,0.0000,経路未発見,361
178,0.9153,-84.2574,0.0000,経路未発見,294
179,0.9148,-83.1347,0.0000,経路未発見,68
180,0.9144,-84.5580,0.0000,経路未発見,637
181,0.9139,-83.4887,0.0000,経路未発見,203
182,0.9135,-83.6660,0.0000,経路未発見,138
183,0.9130,-85.4114,0.0000,経路未発見,250
184,0.9125,-85.5474,0.0000,経路未発見,136
185,0.9121,-82.6334,0.0000,経路未発見,188
186,0.9116,-82.5714,0.0000,経路未発見,637
187,0.9112,-80.8087,0.0000,経路未発見,124
188,0.9107,-76.8040,0.0000,経路未発見,208
189,0.9103,-75.0720,0.0000,経路未発見,147
190,0.9098,-77.6040,0.0000,経路未発見,392
191,0.9094,-77.5933,0.0000,経路未発見,292
192,0.9089,-77.5473,0.0000,経路未発見,297
193,0.9084,-73.1727,0.0000,経路未発見,65
194,0.9080,-77.3147,0.0000,経路未発見,637
195,0.9075,-76.6080,0.0000,経路未発見,140
196,0.9071,-77.7227,0.0000,経路未発見,467
197,0.9066,-75.2214,0.0000,経路未発見,113
198,0.9062,-76.2800,0.0000,経路未発見,528
199,0.9057,-75.3394,0.0000,経路未発見,311
200,0.9053,-79.5007,0.0000,経路未発見,548
201,0.9048,-79.6954,0.0000,経路未発見,144
202,0.9044,-76.6180,0.0000,経路未発見,64
203,0.9039,-75.6967,0.0000,経路未発見,133
204,0.9035,-75.7300,0.0000,経路未発見,128
205,0.9030,-77.5480,0.0000,経路未発見,637
206,0.9026,-75.6240,0.0000,経路未発見,232
207,0.9021,-75.0587,0.0000,経路未発見,241
208,0.9017,-75.6360,0.0000,経路未発見,474
209,0.9012,-77.2960,0.0000,経路未発見,328
210,0.9008,-75.0700,0.0000,経路未発見,63
211,0.9003,-76.2314,0.0000,経路未発見,487
212,0.8999,-76.6354,0.0000,経路未発見,192
213,0.8994,-75.1447,0.0000,経路未発見,223
214,0.8990,-77.3594,0.0000,経路未発見,305
215,0.8985,-83.3961,0.0000,経路未発見,637
216,0.8981,-82.2941,0.0000,経路未発見,321
217,0.8976,-82.3647,0.0000,経路未発見,83
218,0.8972,-83.7381,0.0000,経路未発見,417
219,0.8967,-84.4421,0.0000,経路未発見,291
220,0.8963,-81.1101,0.0000,経路未発見,91
221,0.8958,-80.0567,0.0000,経路未発見,132
222,0.8954,-78.0181,0.0000,経路未発見,176
223,0.8949,-79.6807,0.0000,経路未発見,432
224,0.8945,-74.5893,0.0000,経路未発見,203
225,0.8940,-74.9693,0.0000,経路未発見,184
226,0.8936,-72.2907,0.0000,経路未発見,124
227,0.8931,-72.3147,0.0000,経路未発見,124
228,0.8927,-70.7133,0.0000,経路未発見,150
229,0.8922,-69.2293,0.0000,経路未発見,200
230,0.8918,-66.2120,0.0000,経路未発見,246
231,0.8913,-65.9880,0.0000,経路未発見,143
232,0.8909,-66.2960,0.0000,経路未発見,91
233,0.8905,-66.1773,0.0000,経路未発見,48
234,0.8900,-65.9133,0.0000,経路未発見,158
235,0.8896,-62.0966,0.0000,経路未発見,118
236,0.8891,-61.6300,0.0000,経路未発見,118
237,0.8887,-61.7713,0.0000,経路未発見,150
238,0.8882,-58.9380,0.0000,経路未発見,212
239,0.8878,-57.3886,0.0000,経路未発見,115
240,0.8873,-58.8100,0.0000,経路未発見,217
241,0.8869,-57.9806,0.0000,経路未発見,275
242,0.8865,-56.6766,0.0000,経路未発見,73
243,0.8860,-57.5113,0.0000,経路未発見,291
244,0.8856,-55.4633,0.0000,経路未発見,145
245,0.8851,-50.3879,0.0000,経路未発見,350
246,0.8847,-49.6693,0.0000,経路未発見,141
247,0.8842,-51.1293,0.0000,経路未発見,420
248,0.8838,-49.1919,0.0000,経路未発見,221
249,0.8834,-48.1893,0.0000,経路未発見,159
250,0.8829,-47.9879,0.0000,経路未発見,94
251,0.8825,-49.6173,0.0000,経路未発見,291
252,0.8820,-49.2386,0.0000,経路未発見,112
253,0.8816,-47.9400,0.0000,経路未発見,77
254,0.8812,-48.6786,0.0000,経路未発見,218
255,0.8807,-48.3986,0.0000,経路未発見,217
256,0.8803,-47.6840,0.0000,経路未発見,112
257,0.8798,-48.2253,0.0000,経路未発見,214
258,0.8794,-47.6813,0.0000,経路未発見,68
259,0.8790,-49.5306,0.0000,経路未発見,465
260,0.8785,-49.1000,0.0000,経路未発見,140
261,0.8781,-52.2453,0.0000,経路未発見,387
262,0.8776,-52.5386,0.0000,経路未発見,201
263,0.8772,-52.6586,0.0000,経路未発見,67
264,0.8768,-52.4760,0.0000,経路未発見,114
265,0.8763,-51.9920,0.0000,経路未発見,84
266,0.8759,-52.5360,0.0000,経路未発見,164
267,0.8754,-53.5666,0.0000,経路未発見,236
268,0.8750,-54.3840,0.0000,経路未発見,150
269,0.8746,-54.4773,0.0000,経路未発見,90
270,0.8741,-54.0360,0.0000,経路未発見,195
271,0.8737,-54.6080,0.0000,経路未発見,345
272,0.8733,-55.4866,0.0000,経路未発見,172
273,0.8728,-54.4000,0.0000,経路未発見,226
274,0.8724,-53.9266,0.0000,経路未発見,161
275,0.8719,-51.8306,0.0000,経路未発見,108
276,0.8715,-51.7973,0.0000,経路未発見,194
277,0.8711,-51.1946,0.0000,経路未発見,151
278,0.8706,-49.8746,0.0000,経路未発見,59
279,0.8702,-52.0026,0.0000,経路未発見,379
280,0.8698,-54.1793,0.0000,経路未発見,637
281,0.8693,-52.1166,0.0000,経路未発見,133
282,0.8689,-51.6606,0.0000,経路未発見,90
283,0.8685,-51.8526,0.0000,経路未発見,141
284,0.8680,-51.7420,0.0000,経路未発見,275
285,0.8676,-52.5406,0.0000,経路未発見,320
286,0.8672,-53.4380,0.0000,経路未発見,160
287,0.8667,-52.8606,0.0000,経路未発見,205
288,0.8663,-54.4353,0.0000,経路未発見,352
289,0.8659,-51.3153,0.0000,経路未発見,165
290,0.8654,-50.8073,0.0000,経路未発見,160
291,0.8650,-47.9779,0.0000,経路未発見,321
292,0.8646,-47.7059,0.0000,経路未発見,108
293,0.8641,-47.9699,0.0000,経路未発見,97
294,0.8637,-48.3379,0.0000,経路未発見,234
295,0.8633,-49.9233,0.0000,経路未発見,222
296,0.8628,-49.1086,0.0000,経路未発見,84
297,0.8624,-48.4979,0.0000,経路未発見,287
298,0.8620,-47.1766,0.0000,経路未発見,47
299,0.8615,-48.5859,0.0000,経路未発見,214
300,0.8611,-49.4139,0.0000,経路未発見,350
301,0.8607,-47.9673,0.0000,経路未発見,124
302,0.8603,-47.8953,0.0000,経路未発見,170
303,0.8598,-47.5019,0.0000,経路未発見,127
304,0.8594,-47.5806,0.0000,経路未発見,78
305,0.8590,-49.2486,0.0000,経路未発見,426
306,0.8585,-48.8806,0.0000,経路未発見,131
307,0.8581,-49.6513,0.0000,経路未発見,223
308,0.8577,-50.2659,0.0000,経路未発見,123
309,0.8572,-47.6539,0.0000,経路未発見,224
310,0.8568,-45.7786,0.0000,経路未発見,103
311,0.8564,-46.5773,0.0000,経路未発見,117
312,0.8560,-47.0826,0.0000,経路未発見,197
313,0.8555,-47.6933,0.0000,経路未発見,277
314,0.8551,-46.8453,0.0000,経路未発見,158
315,0.8547,-47.3426,0.0000,経路未発見,235
316,0.8543,-46.5186,0.0000,経路未発見,90
317,0.8538,-50.8120,0.0000,経路未発見,632
318,0.8534,-49.5493,0.0000,経路未発見,121
319,0.8530,-49.3773,0.0000,経路未発見,140
320,0.8525,-50.4480,0.0000,経路未発見,303
321,0.8521,-49.5586,0.0000,経路未発見,104
322,0.8517,-49.6386,0.0000,経路未発見,91
323,0.8513,-52.6340,0.0000,経路未発見,637
324,0.8508,-54.5100,0.0000,経路未発見,372
325,0.8504,-53.3113,0.0000,経路未発見,210
326,0.8500,-55.0700,0.0000,経路未発見,211
327,0.8496,-54.9406,0.0000,経路未発見,253
328,0.8491,-55.3926,0.0000,経路未発見,111
329,0.8487,-53.7366,0.0000,経路未発見,154
330,0.8483,-52.8273,0.0000,経路未発見,151
331,0.8479,-53.6846,0.0000,経路未発見,199
332,0.8474,-53.9593,0.0000,経路未発見,258
333,0.8470,-53.9633,0.0000,経路未発見,132
334,0.8466,-54.3686,0.0000,経路未発見,88
335,0.8462,-52.9980,0.0000,経路未発見,112
336,0.8458,-52.9753,0.0000,経路未発見,169
337,0.8453,-51.7260,0.0000,経路未発見,117
338,0.8449,-52.0700,0.0000,経路未発見,141
339,0.8445,-53.2566,0.0000,経路未発見,292
340,0.8441,-53.1540,0.0000,経路未発見,93
341,0.8436,-52.3486,0.0000,経路未発見,179
342,0.8432,-56.2500,0.0000,経路未発見,627
343,0.8428,-55.3353,0.0000,経路未発見,233
344,0.8424,-57.1993,0.0000,経路未発見,291
345,0.8420,-55.9433,0.0000,経路未発見,247
346,0.8415,-56.3060,0.0000,経路未発見,118
347,0.8411,-51.9566,0.0000,経路未発見,141
348,0.8407,-51.2033,0.0000,経路未発見,67
349,0.8403,-50.9526,0.0000,経路未発見,85
350,0.8399,-50.8673,0.0000,経路未発見,224
351,0.8394,-52.3713,0.0000,経路未発見,230
352,0.8390,-52.0993,0.0000,経路未発見,222
353,0.8386,-48.8373,0.0000,経路未発見,76
354,0.8382,-47.0040,0.0000,経路未発見,92
355,0.8378,-47.2040,0.0000,経路未発見,132
356,0.8373,-45.5320,0.0000,経路未発見,78
357,0.8369,-44.3213,0.0000,経路未発見,125
358,0.8365,-44.1000,0.0000,経路未発見,176
359,0.8361,-44.2053,0.0000,経路未発見,91
360,0.8357,-43.9026,0.0000,経路未発見,124
361,0.8352,-43.1013,0.0000,経路未発見,163
362,0.8348,-43.1147,0.0000,経路未発見,205
363,0.8344,-43.0800,0.0000,経路未発見,79
364,0.8340,-42.6867,0.0000,経路未発見,104
365,0.8336,-42.3133,0.0000,経路未発見,121
366,0.8332,-41.9320,0.0000,経路未発見,126
367,0.8327,-42.0600,0.0000,経路未発見,167
368,0.8323,-41.5227,0.0000,経路未発見,75
369,0.8319,-40.3133,0.0000,経路未発見,83
370,0.8315,-40.4573,0.0000,経路未発見,144
371,0.8311,-42.0587,0.0000,経路未発見,184
372,0.8307,-37.4933,0.0000,経路未発見,106
373,0.8302,-37.2360,0.0000,経路未発見,61
374,0.8298,-35.0320,0.0000,経路未発見,65
375,0.8294,-35.2880,0.0000,経路未発見,100
376,0.8290,-35.1360,0.0000,経路未発見,130
377,0.8286,-35.2266,0.0000,経路未発見,94
378,0.8282,-35.7906,0.0000,経路未発見,222
379,0.8278,-36.9240,0.0000,経路未発見,156
380,0.8273,-36.1133,0.0000,経路未発見,126
381,0.8269,-35.6560,0.0000,経路未発見,207
382,0.8265,-35.7800,0.0000,経路未発見,96
383,0.8261,-35.4026,0.0000,経路未発見,92
384,0.8257,-35.1813,0.0000,経路未発見,154
385,0.8253,-35.2600,0.0000,経路未発見,147
386,0.8249,-35.5760,0.0000,経路未発見,153
387,0.8245,-35.4907,0.0000,経路未発見,65
388,0.8240,-35.5200,0.0000,経路未発見,100
389,0.8236,-35.4320,0.0000,経路未発見,116
390,0.8232,-35.9986,0.0000,経路未発見,240
391,0.8228,-35.9653,0.0000,経路未発見,147
392,0.8224,-36.0960,0.0000,経路未発見,134
393,0.8220,-35.7587,0.0000,経路未発見,109
394,0.8216,-35.7427,0.0000,経路未発見,115
395,0.8212,-36.3266,0.0000,経路未発見,137
396,0.8208,-35.9440,0.0000,経路未発見,65
397,0.8203,-35.8906,0.0000,経路未発見,233
398,0.8199,-35.7773,0.0000,経路未発見,90
399,0.8195,-36.5026,0.0000,経路未発見,181
400,0.8191,-36.3466,0.0000,経路未発見,120
401,0.8187,-35.0200,0.0000,経路未発見,119
402,0.8183,-36.0026,0.0000,経路未発見,297
403,0.8179,-36.0533,0.0000,経路未発見,76
404,0.8175,-36.0253,0.0000,経路未発見,110
405,0.8171,-35.5853,0.0000,経路未発見,86
406,0.8167,-35.6986,0.0000,経路未発見,145
407,0.8162,-35.1520,0.0000,経路未発見,41
408,0.8158,-34.4973,0.0000,経路未発見,113
409,0.8154,-33.9026,0.0000,経路未発見,160
410,0.8150,-34.0826,0.0000,経路未発見,225
411,0.8146,-33.8973,0.0000,経路未発見,165
412,0.8142,-34.5480,0.0000,経路未発見,181
413,0.8138,-34.3586,0.0000,経路未発見,45
414,0.8134,-33.9386,0.0000,経路未発見,53
415,0.8130,-33.4826,0.0000,経路未発見,63
416,0.8126,-33.9746,0.0000,経路未発見,171
417,0.8122,-34.0920,0.0000,経路未発見,99
418,0.8118,-33.8933,0.0000,経路未発見,150
419,0.8114,-34.5186,0.0000,経路未発見,151
420,0.8110,-34.8866,0.0000,経路未発見,189
421,0.8106,-34.7360,0.0000,経路未発見,81
422,0.8101,-33.7000,0.0000,経路未発見,151
423,0.8097,-33.4453,0.0000,経路未発見,72
424,0.8093,-33.0800,0.0000,経路未発見,91
425,0.8089,-32.4253,0.0000,経路未発見,120
426,0.8085,-34.3906,0.0000,経路未発見,189
427,0.8081,-35.0786,0.0000,経路未発見,297
428,0.8077,-34.8080,0.0000,経路未発見,49
429,0.8073,-34.5640,0.0000,経路未発見,115
430,0.8069,-34.4426,0.0000,経路未発見,69
431,0.8065,-33.8600,0.0000,経路未発見,68
432,0.8061,-32.8560,0.0000,経路未発見,93
433,0.8057,-32.8200,0.0000,経路未発見,92
434,0.8053,-33.7346,0.0000,経路未発見,165
435,0.8049,-34.0826,0.0000,経路未発見,144
436,0.8045,-33.7586,0.0000,経路未発見,94
437,0.8041,-34.3666,0.0000,経路未発見,140
438,0.8037,-34.5826,0.0000,経路未発見,100
439,0.8033,-34.1146,0.0000,経路未発見,87
440,0.8029,-33.5600,0.0000,経路未発見,120
441,0.8025,-32.7146,0.0000,経路未発見,98
442,0.8021,-32.5173,0.0000,経路未発見,236
443,0.8017,-32.7933,0.0000,経路未発見,75
444,0.8013,-33.8466,0.0000,経路未発見,186
445,0.8009,-33.9293,0.0000,経路未発見,145
446,0.8005,-32.9066,0.0000,経路未発見,40
447,0.8001,-33.1800,0.0000,経路未発見,109
448,0.7997,-33.5813,0.0000,経路未発見,142
449,0.7993,-32.8640,0.0000,経路未発見,64
450,0.7989,-31.5213,0.0000,経路未発見,69
451,0.7985,-32.9613,0.0000,経路未発見,291
452,0.7981,-32.6706,0.0000,経路未発見,88
453,0.7977,-32.7826,0.0000,経路未発見,61
454,0.7973,-33.0200,0.0000,経路未発見,76
455,0.7969,-32.7386,0.0000,経路未発見,50
456,0.7965,-33.9613,0.0000,経路未発見,483
457,0.7961,-32.8933,0.0000,経路未発見,137
458,0.7957,-33.6427,0.0000,経路未発見,201
459,0.7953,-33.1920,0.0000,経路未発見,154
460,0.7949,-33.2787,0.0000,経路未発見,98
461,0.7945,-33.1920,0.0000,経路未発見,65
462,0.7941,-33.2720,0.0000,経路未発見,96
463,0.7937,-33.4987,0.0000,経路未発見,91
464,0.7933,-33.9320,0.0000,経路未発見,295
465,0.7929,-33.2187,0.0000,経路未発見,86
466,0.7925,-33.7253,0.0000,経路未発見,127
467,0.7921,-33.3187,0.0000,経路未発見,61
468,0.7917,-33.2920,0.0000,経路未発見,49
469,0.7913,-33.2040,0.0000,経路未発見,75
470,0.7909,-33.2987,0.0000,経路未発見,87
471,0.7905,-33.3387,0.0000,経路未発見,97
472,0.7901,-33.6067,0.0000,経路未発見,309
473,0.7897,-33.9986,0.0000,経路未発見,107
474,0.7894,-32.9747,0.0000,経路未発見,53
475,0.7890,-32.8173,0.0000,経路未発見,99
476,0.7886,-33.1920,0.0000,経路未発見,99
477,0.7882,-32.6653,0.0000,経路未発見,50
478,0.7878,-32.5880,0.0000,経路未発見,155
479,0.7874,-33.1240,0.0000,経路未発見,70
480,0.7870,-33.9040,0.0000,経路未発見,265
481,0.7866,-32.7600,0.0000,経路未発見,118
482,0.7862,-32.8800,0.0000,経路未発見,69
483,0.7858,-33.2493,0.0000,経路未発見,214
484,0.7854,-33.9813,0.0000,経路未発見,189
485,0.7850,-34.6707,0.0000,経路未発見,147
486,0.7846,-31.5786,0.0000,経路未発見,77
487,0.7842,-32.0293,0.0000,経路未発見,208
488,0.7838,-31.6720,0.0000,経路未発見,96
489,0.7835,-31.2266,0.0000,経路未発見,67
490,0.7831,-31.7080,0.0000,経路未発見,84
491,0.7827,-31.9546,0.0000,経路未発見,112
492,0.7823,-32.8746,0.0000,経路未発見,235
493,0.7819,-33.4626,0.0000,経路未発見,170
494,0.7815,-32.1626,0.0000,経路未発見,89
495,0.7811,-32.1853,0.0000,経路未発見,74
496,0.7807,-32.4040,0.0000,経路未発見,220
497,0.7803,-32.1053,0.0000,経路未発見,88
498,0.7799,-32.2280,0.0000,経路未発見,161
499,0.7795,-32.3240,0.0000,経路未発見,97
500,0.7792,-32.0360,0.0000,経路未発見,91
501,0.7788,-32.0546,0.0000,経路未発見,73
502,0.7784,-31.1107,0.0000,経路未発見,91
503,0.7780,-30.4200,0.0000,経路未発見,60
504,0.7776,-30.7067,0.0000,経路未発見,95
505,0.7772,-30.7080,0.0000,経路未発見,68
506,0.7768,-30.3307,0.0000,経路未発見,27
507,0.7764,-30.2693,0.0000,経路未発見,61
508,0.7760,-30.2507,0.0000,経路未発見,111
509,0.7757,-29.8973,0.0000,経路未発見,86
510,0.7753,-29.2387,0.0000,経路未発見,86
511,0.7749,-28.9600,0.0000,経路未発見,89
512,0.7745,-29.8440,0.0000,経路未発見,174
513,0.7741,-29.8120,0.0000,経路未発見,110
514,0.7737,-28.7653,0.0000,経路未発見,49
515,0.7733,-27.9813,0.0000,経路未発見,54
516,0.7729,-28.0680,0.0000,経路未発見,94
517,0.7726,-27.1520,0.0000,経路未発見,44
518,0.7722,-27.1640,0.0000,経路未発見,103
519,0.7718,-27.3773,0.0000,経路未発見,86
520,0.7714,-26.9307,0.0000,経路未発見,124
521,0.7710,-26.7520,0.0000,経路未発見,61
522,0.7706,-26.7160,0.0000,経路未発見,264
523,0.7702,-26.2040,0.0000,経路未発見,108
524,0.7699,-26.4707,0.0000,経路未発見,137
525,0.7695,-26.7733,0.0000,経路未発見,98
526,0.7691,-25.8133,0.0000,経路未発見,62
527,0.7687,-25.7213,0.0000,経路未発見,63
528,0.7683,-25.3733,0.0000,経路未発見,58
529,0.7679,-25.1840,0.0000,経路未発見,46
530,0.7676,-25.3707,0.0000,経路未発見,117
531,0.7672,-25.2947,0.0000,経路未発見,110
532,0.7668,-25.3173,0.0000,経路未発見,91
533,0.7664,-25.8133,0.0000,経路未発見,113
534,0.7660,-25.9453,0.0000,経路未発見,116
535,0.7656,-25.9293,0.0000,経路未発見,60
536,0.7653,-26.0733,0.0000,経路未発見,71
537,0.7649,-26.5587,0.0000,経路未発見,102
538,0.7645,-26.4507,0.0000,経路未発見,97
539,0.7641,-27.1053,0.0000,経路未発見,176
540,0.7637,-26.7640,0.0000,経路未発見,80
541,0.7633,-26.9053,0.0000,経路未発見,176
542,0.7630,-25.8520,0.0000,経路未発見,83
543,0.7626,-25.6893,0.0000,経路未発見,99
544,0.7622,-25.9200,0.0000,経路未発見,64
545,0.7618,-26.1987,0.0000,経路未発見,132
546,0.7614,-26.0667,0.0000,経路未発見,42
547,0.7611,-26.4573,0.0000,経路未発見,81
548,0.7607,-26.4920,0.0000,経路未発見,113
549,0.7603,-27.1160,0.0000,経路未発見,155
550,0.7599,-26.9600,0.0000,経路未発見,126
551,0.7595,-27.1267,0.0000,経路未発見,82
552,0.7592,-26.1467,0.0000,経路未発見,70
553,0.7588,-25.6347,0.0000,経路未発見,44
554,0.7584,-27.2973,0.0000,経路未発見,334
555,0.7580,-26.8533,0.0000,経路未発見,48
556,0.7576,-27.1067,0.0000,経路未発見,103
557,0.7573,-27.6200,0.0000,経路未発見,89
558,0.7569,-27.7133,0.0000,経路未発見,70
559,0.7565,-28.0760,0.0000,経路未発見,162
560,0.7561,-27.9173,0.0000,経路未発見,45
561,0.7557,-28.4440,0.0000,経路未発見,84
562,0.7554,-28.5827,0.0000,経路未発見,119
563,0.7550,-28.5867,0.0000,経路未発見,133
564,0.7546,-28.9227,0.0000,経路未発見,125
565,0.7542,-29.4427,0.0000,経路未発見,96
566,0.7539,-29.6200,0.0000,経路未発見,77
567,0.7535,-29.2693,0.0000,経路未発見,69
568,0.7531,-28.7960,0.0000,経路未発見,52
569,0.7527,-27.8547,0.0000,経路未発見,81
570,0.7524,-29.2227,0.0000,経路未発見,177
571,0.7520,-29.4933,0.0000,経路未発見,76
572,0.7516,-29.6627,0.0000,経路未発見,99
573,0.7512,-30.0640,0.0000,経路未発見,94
574,0.7508,-29.9720,0.0000,経路未発見,80
575,0.7505,-29.8333,0.0000,経路未発見,69
576,0.7501,-30.1413,0.0000,経路未発見,82
577,0.7497,-30.0733,0.0000,経路未発見,96
578,0.7493,-30.0773,0.0000,経路未発見,118
579,0.7490,-29.6613,0.0000,経路未発見,91
580,0.7486,-29.4467,0.0000,経路未発見,55
581,0.7482,-29.3507,0.0000,経路未発見,59
582,0.7479,-29.0920,0.0000,経路未発見,89
583,0.7475,-29.1293,0.0000,経路未発見,53
584,0.7471,-27.0707,0.0000,経路未発見,51
585,0.7467,-27.2387,0.0000,経路未発見,72
586,0.7464,-26.9667,0.0000,経路未発見,67
587,0.7460,-26.5480,0.0000,経路未発見,75
588,0.7456,-26.5187,0.0000,経路未発見,75
589,0.7452,-25.9747,0.0000,経路未発見,47
590,0.7449,-25.9413,0.0000,経路未発見,57
591,0.7445,-25.8947,0.0000,経路未発見,104
592,0.7441,-25.3640,0.0000,経路未発見,48
593,0.7437,-25.1360,0.0000,経路未発見,74
594,0.7434,-24.5427,0.0000,経路未発見,73
595,0.7430,-23.8240,0.0000,経路未発見,65
596,0.7426,-23.5613,0.0000,経路未発見,56
597,0.7423,-23.5827,0.0000,経路未発見,100
598,0.7419,-23.7000,0.0000,経路未発見,79
599,0.7415,-23.7427,0.0000,経路未発見,68
600,0.7411,-22.1973,0.0000,経路未発見,37
601,0.7408,-21.4213,0.0000,経路未発見,49
602,0.7404,-21.5453,0.0000,経路未発見,136
603,0.7400,-21.8333,0.0000,経路未発見,185
604,0.7397,-22.0147,0.0000,経路未発見,76
605,0.7393,-22.0867,0.0000,経路未発見,70
606,0.7389,-21.9147,0.0000,経路未発見,107
607,0.7386,-21.7520,0.0000,経路未発見,92
608,0.7382,-21.7360,0.0000,経路未発見,84
609,0.7378,-21.4667,0.0000,経路未発見,86
610,0.7375,-21.5093,0.0000,経路未発見,75
611,0.7371,-21.3813,0.0000,経路未発見,62
612,0.7367,-21.5147,0.0000,経路未発見,75
613,0.7363,-21.8000,0.0000,経路未発見,96
614,0.7360,-21.8653,0.0000,経路未発見,72
615,0.7356,-21.6773,0.0000,経路未発見,62
616,0.7352,-21.7667,0.0000,経路未発見,124
617,0.7349,-21.5773,0.0000,経路未発見,66
618,0.7345,-21.7747,0.0000,経路未発見,113
619,0.7341,-22.0667,0.0000,経路未発見,116
620,0.7338,-22.0227,0.0000,経路未発見,67
621,0.7334,-21.7360,0.0000,経路未発見,119
622,0.7330,-21.8560,0.0000,経路未発見,96
623,0.7327,-21.9427,0.0000,経路未発見,111
624,0.7323,-21.9453,0.0000,経路未発見,79
625,0.7319,-22.3173,0.0000,経路未発見,110
626,0.7316,-23.4493,0.0000,経路未発見,220
627,0.7312,-23.3067,0.0000,経路未発見,44
628,0.7308,-23.3880,0.0000,経路未発見,115
629,0.7305,-23.2040,0.0000,経路未発見,63
630,0.7301,-23.6680,0.0000,経路未発見,93
631,0.7297,-23.9933,0.0000,経路未発見,85
632,0.7294,-23.7093,0.0000,経路未発見,55
633,0.7290,-22.9720,0.0000,経路未発見,66
634,0.7287,-22.5573,0.0000,経路未発見,52
635,0.7283,-22.4160,0.0000,経路未発見,82
636,0.7279,-22.4600,0.0000,経路未発見,70
637,0.7276,-22.6067,0.0000,経路未発見,104
638,0.7272,-22.5587,0.0000,経路未発見,116
639,0.7268,-22.5600,0.0000,経路未発見,77
640,0.7265,-22.7120,0.0000,経路未発見,60
641,0.7261,-23.2907,0.0000,経路未発見,101
642,0.7257,-23.3373,0.0000,経路未発見,81
643,0.7254,-22.9520,0.0000,経路未発見,36
644,0.7250,-22.9240,0.0000,経路未発見,83
645,0.7247,-22.8133,0.0000,経路未発見,87
646,0.7243,-23.3187,0.0000,経路未発見,95
647,0.7239,-23.6187,0.0000,経路未発見,96
648,0.7236,-23.6253,0.0000,経路未発見,78
649,0.7232,-23.4427,0.0000,経路未発見,61
650,0.7228,-23.5840,0.0000,経路未発見,52
651,0.7225,-23.4427,0.0000,経路未発見,55
652,0.7221,-23.3027,0.0000,経路未発見,54
653,0.7218,-23.0960,0.0000,経路未発見,57
654,0.7214,-23.1520,0.0000,経路未発見,98
655,0.7210,-23.4733,0.0000,経路未発見,125
656,0.7207,-22.5920,0.0000,経路未発見,74
657,0.7203,-22.9600,0.0000,経路未発見,96
658,0.7200,-22.6147,0.0000,経路未発見,29
659,0.7196,-23.0960,0.0000,経路未発見,102
660,0.7192,-23.1853,0.0000,経路未発見,93
661,0.7189,-23.2067,0.0000,経路未発見,142
662,0.7185,-23.3813,0.0000,経路未発見,62
663,0.7182,-23.7880,0.0000,経路未発見,147
664,0.7178,-23.9213,0.0000,経路未発見,83
665,0.7174,-23.7347,0.0000,経路未発見,45
666,0.7171,-23.7520,0.0000,経路未発見,73
667,0.7167,-24.6187,0.0000,経路未発見,188
668,0.7164,-24.4467,0.0000,経路未発見,57
669,0.7160,-24.2533,0.0000,経路未発見,33
670,0.7157,-24.0680,0.0000,経路未発見,49
671,0.7153,-23.4480,0.0000,経路未発見,56
672,0.7149,-23.2693,0.0000,経路未発見,73
673,0.7146,-23.3760,0.0000,経路未発見,52
674,0.7142,-23.4653,0.0000,経路未発見,68
675,0.7139,-23.7027,0.0000,経路未発見,75
676,0.7135,-23.2867,0.0000,経路未発見,136
677,0.7132,-23.0160,0.0000,経路未発見,50
678,0.7128,-23.0853,0.0000,経路未発見,89
679,0.7124,-23.0840,0.0000,経路未発見,51
680,0.7121,-22.8293,0.0000,経路未発見,45
681,0.7117,-23.7093,0.0000,経路未発見,218
682,0.7114,-23.7293,0.0000,経路未発見,36
683,0.7110,-23.8227,0.0000,経路未発見,85
684,0.7107,-24.1733,0.0000,経路未発見,128
685,0.7103,-23.5747,0.0000,経路未発見,99
686,0.7099,-23.6333,0.0000,経路未発見,109
687,0.7096,-23.2480,0.0000,経路未発見,48
688,0.7092,-23.3200,0.0000,経路未発見,49
689,0.7089,-23.0160,0.0000,経路未発見,65
690,0.7085,-22.6053,0.0000,経路未発見,58
691,0.7082,-22.3813,0.0000,経路未発見,39
692,0.7078,-22.1920,0.0000,経路未発見,72
693,0.7075,-21.6360,0.0000,経路未発見,57
694,0.7071,-21.5560,0.0000,経路未発見,62
695,0.7068,-21.7933,0.0000,経路未発見,93
696,0.7064,-21.7573,0.0000,経路未発見,74
697,0.7061,-20.6000,0.0000,経路未発見,45
698,0.7057,-21.6933,0.0000,経路未発見,258
699,0.7053,-21.6387,0.0000,経路未発見,47
700,0.7050,-21.5533,0.0000,経路未発見,30
701,0.7046,-21.9680,0.0000,経路未発見,68
702,0.7043,-22.2213,0.0000,経路未発見,103
703,0.7039,-22.5427,0.0000,経路未発見,136
704,0.7036,-24.6200,0.0000,経路未発見,273
705,0.7032,-24.5520,0.0000,経路未発見,41
706,0.7029,-24.2653,0.0000,経路未発見,75
707,0.7025,-24.5653,0.0000,経路未発見,53
708,0.7022,-24.5573,0.0000,経路未発見,94
709,0.7018,-24.8213,0.0000,経路未発見,89
710,0.7015,-24.9880,0.0000,経路未発見,73
711,0.7011,-24.0307,0.0000,経路未発見,54
712,0.7008,-24.0480,0.0000,経路未発見,55
713,0.7004,-24.0427,0.0000,経路未発見,73
714,0.7001,-23.6453,0.0000,経路未発見,103
715,0.6997,-23.6160,0.0000,経路未発見,55
716,0.6994,-23.8773,0.0000,経路未発見,197
717,0.6990,-24.9307,0.0000,経路未発見,231
718,0.6987,-25.0040,0.0000,経路未発見,57
719,0.6983,-24.9240,0.0000,経路未発見,66
720,0.6980,-24.9293,0.0000,経路未発見,62
721,0.6976,-24.8960,0.0000,経路未発見,73
722,0.6973,-25.0307,0.0000,経路未発見,60
723,0.6969,-25.1173,0.0000,経路未発見,67
724,0.6966,-25.2347,0.0000,経路未発見,73
725,0.6962,-25.3707,0.0000,経路未発見,104
726,0.6959,-25.3773,0.0000,経路未発見,85
727,0.6955,-25.2920,0.0000,経路未発見,49
728,0.6952,-24.1560,0.0000,経路未発見,94
729,0.6948,-24.5760,0.0000,経路未発見,117
730,0.6945,-24.9573,0.0000,経路未発見,138
731,0.6942,-24.5933,0.0000,経路未発見,67
732,0.6938,-24.2467,0.0000,経路未発見,64
733,0.6935,-23.9053,0.0000,経路未発見,62
734,0.6931,-21.9053,0.0000,経路未発見,69
735,0.6928,-22.4827,0.0000,経路未発見,123
736,0.6924,-22.4587,0.0000,経路未発見,72
737,0.6921,-22.0987,0.0000,経路未発見,22
738,0.6917,-21.9027,0.0000,経路未発見,66
739,0.6914,-21.5080,0.0000,経路未発見,43
740,0.6910,-21.4640,0.0000,経路未発見,46
741,0.6907,-21.4000,0.0000,経路未発見,60
742,0.6903,-21.4800,0.0000,経路未発見,43
743,0.6900,-21.7667,0.0000,経路未発見,111
744,0.6897,-21.7587,0.0000,経路未発見,131
745,0.6893,-21.5333,0.0000,経路未発見,62
746,0.6890,-21.1053,0.0000,経路未発見,85
747,0.6886,-19.9293,0.0000,経路未発見,48
748,0.6883,-19.8933,0.0000,経路未発見,55
749,0.6879,-19.8240,0.0000,経路未発見,55
750,0.6876,-20.0973,0.0000,経路未発見,72
751,0.6872,-20.2453,0.0000,経路未発見,109
752,0.6869,-20.1653,0.0000,経路未発見,77
753,0.6866,-22.6093,0.0000,経路未発見,455
754,0.6862,-22.7640,0.0000,経路未発見,102
755,0.6859,-22.4587,0.0000,経路未発見,41
756,0.6855,-22.7160,0.0000,経路未発見,106
757,0.6852,-22.9387,0.0000,経路未発見,85
758,0.6848,-22.9960,0.0000,経路未発見,90
759,0.6845,-22.9307,0.0000,経路未発見,74
760,0.6842,-22.8053,0.0000,経路未発見,85
761,0.6838,-22.8160,0.0000,経路未発見,75
762,0.6835,-22.9173,0.0000,経路未発見,79
763,0.6831,-22.9800,0.0000,経路未発見,54
764,0.6828,-22.5720,0.0000,経路未発見,37
765,0.6824,-22.2173,0.0000,経路未発見,145
766,0.6821,-22.2613,0.0000,経路未発見,39
767,0.6818,-22.5480,0.0000,経路未発見,68
768,0.6814,-22.2707,0.0000,経路未発見,82
769,0.6811,-22.4760,0.0000,経路未発見,64
770,0.6807,-22.4893,0.0000,経路未発見,64
771,0.6804,-22.7333,0.0000,経路未発見,92
772,0.6801,-22.7653,0.0000,経路未発見,67
773,0.6797,-22.5120,0.0000,経路未発見,65
774,0.6794,-22.3320,0.0000,経路未発見,48
775,0.6790,-22.4053,0.0000,経路未発見,62
776,0.6787,-22.2520,0.0000,経路未発見,56
777,0.6784,-22.3493,0.0000,経路未発見,50
778,0.6780,-22.4413,0.0000,経路未発見,42
779,0.6777,-22.5307,0.0000,経路未発見,60
780,0.6773,-22.2293,0.0000,経路未発見,43
781,0.6770,-22.4853,0.0000,経路未発見,85
782,0.6767,-22.4453,0.0000,経路未発見,69
783,0.6763,-19.8973,0.0000,経路未発見,50
784,0.6760,-19.6987,0.0000,経路未発見,50
785,0.6757,-19.6400,0.0000,経路未発見,42
786,0.6753,-19.1947,0.0000,経路未発見,45
787,0.6750,-19.3827,0.0000,経路未発見,99
788,0.6746,-19.4707,0.0000,経路未発見,91
789,0.6743,-19.3013,0.0000,経路未発見,59
790,0.6740,-19.0920,0.0000,経路未発見,48
791,0.6736,-19.1173,0.0000,経路未発見,81
792,0.6733,-19.1840,0.0000,経路未発見,57
793,0.6730,-19.2733,0.0000,経路未発見,85
794,0.6726,-20.0413,0.0000,経路未発見,88
795,0.6723,-19.8000,0.0000,経路未発見,69
796,0.6720,-20.2480,0.0000,経路未発見,113
797,0.6716,-20.0133,0.0000,経路未発見,48
798,0.6713,-20.2360,0.0000,経路未発見,50
799,0.6709,-20.2853,0.0000,経路未発見,69
800,0.6706,-20.2067,0.0000,経路未発見,56
801,0.6703,-19.7960,0.0000,経路未発見,39
802,0.6699,-19.8827,0.0000,経路未発見,73
803,0.6696,-19.6107,0.0000,経路未発見,33
804,0.6693,-20.0333,0.0000,経路未発見,97
805,0.6689,-19.9653,0.0000,経路未発見,51
806,0.6686,-20.0853,0.0000,経路未発見,66
807,0.6683,-20.1467,0.0000,経路未発見,62
808,0.6679,-20.1827,0.0000,経路未発見,66
809,0.6676,-20.1680,0.0000,経路未発見,73
810,0.6673,-20.3173,0.0000,経路未発見,49
811,0.6669,-19.9493,0.0000,経路未発見,41
812,0.6666,-19.9573,0.0000,経路未発見,64
813,0.6663,-19.9533,0.0000,経路未発見,60
814,0.6659,-19.9773,0.0000,経路未発見,60
815,0.6656,-19.9640,0.0000,経路未発見,36
816,0.6653,-19.9920,0.0000,経路未発見,60
817,0.6649,-19.8520,0.0000,経路未発見,76
818,0.6646,-19.5160,0.0000,経路未発見,48
819,0.6643,-19.3387,0.0000,経路未発見,45
820,0.6639,-19.3707,0.0000,経路未発見,38
821,0.6636,-19.4933,0.0000,経路未発見,105
822,0.6633,-19.3720,0.0000,経路未発見,85
823,0.6629,-19.0880,0.0000,経路未発見,45
824,0.6626,-18.5840,0.0000,経路未発見,71
825,0.6623,-18.5893,0.0000,経路未発見,54
826,0.6619,-18.0467,0.0000,経路未発見,42
827,0.6616,-18.3053,0.0000,経路未発見,79
828,0.6613,-18.1747,0.0000,経路未発見,47
829,0.6610,-18.1480,0.0000,経路未発見,64
830,0.6606,-18.2453,0.0000,経路未発見,93
831,0.6603,-18.3333,0.0000,経路未発見,56
832,0.6600,-18.1440,0.0000,経路未発見,37
833,0.6596,-18.2360,0.0000,経路未発見,54
834,0.6593,-18.0880,0.0000,経路未発見,40
835,0.6590,-18.4307,0.0000,経路未発見,120
836,0.6586,-18.3627,0.0000,経路未発見,31
837,0.6583,-18.5093,0.0000,経路未発見,89
838,0.6580,-18.7880,0.0000,経路未発見,67
839,0.6577,-18.6467,0.0000,経路未発見,47
840,0.6573,-18.5640,0.0000,経路未発見,70
841,0.6570,-18.5267,0.0000,経路未発見,70
842,0.6567,-18.4547,0.0000,経路未発見,67
843,0.6563,-18.5547,0.0000,経路未発見,46
844,0.6560,-18.3973,0.0000,経路未発見,37
845,0.6557,-18.7573,0.0000,経路未発見,74
846,0.6554,-18.7333,0.0000,経路未発見,38
847,0.6550,-18.4933,0.0000,経路未発見,40
848,0.6547,-18.5493,0.0000,経路未発見,52
849,0.6544,-18.7027,0.0000,経路未発見,68
850,0.6540,-18.9400,0.0000,経路未発見,48
851,0.6537,-18.7867,0.0000,経路未発見,56
852,0.6534,-18.7373,0.0000,経路未発見,66
853,0.6531,-19.0053,0.0000,経路未発見,99
854,0.6527,-18.9840,0.0000,経路未発見,63
855,0.6524,-18.8880,0.0000,経路未発見,50
856,0.6521,-19.0773,0.0000,経路未発見,47
857,0.6518,-19.0867,0.0000,経路未発見,72
858,0.6514,-19.1747,0.0000,経路未発見,48
859,0.6511,-18.9427,0.0000,経路未発見,50
860,0.6508,-18.7160,0.0000,経路未発見,56
861,0.6505,-18.9160,0.0000,経路未発見,99
862,0.6501,-18.8480,0.0000,経路未発見,57
863,0.6498,-18.7000,0.0000,経路未発見,25
864,0.6495,-18.3880,0.0000,経路未発見,50
865,0.6492,-18.3907,0.0000,経路未発見,54
866,0.6488,-18.2360,0.0000,経路未発見,49
867,0.6485,-18.2293,0.0000,経路未発見,74
868,0.6482,-17.8813,0.0000,経路未発見,56
869,0.6479,-18.1907,0.0000,経路未発見,85
870,0.6475,-18.1053,0.0000,経路未発見,33
871,0.6472,-18.1293,0.0000,経路未発見,46
872,0.6469,-18.0813,0.0000,経路未発見,54
873,0.6466,-19.2707,0.0000,経路未発見,290
874,0.6462,-20.0867,0.0000,経路未発見,161
875,0.6459,-19.7360,0.0000,経路未発見,87
876,0.6456,-19.7040,0.0000,経路未発見,49
877,0.6453,-19.7000,0.0000,経路未発見,43
878,0.6450,-19.7440,0.0000,経路未発見,56
879,0.6446,-19.8493,0.0000,経路未発見,53
880,0.6443,-19.7093,0.0000,経路未発見,94
881,0.6440,-19.6467,0.0000,経路未発見,76
882,0.6437,-19.6800,0.0000,経路未発見,55
883,0.6433,-19.6387,0.0000,経路未発見,100
884,0.6430,-19.7507,0.0000,経路未発見,63
885,0.6427,-19.7547,0.0000,経路未発見,44
886,0.6424,-19.7960,0.0000,経路未発見,50
887,0.6421,-19.7213,0.0000,経路未発見,58
888,0.6417,-19.8240,0.0000,経路未発見,70
889,0.6414,-20.1613,0.0000,経路未発見,122
890,0.6411,-20.3893,0.0000,経路未発見,50
891,0.6408,-20.2373,0.0000,経路未発見,46
892,0.6405,-20.3120,0.0000,経路未発見,71
893,0.6401,-20.6147,0.0000,経路未発見,41
894,0.6398,-20.6547,0.0000,経路未発見,42
895,0.6395,-20.4200,0.0000,経路未発見,41
896,0.6392,-20.7467,0.0000,経路未発見,106
897,0.6389,-20.5160,0.0000,経路未発見,47
898,0.6385,-20.4587,0.0000,経路未発見,57
899,0.6382,-20.3333,0.0000,経路未発見,86
900,0.6379,-20.3693,0.0000,経路未発見,43
901,0.6376,-20.2307,0.0000,経路未発見,52
902,0.6373,-20.3240,0.0000,経路未発見,36
903,0.6369,-18.9947,0.0000,経路未発見,49
904,0.6366,-18.2520,0.0000,経路未発見,33
905,0.6363,-18.3373,0.0000,経路未発見,48
906,0.6360,-18.2920,0.0000,経路未発見,41
907,0.6357,-18.3240,0.0000,経路未発見,59
908,0.6353,-18.4507,0.0000,経路未発見,78
909,0.6350,-18.4253,0.0000,経路未発見,55
910,0.6347,-18.4467,0.0000,経路未発見,61
911,0.6344,-18.4920,0.0000,経路未発見,53
912,0.6341,-18.4627,0.0000,経路未発見,44
913,0.6338,-18.5027,0.0000,経路未発見,73
914,0.6334,-18.3147,0.0000,経路未発見,54
915,0.6331,-18.4053,0.0000,経路未発見,107
916,0.6328,-18.4107,0.0000,経路未発見,58
917,0.6325,-18.0627,0.0000,経路未発見,23
918,0.6322,-17.7720,0.0000,経路未発見,35
919,0.6319,-17.5307,0.0000,経路未発見,45
920,0.6315,-17.3747,0.0000,経路未発見,42
921,0.6312,-17.4027,0.0000,経路未発見,73
922,0.6309,-17.4027,0.0000,経路未発見,52
923,0.6306,-17.2240,0.0000,経路未発見,32
924,0.6303,-17.2467,0.0000,経路未発見,41
925,0.6300,-17.3867,0.0000,経路未発見,37
926,0.6297,-17.2253,0.0000,経路未発見,67
927,0.6293,-17.1373,0.0000,経路未発見,38
928,0.6290,-17.0280,0.0000,経路未発見,44
929,0.6287,-18.4013,0.0000,経路未発見,221
930,0.6284,-18.3547,0.0000,経路未発見,36
931,0.6281,-18.6413,0.0000,経路未発見,57
932,0.6278,-18.6640,0.0000,経路未発見,63
933,0.6275,-18.7173,0.0000,経路未発見,59
934,0.6271,-18.7907,0.0000,経路未発見,72
935,0.6268,-18.8213,0.0000,経路未発見,46
936,0.6265,-18.9160,0.0000,経路未発見,57
937,0.6262,-18.9640,0.0000,経路未発見,61
938,0.6259,-18.8733,0.0000,経路未発見,70
939,0.6256,-18.7120,0.0000,経路未発見,54
940,0.6253,-18.5253,0.0000,経路未発見,68
941,0.6249,-18.4893,0.0000,経路未発見,46
942,0.6246,-18.9320,0.0000,経路未発見,55
943,0.6243,-18.7880,0.0000,経路未発見,79
944,0.6240,-18.8187,0.0000,経路未発見,48
945,0.6237,-18.6320,0.0000,経路未発見,29
946,0.6234,-18.6147,0.0000,経路未発見,54
947,0.6231,-18.8640,0.0000,経路未発見,41
948,0.6228,-19.2280,0.0000,経路未発見,70
949,0.6225,-19.0720,0.0000,経路未発見,33
950,0.6221,-19.5093,0.0000,経路未発見,73
951,0.6218,-19.3920,0.0000,経路未発見,49
952,0.6215,-19.4333,0.0000,経路未発見,58
953,0.6212,-19.5040,0.0000,経路未発見,61
954,0.6209,-19.4040,0.0000,経路未発見,49
955,0.6206,-19.1547,0.0000,経路未発見,43
956,0.6203,-19.0707,0.0000,経路未発見,66
957,0.6200,-19.1293,0.0000,経路未発見,48
958,0.6197,-19.1080,0.0000,経路未発見,31
959,0.6193,-17.8867,0.0000,経路未発見,63
960,0.6190,-17.9507,0.0000,経路未発見,46
961,0.6187,-17.7587,0.0000,経路未発見,49
962,0.6184,-17.9493,0.0333,経路未発見,201
963,0.6181,-18.2173,0.0333,経路未発見,68
964,0.6178,-18.1973,0.0333,経路未発見,43
965,0.6175,-17.9707,0.0333,経路未発見,32
966,0.6172,-18.7493,0.0333,経路未発見,155
967,0.6169,-18.6160,0.0333,経路未発見,45
968,0.6166,-18.7333,0.0333,経路未発見,95
969,0.6163,-18.8240,0.0333,経路未発見,46
970,0.6160,-18.9267,0.0333,経路未発見,50
971,0.6156,-18.9867,0.0333,経路未発見,59
972,0.6153,-18.6053,0.0333,経路未発見,52
973,0.6150,-18.5907,0.0333,経路未発見,55
974,0.6147,-18.5787,0.0333,経路未発見,71
975,0.6144,-18.6227,0.0333,経路未発見,33
976,0.6141,-18.4173,0.0333,経路未発見,29
977,0.6138,-18.4400,0.0333,経路未発見,52
978,0.6135,-18.6787,0.0333,経路未発見,115
979,0.6132,-18.7573,0.0333,経路未発見,52
980,0.6129,-18.4640,0.0333,経路未発見,66
981,0.6126,-18.3853,0.0333,経路未発見,30
982,0.6123,-18.4453,0.0333,経路未発見,82
983,0.6120,-18.5427,0.0333,経路未発見,90
984,0.6117,-18.6600,0.0333,経路未発見,53
985,0.6113,-18.7573,0.0333,経路未発見,64
986,0.6110,-18.5880,0.0333,経路未発見,29
987,0.6107,-18.7200,0.0333,経路未発見,35
988,0.6104,-18.8613,0.0333,経路未発見,65
989,0.6101,-18.7307,0.0333,経路未発見,72
990,0.6098,-18.9120,0.0333,経路未発見,65
991,0.6095,-18.8947,0.0333,経路未発見,38
992,0.6092,-18.6387,0.0000,経路未発見,39
993,0.6089,-18.2280,0.0000,経路未発見,56
994,0.6086,-18.1573,0.0000,経路未発見,60
995,0.6083,-18.3013,0.0000,経路未発見,45
996,0.6080,-17.4693,0.0000,経路未発見,89
997,0.6077,-17.4360,0.0000,経路未発見,37
998,0.6074,-17.3760,0.0000,経路未発見,78
999,0.6071,-17.3573,0.0000,経路未発見,63
1000,0.6068,-17.5240,0.0000,経路未発見,123
1001,0.6065,-17.4227,0.0000,経路未発見,55
1002,0.6062,-17.3120,0.0000,経路未発見,51
1003,0.6059,-17.3520,0.0000,経路未発見,63
1004,0.6056,-17.2413,0.0000,経路未発見,36
1005,0.6053,-17.2160,0.0000,経路未発見,62
1006,0.6050,-17.1867,0.0000,経路未発見,34
1007,0.6047,-17.1733,0.0000,経路未発見,50
1008,0.6044,-16.6507,0.0000,経路未発見,49
1009,0.6041,-16.6587,0.0000,経路未発見,47
1010,0.6038,-16.5267,0.0000,経路未発見,37
1011,0.6035,-16.5213,0.0000,経路未発見,41
1012,0.6031,-16.3080,0.0000,経路未発見,44
1013,0.6028,-16.1027,0.0000,経路未発見,50
1014,0.6025,-16.1373,0.0000,経路未発見,45
1015,0.6022,-16.1533,0.0000,経路未発見,46
1016,0.6019,-16.2867,0.0000,経路未発見,33
1017,0.6016,-16.1907,0.0000,経路未発見,39
1018,0.6013,-16.1520,0.0000,経路未発見,42
1019,0.6010,-15.9293,0.0000,経路未発見,40
1020,0.6007,-15.7640,0.0000,経路未発見,47
1021,0.6004,-15.6453,0.0000,経路未発見,31
1022,0.6001,-15.6147,0.0000,経路未発見,41
1023,0.5998,-15.8480,0.0000,経路未発見,54
1024,0.5995,-15.8213,0.0000,経路未発見,59
1025,0.5992,-15.9000,0.0000,経路未発見,64
1026,0.5989,-15.7213,0.0000,経路未発見,43
1027,0.5986,-15.9480,0.0000,経路未発見,62
1028,0.5983,-15.8000,0.0000,経路未発見,40
1029,0.5980,-15.8040,0.0000,経路未発見,59
1030,0.5977,-15.6720,0.0000,経路未発見,52
1031,0.5974,-15.5093,0.0000,経路未発見,32
1032,0.5971,-15.3387,0.0000,経路未発見,33
1033,0.5968,-15.3067,0.0000,経路未発見,46
1034,0.5966,-15.3733,0.0000,経路未発見,55
1035,0.5963,-15.4640,0.0000,経路未発見,69
1036,0.5960,-15.4573,0.0000,経路未発見,27
1037,0.5957,-15.5507,0.0000,経路未発見,55
1038,0.5954,-15.6267,0.0000,経路未発見,56
1039,0.5951,-15.6973,0.0000,経路未発見,60
1040,0.5948,-15.6187,0.0000,経路未発見,33
1041,0.5945,-15.6720,0.0000,経路未発見,36
1042,0.5942,-15.8040,0.0000,経路未発見,92
1043,0.5939,-15.9467,0.0000,経路未発見,83
1044,0.5936,-15.7947,0.0000,経路未発見,45
1045,0.5933,-15.7480,0.0000,経路未発見,58
1046,0.5930,-15.7120,0.0000,経路未発見,39
1047,0.5927,-15.6627,0.0000,経路未発見,42
1048,0.5924,-15.6733,0.0000,経路未発見,46
1049,0.5921,-15.7920,0.0000,経路未発見,43
1050,0.5918,-15.6387,0.0000,経路未発見,33
1051,0.5915,-15.6400,0.0000,経路未発見,34
1052,0.5912,-15.6520,0.0000,経路未発見,71
1053,0.5909,-15.5360,0.0000,経路未発見,64
1054,0.5906,-15.6560,0.0000,経路未発見,43
1055,0.5903,-15.7200,0.0000,経路未発見,75
1056,0.5900,-15.8013,0.0000,経路未発見,68
1057,0.5897,-16.1147,0.0000,経路未発見,86
1058,0.5894,-16.6000,0.0000,経路未発見,127
1059,0.5891,-16.6227,0.0000,経路未発見,45
1060,0.5888,-16.4667,0.0000,経路未発見,47
1061,0.5885,-16.5467,0.0000,経路未発見,66
1062,0.5883,-16.5987,0.0000,経路未発見,43
1063,0.5880,-16.5893,0.0000,経路未発見,67
1064,0.5877,-16.5613,0.0000,経路未発見,32
1065,0.5874,-16.5280,0.0000,経路未発見,46
1066,0.5871,-16.7760,0.0000,経路未発見,57
1067,0.5868,-16.8093,0.0000,経路未発見,117
1068,0.5865,-16.6840,0.0000,経路未発見,48
1069,0.5862,-16.6813,0.0000,経路未発見,47
1070,0.5859,-16.6227,0.0000,経路未発見,31
1071,0.5856,-16.4707,0.0000,経路未発見,32
1072,0.5853,-16.4240,0.0000,経路未発見,51
1073,0.5850,-16.4200,0.0000,経路未発見,44
1074,0.5847,-16.5787,0.0000,経路未発見,63
1075,0.5844,-16.4467,0.0000,経路未発見,26
1076,0.5842,-16.4760,0.0000,経路未発見,42
1077,0.5839,-16.5360,0.0000,経路未発見,43
1078,0.5836,-16.4733,0.0000,経路未発見,54
1079,0.5833,-16.3293,0.0000,経路未発見,34
1080,0.5830,-16.5827,0.0000,経路未発見,59
1081,0.5827,-16.7400,0.0000,経路未発見,54
1082,0.5824,-16.8373,0.0000,経路未発見,58
1083,0.5821,-16.8053,0.0000,経路未発見,52
1084,0.5818,-16.6227,0.0000,経路未発見,52
1085,0.5815,-16.5560,0.0000,経路未発見,54
1086,0.5812,-16.4933,0.0000,経路未発見,41
1087,0.5809,-16.0827,0.0000,経路未発見,63
1088,0.5807,-15.5813,0.0000,経路未発見,62
1089,0.5804,-15.6320,0.0000,経路未発見,32
1090,0.5801,-15.7080,0.0000,経路未発見,49
1091,0.5798,-15.7507,0.0000,経路未発見,44
1092,0.5795,-15.7933,0.0000,経路未発見,53
1093,0.5792,-15.7160,0.0000,経路未発見,51
1094,0.5789,-15.7720,0.0000,経路未発見,55
1095,0.5786,-15.6347,0.0000,経路未発見,36
1096,0.5783,-15.4413,0.0000,経路未発見,62
1097,0.5780,-15.3267,0.0000,経路未発見,68
1098,0.5778,-15.3147,0.0000,経路未発見,37
1099,0.5775,-15.2800,0.0000,経路未発見,43
1100,0.5772,-15.2813,0.0000,経路未発見,34
1101,0.5769,-15.3960,0.0000,経路未発見,38
1102,0.5766,-15.4013,0.0000,経路未発見,51
1103,0.5763,-15.4693,0.0000,経路未発見,70
1104,0.5760,-15.3013,0.0000,経路未発見,40
1105,0.5757,-15.4653,0.0000,経路未発見,59
1106,0.5755,-15.3867,0.0000,経路未発見,53
1107,0.5752,-15.4653,0.0000,経路未発見,59
1108,0.5749,-15.6187,0.0000,経路未発見,72
1109,0.5746,-15.6040,0.0000,経路未発見,40
1110,0.5743,-15.5733,0.0000,経路未発見,42
1111,0.5740,-15.4840,0.0000,経路未発見,52
1112,0.5737,-15.3213,0.0000,経路未発見,42
1113,0.5734,-15.1947,0.0000,経路未発見,31
1114,0.5732,-15.3120,0.0000,経路未発見,57
1115,0.5729,-15.3413,0.0000,経路未発見,58
1116,0.5726,-15.4733,0.0000,経路未発見,62
1117,0.5723,-15.4880,0.0000,経路未発見,57
1118,0.5720,-15.3733,0.0000,経路未発見,41
1119,0.5717,-15.2053,0.0000,経路未発見,55
1120,0.5714,-15.2480,0.0000,経路未発見,77
1121,0.5712,-15.1867,0.0000,経路未発見,52
1122,0.5709,-15.1733,0.0000,経路未発見,46
1123,0.5706,-15.0707,0.0000,経路未発見,33
1124,0.5703,-15.1267,0.0000,経路未発見,67
1125,0.5700,-15.3893,0.0000,経路未発見,60
1126,0.5697,-15.5173,0.0000,経路未発見,59
1127,0.5694,-15.4613,0.0000,経路未発見,49
1128,0.5692,-15.5413,0.0000,経路未発見,59
1129,0.5689,-15.4520,0.0000,経路未発見,39
1130,0.5686,-15.6053,0.0000,経路未発見,48
1131,0.5683,-15.8133,0.0000,経路未発見,42
1132,0.5680,-15.8467,0.0000,経路未発見,32
1133,0.5677,-15.6360,0.0000,経路未発見,30
1134,0.5675,-15.8093,0.0000,経路未発見,48
1135,0.5672,-15.7413,0.0000,経路未発見,41
1136,0.5669,-15.8333,0.0000,経路未発見,56
1137,0.5666,-15.6600,0.0000,経路未発見,42
1138,0.5663,-15.4173,0.0000,経路未発見,39
1139,0.5660,-15.4307,0.0000,経路未発見,35
1140,0.5658,-15.3867,0.0000,経路未発見,68
1141,0.5655,-15.3880,0.0000,経路未発見,55
1142,0.5652,-15.5347,0.0000,経路未発見,61
1143,0.5649,-15.4373,0.0000,経路未発見,28
1144,0.5646,-15.4200,0.0000,経路未発見,53
1145,0.5643,-15.2547,0.0000,経路未発見,48
1146,0.5641,-15.1987,0.0000,経路未発見,73
1147,0.5638,-15.1493,0.0000,経路未発見,37
1148,0.5635,-15.2827,0.0000,経路未発見,53
1149,0.5632,-15.3293,0.0000,経路未発見,62
1150,0.5629,-15.1600,0.0000,経路未発見,43
1151,0.5626,-15.1973,0.0000,経路未発見,49
1152,0.5624,-15.4040,0.0000,経路未発見,35
1153,0.5621,-15.5533,0.0000,経路未発見,46
1154,0.5618,-15.3773,0.0000,経路未発見,34
1155,0.5615,-15.1840,0.0000,経路未発見,39
1156,0.5612,-15.0400,0.0000,経路未発見,39
1157,0.5610,-15.0373,0.0000,経路未発見,39
1158,0.5607,-14.9000,0.0000,経路未発見,34
1159,0.5604,-14.9720,0.0000,経路未発見,36
1160,0.5601,-14.7733,0.0000,経路未発見,27
1161,0.5598,-14.5587,0.0000,経路未発見,43
1162,0.5596,-14.5000,0.0000,経路未発見,61
1163,0.5593,-14.5280,0.0000,経路未発見,34
1164,0.5590,-14.3627,0.0000,経路未発見,42
1165,0.5587,-14.3507,0.0000,経路未発見,56
1166,0.5584,-14.4880,0.0000,経路未発見,47
1167,0.5582,-14.5933,0.0000,経路未発見,51
1168,0.5579,-14.6893,0.0000,経路未発見,53
1169,0.5576,-14.7840,0.0000,経路未発見,43
1170,0.5573,-14.7453,0.0000,経路未発見,52
1171,0.5570,-14.6627,0.0000,経路未発見,39
1172,0.5568,-14.6360,0.0000,経路未発見,41
1173,0.5565,-14.8307,0.0000,経路未発見,45
1174,0.5562,-14.7720,0.0000,経路未発見,43
1175,0.5559,-15.0320,0.0000,経路未発見,82
1176,0.5557,-15.0827,0.0000,経路未発見,47
1177,0.5554,-15.0613,0.0000,経路未発見,33
1178,0.5551,-15.0307,0.0000,経路未発見,85
1179,0.5548,-15.0347,0.0000,経路未発見,48
1180,0.5545,-15.2547,0.0000,経路未発見,58
1181,0.5543,-15.5640,0.0000,経路未発見,77
1182,0.5540,-15.4453,0.0000,経路未発見,40
1183,0.5537,-15.3427,0.0000,経路未発見,47
1184,0.5534,-15.3360,0.0000,経路未発見,50
1185,0.5532,-15.3667,0.0000,経路未発見,52
1186,0.5529,-15.4187,0.0000,経路未発見,61
1187,0.5526,-15.2813,0.0000,経路未発見,56
1188,0.5523,-15.4187,0.0000,経路未発見,52
1189,0.5521,-15.5587,0.0000,経路未発見,63
1190,0.5518,-15.7907,0.0000,経路未発見,40
1191,0.5515,-15.8373,0.0000,経路未発見,49
1192,0.5512,-15.6787,0.0000,経路未発見,39
1193,0.5510,-15.6280,0.0000,経路未発見,33
1194,0.5507,-15.6547,0.0000,経路未発見,54
1195,0.5504,-15.8507,0.0000,経路未発見,76
1196,0.5501,-15.5987,0.0000,経路未発見,38
1197,0.5499,-15.6840,0.0000,経路未発見,62
1198,0.5496,-15.7053,0.0000,経路未発見,39
1199,0.5493,-15.8133,0.0000,経路未発見,54
1200,0.5490,-15.6933,0.0000,経路未発見,57
1201,0.5488,-15.6920,0.0000,経路未発見,40
1202,0.5485,-15.6120,0.0000,経路未発見,42
1203,0.5482,-15.4893,0.0000,経路未発見,37
1204,0.5479,-15.5947,0.0000,経路未発見,48
1205,0.5477,-15.4133,0.0000,経路未発見,59
1206,0.5474,-15.2987,0.0000,経路未発見,52
1207,0.5471,-15.1960,0.0000,経路未発見,30
1208,0.5468,-15.1680,0.0000,経路未発見,36
1209,0.5466,-15.2120,0.0000,経路未発見,56
1210,0.5463,-14.9813,0.0000,経路未発見,28
1211,0.5460,-14.7613,0.0000,経路未発見,58
1212,0.5457,-14.6253,0.0000,経路未発見,25
1213,0.5455,-14.8133,0.0000,経路未発見,62
1214,0.5452,-14.9493,0.0000,経路未発見,49
1215,0.5449,-15.1147,0.0000,経路未発見,51
1216,0.5447,-15.0867,0.0000,経路未発見,30
1217,0.5444,-15.1093,0.0000,経路未発見,33
1218,0.5441,-15.0493,0.0000,経路未発見,35
1219,0.5438,-14.7813,0.0000,経路未発見,28
1220,0.5436,-14.9347,0.0000,経路未発見,125
1221,0.5433,-15.1667,0.0000,経路未発見,76
1222,0.5430,-15.6707,0.0000,経路未発見,109
1223,0.5427,-15.6840,0.0000,経路未発見,70
1224,0.5425,-15.6920,0.0000,経路未発見,45
1225,0.5422,-15.5467,0.0000,経路未発見,25
1226,0.5419,-15.6000,0.0000,経路未発見,40
1227,0.5417,-15.3627,0.0000,経路未発見,40
1228,0.5414,-15.3840,0.0000,経路未発見,51
1229,0.5411,-15.4347,0.0000,経路未発見,65
1230,0.5409,-15.5360,0.0000,経路未発見,57
1231,0.5406,-15.4987,0.0000,経路未発見,27
1232,0.5403,-15.9147,0.0000,経路未発見,84
1233,0.5400,-16.0387,0.0000,経路未発見,56
1234,0.5398,-15.8867,0.0000,経路未発見,29
1235,0.5395,-15.8987,0.0000,経路未発見,47
1236,0.5392,-15.9253,0.0000,経路未発見,53
1237,0.5390,-16.0973,0.0000,経路未発見,39
1238,0.5387,-16.0320,0.0000,経路未発見,57
1239,0.5384,-15.8520,0.0000,経路未発見,29
1240,0.5382,-15.9947,0.0000,経路未発見,72
1241,0.5379,-15.8920,0.0000,経路未発見,62
1242,0.5376,-16.0000,0.0000,経路未発見,44
1243,0.5373,-15.9333,0.0000,経路未発見,60
1244,0.5371,-15.8280,0.0000,経路未発見,41
1245,0.5368,-15.6467,0.0000,経路未発見,48
1246,0.5365,-15.9333,0.0000,経路未発見,76
1247,0.5363,-15.8507,0.0000,経路未発見,21
1248,0.5360,-15.7987,0.0000,経路未発見,40
1249,0.5357,-16.2667,0.0000,経路未発見,80
1250,0.5355,-16.5613,0.0000,経路未発見,161
1251,0.5352,-16.5027,0.0000,経路未発見,65
1252,0.5349,-16.3960,0.0000,経路未発見,78
1253,0.5347,-16.4160,0.0000,経路未発見,46
1254,0.5344,-16.5627,0.0000,経路未発見,33
1255,0.5341,-16.5400,0.0000,経路未発見,34
1256,0.5339,-16.4720,0.0000,経路未発見,33
1257,0.5336,-16.5307,0.0000,経路未発見,42
1258,0.5333,-16.5347,0.0000,経路未発見,56
1259,0.5331,-16.4733,0.0000,経路未発見,53
1260,0.5328,-16.3880,0.0000,経路未発見,31
1261,0.5325,-16.4853,0.0000,経路未発見,45
1262,0.5323,-15.9813,0.0000,経路未発見,33
1263,0.5320,-15.9147,0.0000,経路未発見,47
1264,0.5317,-16.1120,0.0000,経路未発見,59
1265,0.5315,-16.2347,0.0000,経路未発見,70
1266,0.5312,-16.2440,0.0000,経路未発見,54
1267,0.5309,-16.0920,0.0000,経路未発見,47
1268,0.5307,-16.1240,0.0000,経路未発見,39
1269,0.5304,-16.1960,0.0000,経路未発見,37
1270,0.5301,-16.2360,0.0000,経路未発見,56
1271,0.5299,-16.3013,0.0000,経路未発見,37
1272,0.5296,-16.3307,0.0000,経路未発見,35
1273,0.5293,-16.2560,0.0000,経路未発見,50
1274,0.5291,-16.2240,0.0000,経路未発見,32
1275,0.5288,-16.2240,0.0000,経路未発見,48
1276,0.5286,-15.9320,0.0000,経路未発見,30
1277,0.5283,-16.0547,0.0000,経路未発見,41
1278,0.5280,-16.1133,0.0000,経路未発見,46
1279,0.5278,-15.6133,0.0000,経路未発見,46
1280,0.5275,-15.1107,0.0000,経路未発見,44
1281,0.5272,-14.8107,0.0000,経路未発見,28
1282,0.5270,-14.5053,0.0000,経路未発見,45
1283,0.5267,-14.4840,0.0000,経路未発見,37
1284,0.5264,-14.2693,0.0000,経路未発見,26
1285,0.5262,-14.2693,0.0000,経路未発見,49
1286,0.5259,-14.2587,0.0000,経路未発見,25
1287,0.5257,-14.4960,0.0000,経路未発見,96
1288,0.5254,-14.4400,0.0000,経路未発見,48
1289,0.5251,-14.1720,0.0000,経路未発見,29
1290,0.5249,-14.1867,0.0000,経路未発見,40
1291,0.5246,-14.2973,0.0000,経路未発見,47
1292,0.5243,-14.4280,0.0000,経路未発見,47
1293,0.5241,-14.4093,0.0000,経路未発見,41
1294,0.5238,-14.3093,0.0000,経路未発見,39
1295,0.5236,-14.1853,0.0000,経路未発見,48
1296,0.5233,-14.1707,0.0000,経路未発見,49
1297,0.5230,-14.3893,0.0000,経路未発見,78
1298,0.5228,-14.5787,0.0000,経路未発見,44
1299,0.5225,-14.7867,0.0000,経路未発見,99
1300,0.5222,-14.7320,0.0000,経路未発見,55
1301,0.5220,-14.7133,0.0000,経路未発見,57
1302,0.5217,-14.5573,0.0000,経路未発見,30
1303,0.5215,-14.6227,0.0000,経路未発見,55
1304,0.5212,-14.7787,0.0000,経路未発見,44
1305,0.5209,-14.7627,0.0000,経路未発見,39
1306,0.5207,-14.7160,0.0000,経路未発見,35
1307,0.5204,-14.7453,0.0000,経路未発見,40
1308,0.5202,-14.8413,0.0000,経路未発見,76
1309,0.5199,-15.0733,0.0000,経路未発見,52
1310,0.5196,-14.9200,0.0000,経路未発見,37
1311,0.5194,-15.0640,0.0000,経路未発見,68
1312,0.5191,-15.0560,0.0000,経路未発見,62
1313,0.5189,-15.1680,0.0000,経路未発見,57
1314,0.5186,-15.2960,0.0000,経路未発見,77
1315,0.5183,-15.3027,0.0000,経路未発見,40
1316,0.5181,-15.3160,0.0000,経路未発見,46
1317,0.5178,-15.1267,0.0000,経路未発見,40
1318,0.5176,-15.1387,0.0000,経路未発見,51
1319,0.5173,-15.3520,0.0000,経路未発見,25
1320,0.5170,-15.4667,0.0000,経路未発見,58
1321,0.5168,-15.3787,0.0000,経路未発見,49
1322,0.5165,-15.3320,0.0000,経路未発見,56
1323,0.5163,-15.3067,0.0000,経路未発見,31
1324,0.5160,-15.1400,0.0000,経路未発見,34
1325,0.5158,-15.2133,0.0000,経路未発見,48
1326,0.5155,-15.2733,0.0000,経路未発見,43
1327,0.5152,-15.1547,0.0000,経路未発見,36
1328,0.5150,-15.0893,0.0000,経路未発見,48
1329,0.5147,-14.8267,0.0000,経路未発見,44
1330,0.5145,-14.8120,0.0000,経路未発見,65
1331,0.5142,-14.7733,0.0000,経路未発見,38
1332,0.5140,-14.7800,0.0000,経路未発見,37
1333,0.5137,-14.7440,0.0000,経路未発見,38
1334,0.5134,-14.5920,0.0000,経路未発見,40
1335,0.5132,-14.6573,0.0000,経路未発見,45
1336,0.5129,-14.6987,0.0000,経路未発見,60
1337,0.5127,-14.5533,0.0000,経路未発見,28
1338,0.5124,-14.4147,0.0000,経路未発見,29
1339,0.5122,-14.1960,0.0000,経路未発見,17
1340,0.5119,-14.3707,0.0000,経路未発見,48
1341,0.5116,-14.3600,0.0000,経路未発見,52
1342,0.5114,-14.3040,0.0000,経路未発見,50
1343,0.5111,-14.2000,0.0000,経路未発見,54
1344,0.5109,-14.3200,0.0000,経路未発見,76
1345,0.5106,-14.3987,0.0000,経路未発見,71
1346,0.5104,-14.4920,0.0000,経路未発見,40
1347,0.5101,-14.4067,0.0000,経路未発見,41
1348,0.5099,-14.4600,0.0000,経路未発見,46
1349,0.5096,-14.2907,0.0000,経路未発見,38
1350,0.5093,-14.1667,0.0000,経路未発見,46
1351,0.5091,-14.1867,0.0000,経路未発見,43
1352,0.5088,-14.2360,0.0000,経路未発見,53
1353,0.5086,-14.4667,0.0000,経路未発見,43
1354,0.5083,-14.8120,0.0000,経路未発見,59
1355,0.5081,-14.6520,0.0000,経路未発見,57
1356,0.5078,-14.5093,0.0000,経路未発見,29
1357,0.5076,-14.5000,0.0000,経路未発見,42
1358,0.5073,-14.4040,0.0000,経路未発見,40
1359,0.5071,-14.5053,0.0000,経路未発見,55
1360,0.5068,-14.4400,0.0000,経路未発見,48
1361,0.5066,-14.4347,0.0000,経路未発見,34
1362,0.5063,-14.4520,0.0000,経路未発見,33
1363,0.5060,-14.4693,0.0000,経路未発見,45
1364,0.5058,-14.6453,0.0000,経路未発見,55
1365,0.5055,-14.5147,0.0000,経路未発見,38
1366,0.5053,-14.5080,0.0000,経路未発見,34
1367,0.5050,-14.7227,0.0000,経路未発見,58
1368,0.5048,-14.7773,0.0000,経路未発見,34
1369,0.5045,-14.9200,0.0000,経路未発見,50
1370,0.5043,-14.9653,0.0000,経路未発見,59
1371,0.5040,-14.9240,0.0000,経路未発見,69
1372,0.5038,-15.0440,0.0000,経路未発見,38
1373,0.5035,-15.0493,0.0000,経路未発見,47
1374,0.5033,-14.9933,0.0000,経路未発見,60
1375,0.5030,-14.9640,0.0000,経路未発見,42
1376,0.5028,-15.0507,0.0000,経路未発見,58
1377,0.5025,-15.0387,0.0000,経路未発見,41
1378,0.5023,-14.8333,0.0000,経路未発見,25
1379,0.5020,-14.9413,0.0000,経路未発見,37
1380,0.5018,-15.0413,0.0000,経路未発見,51
1381,0.5015,-14.9840,0.0000,経路未発見,32
1382,0.5013,-14.9587,0.0000,経路未発見,40
1383,0.5010,-14.6920,0.0000,経路未発見,41
1384,0.5008,-14.4587,0.0000,経路未発見,53
1385,0.5005,-14.5120,0.0000,経路未発見,48
1386,0.5003,-14.5293,0.0000,経路未発見,33
1387,0.5000,-14.7387,0.0000,経路未発見,61
1388,0.4998,-14.6773,0.0000,経路未発見,39
1389,0.4995,-14.6893,0.0000,経路未発見,47
1390,0.4993,-14.7507,0.0000,経路未発見,45
1391,0.4990,-14.8667,0.0000,経路未発見,47
1392,0.4988,-14.8933,0.0000,経路未発見,34
1393,0.4985,-14.7947,0.0000,経路未発見,32
1394,0.4983,-14.6560,0.0000,経路未発見,34
1395,0.4980,-14.6920,0.0000,経路未発見,29
1396,0.4978,-14.6693,0.0000,経路未発見,30
1397,0.4975,-14.5080,0.0000,経路未発見,41
1398,0.4973,-14.7027,0.0000,経路未発見,43
1399,0.4970,-14.6133,0.0000,経路未発見,42
1400,0.4968,-14.5600,0.0000,経路未発見,46
1401,0.4965,-14.5693,0.0000,経路未発見,55
1402,0.4963,-14.6307,0.0000,経路未発見,53
1403,0.4960,-14.7693,0.0000,経路未発見,37
1404,0.4958,-14.7013,0.0000,経路未発見,64
1405,0.4955,-14.5187,0.0000,経路未発見,32
1406,0.4953,-14.4133,0.0000,経路未発見,49
1407,0.4950,-14.4640,0.0000,経路未発見,37
1408,0.4948,-14.4413,0.0000,経路未発見,29
1409,0.4945,-14.4107,0.0000,経路未発見,42
1410,0.4943,-14.2787,0.0000,経路未発見,38
1411,0.4940,-14.4613,0.0000,経路未発見,46
1412,0.4938,-14.4533,0.0000,経路未発見,49
1413,0.4936,-14.4373,0.0000,経路未発見,29
1414,0.4933,-14.5040,0.0000,経路未発見,35
1415,0.4931,-14.5280,0.0000,経路未発見,43
1416,0.4928,-14.6653,0.0000,経路未発見,35
1417,0.4926,-14.3467,0.0000,経路未発見,29
1418,0.4923,-14.4333,0.0000,経路未発見,30
1419,0.4921,-14.4653,0.0000,経路未発見,45
1420,0.4918,-14.5280,0.0000,経路未発見,60
1421,0.4916,-14.4027,0.0000,経路未発見,66
1422,0.4913,-14.3400,0.0000,経路未発見,27
1423,0.4911,-14.3293,0.0000,経路未発見,39
1424,0.4908,-14.2360,0.0000,経路未発見,32
1425,0.4906,-14.1733,0.0000,経路未発見,33
1426,0.4904,-14.2773,0.0000,経路未発見,59
1427,0.4901,-14.4960,0.0000,経路未発見,49
1428,0.4899,-14.6267,0.0000,経路未発見,76
1429,0.4896,-14.6600,0.0000,経路未発見,35
1430,0.4894,-14.6493,0.0000,経路未発見,80
1431,0.4891,-14.5747,0.0000,経路未発見,48
1432,0.4889,-14.4693,0.0000,経路未発見,52
1433,0.4886,-14.3427,0.0000,経路未発見,39
1434,0.4884,-14.3640,0.0000,経路未発見,58
1435,0.4882,-14.4480,0.0000,経路未発見,28
1436,0.4879,-14.6333,0.0000,経路未発見,53
1437,0.4877,-14.7133,0.0000,経路未発見,37
1438,0.4874,-14.7893,0.0000,経路未発見,46
1439,0.4872,-14.8747,0.0000,経路未発見,34
1440,0.4869,-14.8427,0.0000,経路未発見,40
1441,0.4867,-14.6387,0.0000,経路未発見,27
1442,0.4864,-14.6933,0.0000,経路未発見,54
1443,0.4862,-14.7413,0.0000,経路未発見,64
1444,0.4860,-14.7640,0.0000,経路未発見,50
1445,0.4857,-14.6480,0.0000,経路未発見,18
1446,0.4855,-14.5027,0.0000,経路未発見,38
1447,0.4852,-14.5853,0.0000,経路未発見,45
1448,0.4850,-14.5387,0.0000,経路未発見,35
1449,0.4847,-14.3173,0.0000,経路未発見,27
1450,0.4845,-14.2973,0.0000,経路未発見,43
1451,0.4843,-14.4787,0.0000,経路未発見,46
1452,0.4840,-14.5120,0.0000,経路未発見,27
1453,0.4838,-14.5267,0.0000,経路未発見,44
1454,0.4835,-14.5813,0.0000,経路未発見,30
1455,0.4833,-14.5880,0.0000,経路未発見,44
1456,0.4831,-14.4773,0.0000,経路未発見,35
1457,0.4828,-14.2893,0.0000,経路未発見,43
1458,0.4826,-13.8547,0.0000,経路未発見,43
1459,0.4823,-13.8600,0.0000,経路未発見,39
1460,0.4821,-14.0853,0.0000,経路未発見,103
1461,0.4818,-14.0640,0.0000,経路未発見,43
1462,0.4816,-14.1520,0.0000,経路未発見,57
1463,0.4814,-14.1027,0.0000,経路未発見,38
1464,0.4811,-14.0133,0.0000,経路未発見,34
1465,0.4809,-13.9973,0.0000,経路未発見,28
1466,0.4806,-13.7693,0.0000,経路未発見,32
1467,0.4804,-13.7560,0.0000,経路未発見,42
1468,0.4802,-13.7987,0.0000,経路未発見,51
1469,0.4799,-13.7787,0.0000,経路未発見,47
1470,0.4797,-13.8040,0.0000,経路未発見,42
1471,0.4794,-13.7133,0.0000,経路未発見,24
1472,0.4792,-13.7120,0.0000,経路未発見,43
1473,0.4790,-13.6960,0.0000,経路未発見,26
1474,0.4787,-13.5680,0.0000,経路未発見,26
1475,0.4785,-13.5840,0.0000,経路未発見,23
1476,0.4782,-13.5227,0.0000,経路未発見,30
1477,0.4780,-13.3827,0.0000,経路未発見,26
1478,0.4778,-13.4320,0.0000,経路未発見,55
1479,0.4775,-13.6347,0.0000,経路未発見,72
1480,0.4773,-13.5973,0.0000,経路未発見,33
1481,0.4771,-13.5120,0.0000,経路未発見,47
1482,0.4768,-13.6453,0.0000,経路未発見,55
1483,0.4766,-13.7040,0.0000,経路未発見,54
1484,0.4763,-13.6653,0.0000,経路未発見,37
1485,0.4761,-13.6613,0.0000,経路未発見,46
1486,0.4759,-13.7093,0.0000,経路未発見,48
1487,0.4756,-13.7507,0.0000,経路未発見,42
1488,0.4754,-13.8253,0.0000,経路未発見,42
1489,0.4751,-13.7200,0.0000,経路未発見,31
1490,0.4749,-13.6413,0.0000,経路未発見,81
1491,0.4747,-13.6920,0.0000,経路未発見,40
1492,0.4744,-13.8000,0.0000,経路未発見,53
1493,0.4742,-13.7547,0.0000,経路未発見,19
1494,0.4740,-13.8307,0.0000,経路未発見,51
1495,0.4737,-13.8693,0.0000,経路未発見,47
1496,0.4735,-14.1480,0.0000,経路未発見,76
1497,0.4732,-14.1933,0.0000,経路未発見,53
1498,0.4730,-14.1800,0.0000,経路未発見,45
1499,0.4728,-14.0347,0.0000,経路未発見,39
1500,0.4725,-13.9907,0.0000,経路未発見,34
1501,0.4723,-14.0533,0.0000,経路未発見,31
1502,0.4721,-13.9467,0.0000,経路未発見,43
1503,0.4718,-14.0333,0.0000,経路未発見,43
1504,0.4716,-13.9533,0.0000,経路未発見,31
1505,0.4714,-13.9813,0.0000,経路未発見,31
1506,0.4711,-14.0480,0.0000,経路未発見,38
1507,0.4709,-14.0667,0.0000,経路未発見,32
1508,0.4707,-14.0133,0.0000,経路未発見,64
1509,0.4704,-13.9773,0.0000,経路未発見,40
1510,0.4702,-13.9000,0.0000,経路未発見,29
1511,0.4699,-14.0120,0.0000,経路未発見,59
1512,0.4697,-13.8773,0.0000,経路未発見,43
1513,0.4695,-13.9040,0.0000,経路未発見,36
1514,0.4692,-14.0027,0.0000,経路未発見,50
1515,0.4690,-14.0947,0.0000,経路未発見,49
1516,0.4688,-14.1213,0.0000,経路未発見,30
1517,0.4685,-14.2213,0.0000,経路未発見,67
1518,0.4683,-14.2240,0.0000,経路未発見,40
1519,0.4681,-14.2947,0.0000,経路未発見,40
1520,0.4678,-14.0973,0.0000,経路未発見,42
1521,0.4676,-14.1453,0.0000,経路未発見,49
1522,0.4674,-13.9360,0.0000,経路未発見,50
1523,0.4671,-13.9453,0.0000,経路未発見,36
1524,0.4669,-13.8440,0.0000,経路未発見,32
1525,0.4667,-13.8227,0.0000,経路未発見,23
1526,0.4664,-13.5213,0.0000,経路未発見,33
1527,0.4662,-13.4587,0.0000,経路未発見,53
1528,0.4660,-13.4813,0.0000,経路未発見,56
1529,0.4657,-13.5880,0.0000,経路未発見,36
1530,0.4655,-13.6173,0.0000,経路未発見,29
1531,0.4653,-13.6293,0.0000,経路未発見,27
1532,0.4650,-13.6387,0.0000,経路未発見,33
1533,0.4648,-13.5587,0.0000,経路未発見,33
1534,0.4646,-13.5960,0.0000,経路未発見,36
1535,0.4643,-13.9093,0.0000,経路未発見,102
1536,0.4641,-13.9400,0.0000,経路未発見,40
1537,0.4639,-13.9427,0.0000,経路未発見,34
1538,0.4636,-13.9293,0.0000,経路未発見,35
1539,0.4634,-13.8053,0.0000,経路未発見,32
1540,0.4632,-13.7693,0.0000,経路未発見,31
1541,0.4629,-13.5813,0.0000,経路未発見,45
1542,0.4627,-13.6840,0.0000,経路未発見,50
1543,0.4625,-13.7693,0.0000,経路未発見,81
1544,0.4623,-13.7067,0.0000,経路未発見,35
1545,0.4620,-13.6867,0.0000,経路未発見,47
1546,0.4618,-14.3373,0.0000,経路未発見,169
1547,0.4616,-14.1653,0.0000,経路未発見,34
1548,0.4613,-14.1907,0.0000,経路未発見,35
1549,0.4611,-14.2427,0.0000,経路未発見,42
1550,0.4609,-14.3333,0.0000,経路未発見,64
1551,0.4606,-14.3853,0.0000,経路未発見,52
1552,0.4604,-14.4013,0.0000,経路未発見,43
1553,0.4602,-14.4960,0.0000,経路未発見,33
1554,0.4599,-14.5267,0.0000,経路未発見,38
1555,0.4597,-14.4080,0.0000,経路未発見,24
1556,0.4595,-14.5507,0.0000,経路未発見,50
1557,0.4593,-14.4893,0.0000,経路未発見,42
1558,0.4590,-14.5467,0.0000,経路未発見,41
1559,0.4588,-14.4373,0.0000,経路未発見,33
1560,0.4586,-14.5227,0.0000,経路未発見,40
1561,0.4583,-14.6427,0.0000,経路未発見,37
1562,0.4581,-14.7067,0.0000,経路未発見,58
1563,0.4579,-14.8387,0.0000,経路未発見,50
1564,0.4577,-15.0840,0.0000,経路未発見,49
1565,0.4574,-14.7973,0.0000,経路未発見,35
1566,0.4572,-14.8293,0.0000,経路未発見,45
1567,0.4570,-14.9440,0.0000,経路未発見,59
1568,0.4567,-14.9760,0.0000,経路未発見,44
1569,0.4565,-15.0453,0.0000,経路未発見,46
1570,0.4563,-14.9760,0.0000,経路未発見,43
1571,0.4561,-15.0093,0.0000,経路未発見,34
1572,0.4558,-14.9493,0.0000,経路未発見,41
1573,0.4556,-14.7587,0.0000,経路未発見,28
1574,0.4554,-14.8080,0.0000,経路未発見,33
1575,0.4551,-14.7613,0.0000,経路未発見,33
1576,0.4549,-14.1253,0.0000,経路未発見,43
1577,0.4547,-14.2600,0.0000,経路未発見,64
1578,0.4545,-14.2507,0.0000,経路未発見,41
1579,0.4542,-14.1467,0.0000,経路未発見,40
1580,0.4540,-13.9947,0.0000,経路未発見,45
1581,0.4538,-13.8187,0.0000,経路未発見,30
1582,0.4536,-13.8320,0.0000,経路未発見,26
1583,0.4533,-13.8800,0.0000,経路未発見,43
1584,0.4531,-13.8560,0.0000,経路未発見,43
1585,0.4529,-14.0427,0.0000,経路未発見,46
1586,0.4526,-14.0133,0.0000,経路未発見,43
1587,0.4524,-14.0800,0.0000,経路未発見,46
1588,0.4522,-13.9467,0.0000,経路未発見,36
1589,0.4520,-14.0707,0.0000,経路未発見,52
1590,0.4517,-13.9800,0.0000,経路未発見,33
1591,0.4515,-13.8387,0.0000,経路未発見,37
1592,0.4513,-13.7027,0.0000,経路未発見,25
1593,0.4511,-13.7667,0.0000,経路未発見,41
1594,0.4508,-13.4693,0.0000,経路未発見,22
1595,0.4506,-13.4533,0.0000,経路未発見,50
1596,0.4504,-13.3733,0.0000,経路未発見,27
1597,0.4502,-13.2773,0.0000,経路未発見,48
1598,0.4499,-13.2053,0.0000,経路未発見,43
1599,0.4497,-13.2720,0.0000,経路未発見,51
1600,0.4495,-13.3080,0.0000,経路未発見,30
1601,0.4493,-13.3720,0.0000,経路未発見,59
1602,0.4490,-13.3973,0.0000,経路未発見,43
1603,0.4488,-13.3547,0.0000,経路未発見,33
1604,0.4486,-13.8787,0.0000,経路未発見,114
1605,0.4484,-13.9200,0.0000,経路未発見,28
1606,0.4481,-13.8987,0.0000,経路未発見,46
1607,0.4479,-13.7720,0.0000,経路未発見,36
1608,0.4477,-13.7827,0.0000,経路未発見,30
1609,0.4475,-13.7733,0.0000,経路未発見,24
1610,0.4472,-13.6920,0.0000,経路未発見,24
1611,0.4470,-13.9147,0.0000,経路未発見,82
1612,0.4468,-13.9000,0.0000,経路未発見,78
1613,0.4466,-13.7907,0.0000,経路未発見,32
1614,0.4464,-13.9173,0.0000,経路未発見,60
1615,0.4461,-13.7587,0.0000,経路未発見,24
1616,0.4459,-13.6400,0.0000,経路未発見,40
1617,0.4457,-13.4947,0.0000,経路未発見,34
1618,0.4455,-13.5493,0.0000,経路未発見,37
1619,0.4452,-13.4960,0.0000,経路未発見,50
1620,0.4450,-13.5067,0.0000,経路未発見,52
1621,0.4448,-13.5680,0.0000,経路未発見,42
1622,0.4446,-13.6067,0.0000,経路未発見,29
1623,0.4443,-13.3947,0.0000,経路未発見,32
1624,0.4441,-13.4467,0.0000,経路未発見,29
1625,0.4439,-13.4147,0.0000,経路未発見,30
1626,0.4437,-13.4507,0.0000,経路未発見,40
1627,0.4435,-13.5133,0.0000,経路未発見,48
1628,0.4432,-13.5133,0.0000,経路未発見,36
1629,0.4430,-13.4227,0.0000,経路未発見,28
1630,0.4428,-13.5027,0.0000,経路未発見,48
1631,0.4426,-13.4880,0.0000,経路未発見,54
1632,0.4424,-13.5053,0.0000,経路未発見,35
1633,0.4421,-13.6707,0.0000,経路未発見,47
1634,0.4419,-13.0573,0.0000,経路未発見,32
1635,0.4417,-13.0453,0.0000,経路未発見,40
1636,0.4415,-12.9200,0.0000,経路未発見,20
1637,0.4412,-13.0413,0.0000,経路未発見,65
1638,0.4410,-13.2253,0.0000,経路未発見,72
1639,0.4408,-13.2733,0.0000,経路未発見,33
1640,0.4406,-13.4053,0.0000,経路未発見,41
1641,0.4404,-13.3693,0.0000,経路未発見,45
1642,0.4401,-13.2507,0.0000,経路未発見,36
1643,0.4399,-13.2507,0.0000,経路未発見,36
1644,0.4397,-13.0533,0.0000,経路未発見,18
1645,0.4395,-13.0493,0.0000,経路未発見,27
1646,0.4393,-13.1147,0.0000,経路未発見,38
1647,0.4390,-13.2813,0.0000,経路未発見,43
1648,0.4388,-13.2667,0.0000,経路未発見,28
1649,0.4386,-13.2907,0.0000,経路未発見,38
1650,0.4384,-13.3040,0.0000,経路未発見,47
1651,0.4382,-13.3307,0.0000,経路未発見,57
1652,0.4380,-13.3880,0.0000,経路未発見,32
1653,0.4377,-13.3840,0.0000,経路未発見,50
1654,0.4375,-13.4307,0.0000,経路未発見,35
1655,0.4373,-13.3893,0.0000,経路未発見,31
1656,0.4371,-13.4107,0.0000,経路未発見,30
1657,0.4369,-13.6267,0.0000,経路未発見,38
1658,0.4366,-13.6160,0.0000,経路未発見,43
1659,0.4364,-13.6227,0.0000,経路未発見,43
1660,0.4362,-13.6040,0.0000,経路未発見,31
1661,0.4360,-13.5613,0.0000,経路未発見,60
1662,0.4358,-13.4920,0.0000,経路未発見,36
1663,0.4355,-13.3880,0.0000,経路未発見,34
1664,0.4353,-13.4413,0.0000,経路未発見,30
1665,0.4351,-13.7040,0.0000,経路未発見,53
1666,0.4349,-13.7240,0.0000,経路未発見,37
1667,0.4347,-13.5827,0.0000,経路未発見,34
1668,0.4345,-13.3973,0.0000,経路未発見,31
1669,0.4342,-13.4187,0.0000,経路未発見,49
1670,0.4340,-13.3320,0.0000,経路未発見,39
1671,0.4338,-13.2933,0.0000,経路未発見,48
1672,0.4336,-13.4227,0.0000,経路未発見,40
1673,0.4334,-13.5400,0.0000,経路未発見,59
1674,0.4332,-13.6413,0.0000,経路未発見,41
1675,0.4329,-13.7827,0.0000,経路未発見,49
1676,0.4327,-13.6520,0.0000,経路未発見,27
1677,0.4325,-13.5093,0.0000,経路未発見,29
1678,0.4323,-13.4893,0.0000,経路未発見,37
1679,0.4321,-13.3733,0.0000,経路未発見,29
1680,0.4319,-13.4947,0.0000,経路未発見,56
1681,0.4316,-13.3720,0.0000,経路未発見,30
1682,0.4314,-13.3880,0.0000,経路未発見,40
1683,0.4312,-13.4333,0.0000,経路未発見,42
1684,0.4310,-13.4053,0.0000,経路未発見,47
1685,0.4308,-13.3827,0.0000,経路未発見,31
1686,0.4306,-13.3573,0.0000,経路未発見,36
1687,0.4304,-13.2587,0.0000,経路未発見,52
1688,0.4301,-13.4600,0.0000,経路未発見,51
1689,0.4299,-13.4053,0.0000,経路未発見,30
1690,0.4297,-13.4373,0.0000,経路未発見,36
1691,0.4295,-13.2933,0.0000,経路未発見,32
1692,0.4293,-13.4187,0.0000,経路未発見,58
1693,0.4291,-13.5227,0.0000,経路未発見,43
1694,0.4288,-13.4760,0.0000,経路未発見,35
1695,0.4286,-13.1987,0.0000,経路未発見,38
1696,0.4284,-13.2573,0.0000,経路未発見,47
1697,0.4282,-13.3813,0.0000,経路未発見,45
1698,0.4280,-13.3907,0.0000,経路未発見,66
1699,0.4278,-13.4213,0.0000,経路未発見,47
1700,0.4276,-13.5400,0.0000,経路未発見,54
1701,0.4274,-13.3680,0.0000,経路未発見,35
1702,0.4271,-13.3133,0.0000,経路未発見,40
1703,0.4269,-13.2347,0.0000,経路未発見,29
1704,0.4267,-13.1507,0.0000,経路未発見,33
1705,0.4265,-13.0427,0.0000,経路未発見,46
1706,0.4263,-13.2653,0.0000,経路未発見,40
1707,0.4261,-13.4040,0.0000,経路未発見,42
1708,0.4259,-13.5387,0.0000,経路未発見,45
1709,0.4256,-13.5973,0.0000,経路未発見,35
1710,0.4254,-13.5000,0.0000,経路未発見,35
1711,0.4252,-13.5173,0.0000,経路未発見,30
1712,0.4250,-13.6133,0.0000,経路未発見,51
1713,0.4248,-13.5267,0.0000,経路未発見,25
1714,0.4246,-13.5800,0.0000,経路未発見,52
1715,0.4244,-13.6093,0.0000,経路未発見,34
1716,0.4242,-13.6480,0.0000,経路未発見,29
1717,0.4239,-13.4787,0.0000,経路未発見,25
1718,0.4237,-13.4013,0.0000,経路未発見,39
1719,0.4235,-13.4413,0.0000,経路未発見,30
1720,0.4233,-13.3520,0.0000,経路未発見,39
1721,0.4231,-13.3613,0.0000,経路未発見,33
1722,0.4229,-13.2920,0.0000,経路未発見,37
1723,0.4227,-13.1587,0.0000,経路未発見,42
1724,0.4225,-13.2200,0.0000,経路未発見,51
1725,0.4223,-13.3227,0.0000,経路未発見,49
1726,0.4220,-13.2747,0.0000,経路未発見,45
1727,0.4218,-13.1347,0.0000,経路未発見,37
1728,0.4216,-13.1080,0.0000,経路未発見,46
1729,0.4214,-13.1680,0.0000,経路未発見,30
1730,0.4212,-13.1013,0.0000,経路未発見,57
1731,0.4210,-13.2187,0.0000,経路未発見,47
1732,0.4208,-13.2000,0.0000,経路未発見,29
1733,0.4206,-13.3840,0.0000,経路未発見,126
1734,0.4204,-13.6227,0.0000,経路未発見,78
1735,0.4201,-13.5840,0.0000,経路未発見,34
1736,0.4199,-13.4627,0.0000,経路未発見,34
1737,0.4197,-13.3093,0.0000,経路未発見,35
1738,0.4195,-13.2627,0.0000,経路未発見,39
1739,0.4193,-13.2587,0.0000,経路未発見,34
1740,0.4191,-13.3133,0.0000,経路未発見,47
1741,0.4189,-13.3960,0.0000,経路未発見,50
1742,0.4187,-13.3507,0.0000,経路未発見,57
1743,0.4185,-13.3920,0.0000,経路未発見,31
1744,0.4183,-13.5213,0.0000,経路未発見,64
1745,0.4180,-13.4760,0.0000,経路未発見,27
1746,0.4178,-13.5053,0.0000,経路未発見,43
1747,0.4176,-13.5587,0.0000,経路未発見,27
1748,0.4174,-13.4467,0.0000,経路未発見,58
1749,0.4172,-13.4200,0.0000,経路未発見,36
1750,0.4170,-13.4707,0.0000,経路未発見,46
1751,0.4168,-13.4613,0.0000,経路未発見,40
1752,0.4166,-13.4360,0.0000,経路未発見,61
1753,0.4164,-13.4453,0.0000,経路未発見,28
1754,0.4162,-13.3480,0.0000,経路未発見,29
1755,0.4160,-13.2427,0.0000,経路未発見,33
1756,0.4158,-13.3360,0.0000,経路未発見,32
1757,0.4155,-13.3627,0.0000,経路未発見,31
1758,0.4153,-13.2693,0.0000,経路未発見,33
1759,0.4151,-13.1733,0.0000,経路未発見,37
1760,0.4149,-13.1280,0.0000,経路未発見,35
1761,0.4147,-13.0360,0.0000,経路未発見,33
1762,0.4145,-13.0400,0.0000,経路未発見,41
1763,0.4143,-12.7907,0.0000,経路未発見,35
1764,0.4141,-12.6440,0.0000,経路未発見,51
1765,0.4139,-12.7680,0.0000,経路未発見,49
1766,0.4137,-12.7560,0.0000,経路未発見,50
1767,0.4135,-12.7120,0.0000,経路未発見,23
1768,0.4133,-12.6133,0.0000,経路未発見,33
1769,0.4131,-12.6320,0.0000,経路未発見,53
1770,0.4129,-12.6147,0.0000,経路未発見,36
1771,0.4126,-12.5827,0.0000,経路未発見,64
1772,0.4124,-12.4040,0.0000,経路未発見,24
1773,0.4122,-12.4187,0.0000,経路未発見,33
1774,0.4120,-12.1800,0.0000,経路未発見,50
1775,0.4118,-12.2293,0.0000,経路未発見,28
1776,0.4116,-12.2800,0.0000,経路未発見,43
1777,0.4114,-12.2307,0.0000,経路未発見,38
1778,0.4112,-12.2320,0.0000,経路未発見,34
1779,0.4110,-12.2707,0.0000,経路未発見,48
1780,0.4108,-12.2573,0.0000,経路未発見,33
1781,0.4106,-12.4627,0.0000,経路未発見,53
1782,0.4104,-12.6093,0.0000,経路未発見,57
1783,0.4102,-12.6227,0.0000,経路未発見,46
1784,0.4100,-12.6280,0.0000,経路未発見,25
1785,0.4098,-12.6947,0.0000,経路未発見,37
1786,0.4096,-12.7107,0.0000,経路未発見,55
1787,0.4094,-12.7027,0.0000,経路未発見,36
1788,0.4092,-12.7547,0.0000,経路未発見,44
1789,0.4090,-12.7960,0.0000,経路未発見,28
1790,0.4087,-12.7800,0.0000,経路未発見,26
1791,0.4085,-12.9520,0.0000,経路未発見,50
1792,0.4083,-13.0293,0.0000,経路未発見,46
1793,0.4081,-13.0227,0.0000,経路未発見,28
1794,0.4079,-12.9453,0.0000,経路未発見,46
1795,0.4077,-12.8627,0.0000,経路未発見,44
1796,0.4075,-12.9387,0.0000,経路未発見,48
1797,0.4073,-13.0533,0.0000,経路未発見,29
1798,0.4071,-13.0507,0.0000,経路未発見,47
1799,0.4069,-13.0400,0.0000,経路未発見,32
1800,0.4067,-13.0667,0.0000,経路未発見,52
1801,0.4065,-13.0960,0.0000,経路未発見,33
1802,0.4063,-13.2360,0.0000,経路未発見,51
1803,0.4061,-13.2507,0.0000,経路未発見,30
1804,0.4059,-13.2840,0.0000,経路未発見,35
1805,0.4057,-13.3267,0.0000,経路未発見,33
1806,0.4055,-13.1747,0.0000,経路未発見,43
1807,0.4053,-13.2427,0.0000,経路未発見,49
1808,0.4051,-13.1960,0.0000,経路未発見,31
1809,0.4049,-13.1813,0.0000,経路未発見,39
1810,0.4047,-13.2107,0.0000,経路未発見,47
1811,0.4045,-13.0493,0.0000,経路未発見,33
1812,0.4043,-12.8907,0.0000,経路未発見,35
1813,0.4041,-12.8560,0.0000,経路未発見,31
1814,0.4039,-13.4267,0.0000,経路未発見,83
1815,0.4037,-13.5160,0.0000,経路未発見,90
1816,0.4035,-13.4360,0.0000,経路未発見,33
1817,0.4033,-13.4573,0.0000,経路未発見,53
1818,0.4031,-13.4053,0.0000,経路未発見,22
1819,0.4029,-13.2867,0.0000,経路未発見,33
1820,0.4027,-13.4560,0.0000,経路未発見,75
1821,0.4025,-13.3280,0.0000,経路未発見,30
1822,0.4023,-13.2787,0.0000,経路未発見,45
1823,0.4021,-13.3427,0.0000,経路未発見,35
1824,0.4019,-13.8787,0.0000,経路未発見,141
1825,0.4017,-13.9747,0.0000,経路未発見,44
1826,0.4015,-13.9747,0.0000,経路未発見,37
1827,0.4013,-14.1280,0.0000,経路未発見,40
1828,0.4011,-14.4467,0.0000,経路未発見,76
1829,0.4009,-14.6880,0.0000,経路未発見,55
1830,0.4007,-14.6480,0.0000,経路未発見,45
1831,0.4005,-14.6453,0.0000,経路未発見,31
1832,0.4003,-14.5387,0.0000,経路未発見,40
1833,0.4001,-14.5573,0.0000,経路未発見,44
1834,0.3999,-14.5160,0.0000,経路未発見,21
1835,0.3997,-14.5427,0.0000,経路未発見,63
1836,0.3995,-14.6173,0.0000,経路未発見,38
1837,0.3993,-14.6160,0.0000,経路未発見,38
1838,0.3991,-14.6507,0.0000,経路未発見,42
1839,0.3989,-14.6627,0.0000,経路未発見,31
1840,0.3987,-14.5987,0.0000,経路未発見,52
1841,0.3985,-14.8027,0.0000,経路未発見,58
1842,0.3983,-14.9547,0.0000,経路未発見,39
1843,0.3981,-15.0560,0.0000,経路未発見,50
1844,0.3979,-14.6253,0.0000,経路未発見,60
1845,0.3977,-14.5973,0.0000,経路未発見,49
1846,0.3975,-15.1707,0.0000,経路未発見,137
1847,0.3973,-15.3680,0.0000,経路未発見,65
1848,0.3971,-15.4547,0.0000,経路未発見,39
1849,0.3969,-15.4933,0.0000,経路未発見,37
1850,0.3967,-15.3547,0.0000,経路未発見,32
1851,0.3965,-15.5973,0.0000,経路未発見,91
1852,0.3963,-15.4907,0.0000,経路未発見,22
1853,0.3961,-15.4333,0.0000,経路未発見,35
1854,0.3959,-14.9000,0.0000,経路未発見,64
1855,0.3957,-14.8627,0.0000,経路未発見,35
1856,0.3955,-14.7027,0.0000,経路未発見,42
1857,0.3953,-14.5747,0.0000,経路未発見,46
1858,0.3951,-14.4760,0.0000,経路未発見,53
1859,0.3949,-14.3053,0.0000,経路未発見,41
1860,0.3947,-14.2627,0.0000,経路未発見,32
1861,0.3945,-14.2427,0.0000,経路未発見,33
1862,0.3943,-14.1933,0.0000,経路未発見,31
1863,0.3941,-14.2613,0.0000,経路未発見,40
1864,0.3939,-14.2853,0.0000,経路未発見,24
1865,0.3937,-14.3280,0.0000,経路未発見,51
1866,0.3935,-14.2880,0.0000,経路未発見,46
1867,0.3933,-14.2880,0.0000,経路未発見,69
1868,0.3931,-14.5227,0.0000,経路未発見,131
1869,0.3929,-14.5853,0.0000,経路未発見,42
1870,0.3927,-14.6453,0.0000,経路未発見,57
1871,0.3925,-14.4533,0.0000,経路未発見,32
1872,0.3923,-14.3520,0.0000,経路未発見,50
1873,0.3921,-14.5347,0.0000,経路未発見,111
1874,0.3919,-14.5147,0.0000,経路未発見,51
1875,0.3917,-14.4920,0.0000,経路未発見,45
1876,0.3915,-13.9907,0.0000,経路未発見,64
1877,0.3913,-13.7533,0.0000,経路未発見,22
1878,0.3911,-13.6920,0.0000,経路未発見,31
1879,0.3910,-13.6240,0.0000,経路未発見,22
1880,0.3908,-13.6520,0.0000,経路未発見,41
1881,0.3906,-13.5093,0.0000,経路未発見,35
1882,0.3904,-13.7547,0.0000,経路未発見,23
1883,0.3902,-13.6853,0.0000,経路未発見,21
1884,0.3900,-13.8213,0.0000,経路未発見,55
1885,0.3898,-13.7680,0.0000,経路未発見,48
1886,0.3896,-13.7787,0.0000,経路未発見,27
1887,0.3894,-13.7653,0.0000,経路未発見,40
1888,0.3892,-13.4480,0.0000,経路未発見,48
1889,0.3890,-13.4053,0.0000,経路未発見,32
1890,0.3888,-13.3947,0.0000,経路未発見,39
1891,0.3886,-13.4387,0.0000,経路未発見,41
1892,0.3884,-13.5893,0.0000,経路未発見,47
1893,0.3882,-13.5013,0.0000,経路未発見,27
1894,0.3880,-13.5627,0.0000,経路未発見,47
1895,0.3878,-13.4000,0.0000,経路未発見,28
1896,0.3876,-13.3707,0.0000,経路未発見,32
1897,0.3874,-13.3280,0.0000,経路未発見,33
1898,0.3873,-13.2093,0.0000,経路未発見,32
1899,0.3871,-13.1347,0.0000,経路未発見,39
1900,0.3869,-13.0587,0.0000,経路未発見,40
1901,0.3867,-13.1507,0.0000,経路未発見,80
1902,0.3865,-13.1400,0.0000,経路未発見,42
1903,0.3863,-12.9560,0.0000,経路未発見,36
1904,0.3861,-12.8347,0.0000,経路未発見,30
1905,0.3859,-12.7173,0.0000,経路未発見,38
1906,0.3857,-12.6693,0.0000,経路未発見,28
1907,0.3855,-12.6427,0.0000,経路未発見,36
1908,0.3853,-12.6427,0.0000,経路未発見,31
1909,0.3851,-12.6667,0.0000,経路未発見,40
1910,0.3849,-12.6107,0.0000,経路未発見,28
1911,0.3847,-12.4640,0.0000,経路未発見,27
1912,0.3846,-12.3253,0.0000,経路未発見,37
1913,0.3844,-12.3987,0.0000,経路未発見,36
1914,0.3842,-12.3120,0.0000,経路未発見,26
1915,0.3840,-12.4093,0.0000,経路未発見,52
1916,0.3838,-12.5120,0.0000,経路未発見,38
1917,0.3836,-12.5907,0.0000,経路未発見,53
1918,0.3834,-12.6653,0.0000,経路未発見,24
1919,0.3832,-12.6693,0.0000,経路未発見,48
1920,0.3830,-12.7093,0.0000,経路未発見,55
1921,0.3828,-12.6933,0.0000,経路未発見,29
1922,0.3826,-12.5840,0.0000,経路未発見,34
1923,0.3824,-12.4973,0.0000,経路未発見,29
1924,0.3823,-12.6187,0.0000,経路未発見,45
1925,0.3821,-12.7507,0.0000,経路未発見,49
1926,0.3819,-12.8827,0.0000,経路未発見,45
1927,0.3817,-12.9680,0.0000,経路未発見,44
1928,0.3815,-12.8693,0.0000,経路未発見,49
1929,0.3813,-12.9667,0.0000,経路未発見,53
1930,0.3811,-13.0893,0.0000,経路未発見,52
1931,0.3809,-12.9627,0.0000,経路未発見,40
1932,0.3807,-12.8787,0.0000,経路未発見,27
1933,0.3805,-12.7867,0.0000,経路未発見,41
1934,0.3803,-12.7947,0.0000,経路未発見,29
1935,0.3802,-12.9040,0.0000,経路未発見,36
1936,0.3800,-12.8480,0.0000,経路未発見,47
1937,0.3798,-12.8627,0.0000,経路未発見,30
1938,0.3796,-12.8920,0.0000,経路未発見,34
1939,0.3794,-12.8853,0.0000,経路未発見,30
1940,0.3792,-12.8667,0.0000,経路未発見,26
1941,0.3790,-12.9227,0.0000,経路未発見,50
1942,0.3788,-12.8880,0.0000,経路未発見,38
1943,0.3786,-12.8880,0.0000,経路未発見,36
1944,0.3784,-12.8827,0.0000,経路未発見,41
1945,0.3783,-12.8840,0.0000,経路未発見,35
1946,0.3781,-12.9533,0.0000,経路未発見,49
1947,0.3779,-12.7907,0.0000,経路未発見,28
1948,0.3777,-12.8520,0.0000,経路未発見,35
1949,0.3775,-12.8680,0.0000,経路未発見,42
1950,0.3773,-12.8587,0.0000,経路未発見,75
1951,0.3771,-12.8173,0.0000,経路未発見,42
1952,0.3769,-12.9040,0.0000,経路未発見,48
1953,0.3767,-13.0467,0.0000,経路未発見,39
1954,0.3766,-12.9027,0.0000,経路未発見,51
1955,0.3764,-13.1080,0.0000,経路未発見,55
1956,0.3762,-13.0053,0.0000,経路未発見,35
1957,0.3760,-12.9280,0.0000,経路未発見,28
1958,0.3758,-12.9187,0.0000,経路未発見,40
1959,0.3756,-12.7947,0.0000,経路未発見,34
1960,0.3754,-12.8600,0.0000,経路未発見,65
1961,0.3752,-12.8080,0.0000,経路未発見,22
1962,0.3751,-12.9013,0.0000,経路未発見,55
1963,0.3749,-12.8960,0.0000,経路未発見,26
1964,0.3747,-12.9173,0.0000,経路未発見,33
1965,0.3745,-12.8187,0.0000,経路未発見,38
1966,0.3743,-12.8733,0.0000,経路未発見,48
1967,0.3741,-12.8813,0.0000,経路未発見,28
1968,0.3739,-12.9413,0.0000,経路未発見,82
1969,0.3737,-12.9493,0.0000,経路未発見,39
1970,0.3736,-13.0293,0.0000,経路未発見,59
1971,0.3734,-13.0347,0.0000,経路未発見,28
1972,0.3732,-12.9760,0.0000,経路未発見,32
1973,0.3730,-12.9840,0.0000,経路未発見,38
1974,0.3728,-13.0680,0.0000,経路未発見,49
1975,0.3726,-13.0027,0.0000,経路未発見,37
1976,0.3724,-12.8667,0.0000,経路未発見,34
1977,0.3723,-12.8707,0.0000,経路未発見,60
1978,0.3721,-12.8760,0.0000,経路未発見,50
1979,0.3719,-12.8533,0.0000,経路未発見,49
1980,0.3717,-12.9293,0.0000,経路未発見,36
1981,0.3715,-12.9080,0.0000,経路未発見,26
1982,0.3713,-12.9587,0.0000,経路未発見,70
1983,0.3711,-12.9400,0.0000,経路未発見,40
1984,0.3710,-12.9280,0.0000,経路未発見,36
1985,0.3708,-12.5827,0.0000,経路未発見,33
1986,0.3706,-12.4867,0.0000,経路未発見,32
1987,0.3704,-12.4387,0.0000,経路未発見,22
1988,0.3702,-12.4573,0.0000,経路未発見,39
1989,0.3700,-12.5213,0.0000,経路未発見,44
1990,0.3698,-12.3200,0.0000,経路未発見,45
1991,0.3697,-12.4213,0.0000,経路未発見,37
1992,0.3695,-12.3787,0.0000,経路未発見,31
1993,0.3693,-12.3867,0.0000,経路未発見,39
1994,0.3691,-12.5080,0.0000,経路未発見,46
1995,0.3689,-12.5867,0.0000,経路未発見,30
1996,0.3687,-12.6053,0.0000,経路未発見,24
1997,0.3686,-12.7320,0.0000,経路未発見,49
1998,0.3684,-12.6800,0.0000,経路未発見,25
1999,0.3682,-12.7333,0.0000,経路未発見,30
2000,0.3680,-12.7067,0.0000,経路未発見,35
2001,0.3678,-12.7720,0.0000,経路未発見,69
2002,0.3676,-12.8987,0.0000,経路未発見,45
2003,0.3674,-12.8053,0.0333,経路未発見,121
2004,0.3673,-12.6693,0.0333,経路未発見,19
2005,0.3671,-12.7013,0.0333,経路未発見,38
2006,0.3669,-12.7293,0.0333,経路未発見,26
2007,0.3667,-12.7400,0.0333,経路未発見,22
2008,0.3665,-12.8320,0.0333,経路未発見,53
2009,0.3663,-12.8293,0.0333,経路未発見,20
2010,0.3662,-12.6653,0.0333,経路未発見,29
2011,0.3660,-12.6827,0.0333,経路未発見,26
2012,0.3658,-12.5587,0.0333,経路未発見,36
2013,0.3656,-12.6307,0.0333,経路未発見,52
2014,0.3654,-12.5960,0.0333,経路未発見,33
2015,0.3652,-12.6360,0.0333,経路未発見,29
2016,0.3651,-12.6853,0.0333,経路未発見,36
2017,0.3649,-12.7160,0.0333,経路未発見,62
2018,0.3647,-12.7600,0.0333,経路未発見,40
2019,0.3645,-12.7333,0.0333,経路未発見,28
2020,0.3643,-12.7760,0.0333,経路未発見,43
2021,0.3642,-12.8520,0.0333,経路未発見,43
2022,0.3640,-12.8253,0.0333,経路未発見,37
2023,0.3638,-12.9320,0.0333,経路未発見,43
2024,0.3636,-12.8560,0.0333,経路未発見,44
2025,0.3634,-12.9387,0.0333,経路未発見,50
2026,0.3632,-13.0453,0.0333,経路未発見,47
2027,0.3631,-13.0253,0.0333,経路未発見,41
2028,0.3629,-13.0213,0.0333,経路未発見,73
2029,0.3627,-13.0107,0.0333,経路未発見,33
2030,0.3625,-12.9427,0.0333,経路未発見,24
2031,0.3623,-12.8120,0.0333,経路未発見,45
2032,0.3622,-12.7893,0.0333,経路未発見,53
2033,0.3620,-12.8667,0.0000,経路未発見,30
2034,0.3618,-12.8333,0.0000,経路未発見,23
2035,0.3616,-12.8400,0.0000,経路未発見,41
2036,0.3614,-12.7293,0.0000,経路未発見,21
2037,0.3613,-12.8000,0.0000,経路未発見,28
2038,0.3611,-12.6640,0.0000,経路未発見,31
2039,0.3609,-12.5747,0.0000,経路未発見,35
2040,0.3607,-12.7173,0.0000,経路未発見,46
2041,0.3605,-12.6987,0.0000,経路未発見,27
2042,0.3603,-12.6680,0.0000,経路未発見,26
2043,0.3602,-12.5267,0.0000,経路未発見,26
2044,0.3600,-12.6013,0.0000,経路未発見,32
2045,0.3598,-12.6440,0.0000,経路未発見,34
2046,0.3596,-12.7093,0.0000,経路未発見,26
2047,0.3594,-12.6600,0.0000,経路未発見,35
2048,0.3593,-12.5453,0.0000,経路未発見,34
2049,0.3591,-12.4640,0.0000,経路未発見,26
2050,0.3589,-12.4507,0.0000,経路未発見,33
2051,0.3587,-12.3933,0.0000,経路未発見,51
2052,0.3586,-12.3813,0.0000,経路未発見,30
2053,0.3584,-12.3520,0.0000,経路未発見,29
2054,0.3582,-12.2840,0.0000,経路未発見,29
2055,0.3580,-12.0933,0.0000,経路未発見,42
2056,0.3578,-11.8947,0.0000,経路未発見,29
2057,0.3577,-11.8253,0.0000,経路未発見,37
2058,0.3575,-11.8840,0.0000,経路未発見,64
2059,0.3573,-11.9027,0.0000,経路未発見,36
2060,0.3571,-11.9240,0.0000,経路未発見,36
2061,0.3569,-11.9573,0.0000,経路未発見,34
2062,0.3568,-11.8973,0.0000,経路未発見,29
2063,0.3566,-11.8880,0.0000,経路未発見,25
2064,0.3564,-11.9760,0.0000,経路未発見,32
2065,0.3562,-11.9680,0.0000,経路未発見,39
2066,0.3561,-12.0653,0.0000,経路未発見,35
2067,0.3559,-12.0253,0.0000,経路未発見,43
2068,0.3557,-12.0573,0.0000,経路未発見,36
2069,0.3555,-12.0880,0.0000,経路未発見,22
2070,0.3553,-12.2547,0.0000,経路未発見,74
2071,0.3552,-12.3440,0.0000,経路未発見,35
2072,0.3550,-12.4013,0.0000,経路未発見,63
2073,0.3548,-12.4987,0.0000,経路未発見,57
2074,0.3546,-12.4240,0.0000,経路未発見,37
2075,0.3545,-12.4773,0.0000,経路未発見,44
2076,0.3543,-12.4093,0.0000,経路未発見,26
2077,0.3541,-12.4253,0.0000,経路未発見,24
2078,0.3539,-12.5067,0.0000,経路未発見,47
2079,0.3537,-12.5267,0.0000,経路未発見,20
2080,0.3536,-12.5413,0.0000,経路未発見,42
2081,0.3534,-12.6067,0.0000,経路未発見,41
2082,0.3532,-12.6360,0.0000,経路未発見,29
2083,0.3530,-12.6373,0.0000,経路未発見,47
2084,0.3529,-12.8253,0.0000,経路未発見,43
2085,0.3527,-12.9067,0.0000,経路未発見,44
2086,0.3525,-12.9373,0.0000,経路未発見,35
2087,0.3523,-12.8587,0.0000,経路未発見,18
2088,0.3522,-12.7347,0.0000,経路未発見,26
2089,0.3520,-12.6947,0.0000,経路未発見,36
2090,0.3518,-13.1507,0.0000,経路未発見,113
2091,0.3516,-13.1907,0.0000,経路未発見,38
2092,0.3515,-13.2013,0.0000,経路未発見,26
2093,0.3513,-13.2240,0.0000,経路未発見,40
2094,0.3511,-13.1813,0.0000,経路未発見,49
2095,0.3509,-13.1907,0.0000,経路未発見,48
2096,0.3507,-13.1640,0.0000,経路未発見,30
2097,0.3506,-13.2947,0.0000,経路未発見,69
2098,0.3504,-13.2787,0.0000,経路未発見,39
2099,0.3502,-13.3280,0.0000,経路未発見,42
2100,0.3500,-13.0960,0.0000,経路未発見,30
2101,0.3499,-12.9707,0.0000,経路未発見,32
2102,0.3497,-13.0067,0.0000,経路未発見,32
2103,0.3495,-12.9413,0.0000,経路未発見,31
2104,0.3493,-12.9667,0.0000,経路未発見,35
2105,0.3492,-12.9240,0.0000,経路未発見,43
2106,0.3490,-12.9053,0.0000,経路未発見,35
2107,0.3488,-12.9187,0.0000,経路未発見,46
2108,0.3486,-12.8933,0.0000,経路未発見,45
2109,0.3485,-12.9133,0.0000,経路未発見,33
2110,0.3483,-12.9320,0.0000,経路未発見,45
2111,0.3481,-12.8347,0.0000,経路未発見,46
2112,0.3480,-12.9040,0.0000,経路未発見,43
2113,0.3478,-12.8400,0.0000,経路未発見,33
2114,0.3476,-12.6147,0.0000,経路未発見,24
2115,0.3474,-12.5707,0.0000,経路未発見,62
2116,0.3473,-12.5973,0.0000,経路未発見,40
2117,0.3471,-12.7800,0.0000,経路未発見,32
2118,0.3469,-12.8373,0.0000,経路未発見,52
2119,0.3467,-12.9160,0.0000,経路未発見,44
2120,0.3466,-12.5600,0.0000,経路未発見,26
2121,0.3464,-12.5053,0.0000,経路未発見,25
2122,0.3462,-12.5307,0.0000,経路未発見,50
2123,0.3460,-12.4720,0.0000,経路未発見,34
2124,0.3459,-12.4960,0.0000,経路未発見,48
2125,0.3457,-12.3600,0.0000,経路未発見,26
2126,0.3455,-12.3320,0.0000,経路未発見,26
2127,0.3454,-12.2067,0.0000,経路未発見,32
2128,0.3452,-12.2520,0.0000,経路未発見,54
2129,0.3450,-12.2107,0.0000,経路未発見,43
2130,0.3448,-12.2440,0.0000,経路未発見,45
2131,0.3447,-12.2360,0.0000,経路未発見,30
2132,0.3445,-12.2373,0.0000,経路未発見,39
2133,0.3443,-12.3013,0.0000,経路未発見,41
2134,0.3441,-12.3600,0.0000,経路未発見,53
2135,0.3440,-12.3107,0.0000,経路未発見,45
2136,0.3438,-12.3333,0.0000,経路未発見,35
2137,0.3436,-12.3613,0.0000,経路未発見,34
2138,0.3435,-12.3200,0.0000,経路未発見,35
2139,0.3433,-12.2747,0.0000,経路未発見,33
2140,0.3431,-12.3107,0.0000,経路未発見,47
2141,0.3429,-12.2920,0.0000,経路未発見,29
2142,0.3428,-12.2773,0.0000,経路未発見,34
2143,0.3426,-12.3080,0.0000,経路未発見,47
2144,0.3424,-12.4760,0.0000,経路未発見,40
2145,0.3423,-12.4947,0.0000,経路未発見,46
2146,0.3421,-12.4787,0.0000,経路未発見,28
2147,0.3419,-12.4507,0.0000,経路未発見,43
2148,0.3417,-12.3853,0.0000,経路未発見,35
2149,0.3416,-12.3907,0.0000,経路未発見,44
2150,0.3414,-12.3320,0.0000,経路未発見,24
2151,0.3412,-12.2947,0.0000,経路未発見,16
2152,0.3411,-12.2347,0.0000,経路未発見,30
2153,0.3409,-12.3760,0.0000,経路未発見,45
2154,0.3407,-12.2907,0.0000,経路未発見,26
2155,0.3406,-12.4707,0.0000,経路未発見,72
2156,0.3404,-12.4613,0.0000,経路未発見,33
2157,0.3402,-12.4133,0.0000,経路未発見,27
2158,0.3400,-12.5000,0.0000,経路未発見,41
2159,0.3399,-12.5667,0.0000,経路未発見,44
2160,0.3397,-12.6907,0.0000,経路未発見,72
2161,0.3395,-12.7133,0.0000,経路未発見,37
2162,0.3394,-12.6413,0.0000,経路未発見,26
2163,0.3392,-12.6293,0.0000,経路未発見,49
2164,0.3390,-12.6307,0.0000,経路未発見,29
2165,0.3389,-12.6213,0.0000,経路未発見,25
2166,0.3387,-12.6240,0.0000,経路未発見,72
2167,0.3385,-12.5947,0.0000,経路未発見,35
2168,0.3383,-12.5773,0.0000,経路未発見,39
2169,0.3382,-12.6040,0.0000,経路未発見,23
2170,0.3380,-12.4827,0.0000,経路未発見,27
2171,0.3378,-12.4520,0.0000,経路未発見,34
2172,0.3377,-12.4293,0.0000,経路未発見,38
2173,0.3375,-12.4040,0.0000,経路未発見,41
2174,0.3373,-12.2947,0.0000,経路未発見,30
2175,0.3372,-12.3653,0.0000,経路未発見,55
2176,0.3370,-12.3413,0.0000,経路未発見,29
2177,0.3368,-12.2613,0.0000,経路未発見,36
2178,0.3367,-12.3133,0.0000,経路未発見,23
2179,0.3365,-12.3440,0.0000,経路未発見,35
2180,0.3363,-12.3387,0.0000,経路未発見,23
2181,0.3362,-12.4507,0.0000,経路未発見,32
2182,0.3360,-12.5000,0.0000,経路未発見,27
2183,0.3358,-12.4427,0.0000,経路未発見,31
2184,0.3356,-12.4627,0.0000,経路未発見,31
2185,0.3355,-12.4773,0.0000,経路未発見,50
2186,0.3353,-12.4560,0.0000,経路未発見,24
2187,0.3351,-12.4680,0.0000,経路未発見,41
2188,0.3350,-12.3320,0.0000,経路未発見,27
2189,0.3348,-12.3067,0.0000,経路未発見,42
2190,0.3346,-12.1907,0.0000,経路未発見,32
2191,0.3345,-12.2307,0.0000,経路未発見,33
2192,0.3343,-12.2333,0.0000,経路未発見,47
2193,0.3341,-12.1733,0.0000,経路未発見,36
2194,0.3340,-12.1320,0.0000,経路未発見,34
2195,0.3338,-12.1120,0.0000,経路未発見,42
2196,0.3336,-12.2080,0.0000,経路未発見,48
2197,0.3335,-12.1933,0.0000,経路未発見,26
2198,0.3333,-12.2120,0.0000,経路未発見,30
2199,0.3331,-12.2733,0.0000,経路未発見,46
2200,0.3330,-12.3080,0.0000,経路未発見,37
2201,0.3328,-12.3587,0.0000,経路未発見,26
2202,0.3326,-12.4107,0.0000,経路未発見,37
2203,0.3325,-12.4907,0.0000,経路未発見,55
2204,0.3323,-12.5000,0.0000,経路未発見,28
2205,0.3321,-12.3533,0.0000,経路未発見,25
2206,0.3320,-12.4547,0.0000,経路未発見,40
2207,0.3318,-12.4347,0.0000,経路未発見,42
2208,0.3316,-12.4227,0.0000,経路未発見,31
2209,0.3315,-12.4307,0.0000,経路未発見,37
2210,0.3313,-12.4733,0.0000,経路未発見,37
2211,0.3311,-12.4147,0.0000,経路未発見,52
2212,0.3310,-12.3960,0.0000,経路未発見,32
2213,0.3308,-12.3520,0.0000,経路未発見,30
2214,0.3306,-12.3080,0.0000,経路未発見,27
2215,0.3305,-12.2360,0.0000,経路未発見,53
2216,0.3303,-12.3120,0.0000,経路未発見,41
2217,0.3302,-12.2947,0.0000,経路未発見,26
2218,0.3300,-12.3280,0.0000,経路未発見,42
2219,0.3298,-12.3013,0.0000,経路未発見,37
2220,0.3297,-12.2320,0.0000,経路未発見,37
2221,0.3295,-12.2173,0.0000,経路未発見,28
2222,0.3293,-12.2240,0.0000,経路未発見,36
2223,0.3292,-12.2320,0.0000,経路未発見,31
2224,0.3290,-12.1907,0.0000,経路未発見,35
2225,0.3288,-12.2067,0.0000,経路未発見,24
2226,0.3287,-12.1307,0.0000,経路未発見,46
2227,0.3285,-12.1493,0.0000,経路未発見,25
2228,0.3283,-12.1360,0.0000,経路未発見,28
2229,0.3282,-12.0187,0.0000,経路未発見,19
2230,0.3280,-12.0613,0.0000,経路未発見,35
2231,0.3279,-12.0640,0.0000,経路未発見,32
2232,0.3277,-11.9747,0.0000,経路未発見,29
2233,0.3275,-11.8627,0.0000,経路未発見,32
2234,0.3274,-11.9613,0.0000,経路未発見,48
2235,0.3272,-12.0920,0.0000,経路未発見,58
2236,0.3270,-12.0360,0.0000,経路未発見,40
2237,0.3269,-12.0640,0.0000,経路未発見,42
2238,0.3267,-12.1320,0.0000,経路未発見,42
2239,0.3265,-12.1747,0.0000,経路未発見,50
2240,0.3264,-12.1453,0.0000,経路未発見,52
2241,0.3262,-12.1280,0.0000,経路未発見,26
2242,0.3261,-12.1547,0.0000,経路未発見,25
2243,0.3259,-12.1413,0.0000,経路未発見,31
2244,0.3257,-12.1413,0.0000,経路未発見,23
2245,0.3256,-12.1347,0.0000,経路未発見,50
2246,0.3254,-12.1640,0.0000,経路未発見,48
2247,0.3252,-12.2400,0.0000,経路未発見,47
2248,0.3251,-12.2107,0.0000,経路未発見,39
2249,0.3249,-12.1973,0.0000,経路未発見,31
2250,0.3247,-12.2453,0.0000,経路未発見,46
2251,0.3246,-12.2720,0.0000,経路未発見,40
2252,0.3244,-12.3667,0.0000,経路未発見,47
2253,0.3243,-12.3187,0.0000,経路未発見,33
2254,0.3241,-12.3627,0.0000,経路未発見,43
2255,0.3239,-12.4733,0.0000,経路未発見,37
2256,0.3238,-12.5147,0.0000,経路未発見,49
2257,0.3236,-12.5187,0.0000,経路未発見,33
2258,0.3235,-12.5147,0.0000,経路未発見,34
2259,0.3233,-12.5133,0.0000,経路未発見,16
2260,0.3231,-12.4507,0.0000,経路未発見,28
2261,0.3230,-12.4720,0.0000,経路未発見,33
2262,0.3228,-12.6027,0.0000,経路未発見,47
2263,0.3226,-12.7573,0.0000,経路未発見,45
2264,0.3225,-12.7187,0.0000,経路未発見,44
2265,0.3223,-12.5987,0.0000,経路未発見,29
2266,0.3222,-12.5973,0.0000,経路未発見,41
2267,0.3220,-12.6187,0.0000,経路未発見,43
2268,0.3218,-12.5760,0.0000,経路未発見,48
2269,0.3217,-12.4173,0.0000,経路未発見,28
2270,0.3215,-12.4747,0.0000,経路未発見,40
2271,0.3214,-12.5360,0.0000,経路未発見,30
2272,0.3212,-12.4960,0.0000,経路未発見,22
2273,0.3210,-12.5213,0.0000,経路未発見,34
2274,0.3209,-12.5480,0.0000,経路未発見,28
2275,0.3207,-12.5400,0.0000,経路未発見,59
2276,0.3206,-12.5160,0.0000,経路未発見,41
2277,0.3204,-12.4960,0.0000,経路未発見,53
2278,0.3202,-12.4080,0.0000,経路未発見,23
2279,0.3201,-12.5200,0.0000,経路未発見,54
2280,0.3199,-12.4853,0.0000,経路未発見,28
2281,0.3198,-12.4453,0.0000,経路未発見,37
2282,0.3196,-12.4293,0.0000,経路未発見,46
2283,0.3194,-12.4267,0.0000,経路未発見,31
2284,0.3193,-12.3667,0.0000,経路未発見,38
2285,0.3191,-12.3773,0.0000,経路未発見,37
2286,0.3190,-12.3200,0.0000,経路未発見,23
2287,0.3188,-12.3707,0.0000,経路未発見,33
2288,0.3186,-12.4227,0.0000,経路未発見,41
2289,0.3185,-12.5560,0.0000,経路未発見,40
2290,0.3183,-12.5693,0.0000,経路未発見,34
2291,0.3182,-12.5093,0.0000,経路未発見,32
2292,0.3180,-12.3440,0.0000,経路未発見,33
2293,0.3178,-12.1960,0.0000,経路未発見,35
2294,0.3177,-12.1400,0.0000,経路未発見,36
2295,0.3175,-12.1640,0.0000,経路未発見,28
2296,0.3174,-12.2120,0.0000,経路未発見,32
2297,0.3172,-12.1160,0.0000,経路未発見,28
2298,0.3170,-12.0867,0.0000,経路未発見,30
2299,0.3169,-12.0253,0.0000,経路未発見,24
2300,0.3167,-12.0040,0.0000,経路未発見,32
2301,0.3166,-12.0333,0.0000,経路未発見,52
2302,0.3164,-12.0427,0.0000,経路未発見,27
2303,0.3163,-11.9787,0.0000,経路未発見,23
2304,0.3161,-12.1160,0.0000,経路未発見,69
2305,0.3159,-12.0947,0.0000,経路未発見,43
2306,0.3158,-12.0347,0.0000,経路未発見,21
2307,0.3156,-12.0067,0.0000,経路未発見,45
2308,0.3155,-12.0147,0.0000,経路未発見,21
2309,0.3153,-11.9787,0.0000,経路未発見,44
2310,0.3152,-11.9653,0.0000,経路未発見,30
2311,0.3150,-11.9667,0.0000,経路未発見,36
2312,0.3148,-11.8987,0.0000,経路未発見,39
2313,0.3147,-11.9787,0.0000,経路未発見,45
2314,0.3145,-12.1573,0.0000,経路未発見,43
2315,0.3144,-11.9880,0.0000,経路未発見,22
2316,0.3142,-11.9987,0.0000,経路未発見,42
2317,0.3140,-11.9787,0.0000,経路未発見,55
2318,0.3139,-11.9840,0.0000,経路未発見,64
2319,0.3137,-11.9053,0.0000,経路未発見,40
2320,0.3136,-12.0480,0.0000,経路未発見,40
2321,0.3134,-12.0173,0.0000,経路未発見,37
2322,0.3133,-11.9613,0.0000,経路未発見,18
2323,0.3131,-11.9627,0.0000,経路未発見,49
2324,0.3130,-11.8960,0.0000,経路未発見,24
2325,0.3128,-11.8560,0.0000,経路未発見,32
2326,0.3126,-11.8987,0.0000,経路未発見,48
2327,0.3125,-11.9840,0.0000,経路未発見,35
2328,0.3123,-12.0427,0.0000,経路未発見,51
2329,0.3122,-12.1227,0.0000,経路未発見,27
2330,0.3120,-12.1800,0.0000,経路未発見,35
2331,0.3119,-12.0387,0.0000,経路未発見,26
2332,0.3117,-12.0240,0.0000,経路未発見,37
2333,0.3115,-12.1400,0.0000,経路未発見,25
2334,0.3114,-12.0747,0.0000,経路未発見,44
2335,0.3112,-12.1000,0.0000,経路未発見,45
2336,0.3111,-12.1453,0.0000,経路未発見,25
2337,0.3109,-12.1773,0.0000,経路未発見,50
2338,0.3108,-12.5733,0.0000,経路未発見,123
2339,0.3106,-12.5680,0.0000,経路未発見,40
2340,0.3105,-12.6000,0.0000,経路未発見,57
2341,0.3103,-12.6333,0.0000,経路未発見,36
2342,0.3101,-12.6573,0.0000,経路未発見,57
2343,0.3100,-12.7733,0.0000,経路未発見,36
2344,0.3098,-12.5627,0.0000,経路未発見,53
2345,0.3097,-12.7067,0.0000,経路未発見,35
2346,0.3095,-12.7373,0.0000,経路未発見,44
2347,0.3094,-12.6427,0.0000,経路未発見,23
2348,0.3092,-12.5627,0.0000,経路未発見,23
2349,0.3091,-12.5733,0.0000,経路未発見,25
2350,0.3089,-12.4133,0.0000,経路未発見,23
2351,0.3088,-12.4227,0.0000,経路未発見,42
2352,0.3086,-12.4680,0.0000,経路未発見,25
2353,0.3084,-12.4613,0.0000,経路未発見,35
2354,0.3083,-12.4760,0.0000,経路未発見,30
2355,0.3081,-12.5160,0.0000,経路未発見,39
2356,0.3080,-12.4347,0.0000,経路未発見,42
2357,0.3078,-12.4280,0.0000,経路未発見,32
2358,0.3077,-12.4720,0.0000,経路未発見,67
2359,0.3075,-12.4387,0.0000,経路未発見,42
2360,0.3074,-12.3613,0.0000,経路未発見,68
2361,0.3072,-12.5120,0.0000,経路未発見,57
2362,0.3071,-12.6000,0.0000,経路未発見,42
2363,0.3069,-12.5867,0.0000,経路未発見,45
2364,0.3068,-12.6547,0.0000,経路未発見,70
2365,0.3066,-12.5827,0.0000,経路未発見,29
2366,0.3064,-12.5160,0.0000,経路未発見,24
2367,0.3063,-12.5067,0.0000,経路未発見,45
2368,0.3061,-12.1733,0.0000,経路未発見,28
2369,0.3060,-12.1293,0.0000,経路未発見,47
2370,0.3058,-12.0707,0.0000,経路未発見,47
2371,0.3057,-12.0640,0.0000,経路未発見,37
2372,0.3055,-12.0560,0.0000,経路未発見,37
2373,0.3054,-11.8920,0.0000,経路未発見,32
2374,0.3052,-11.9200,0.0000,経路未発見,22
2375,0.3051,-11.8347,0.0000,経路未発見,28
2376,0.3049,-11.7720,0.0000,経路未発見,26
2377,0.3048,-11.8400,0.0000,経路未発見,46
2378,0.3046,-11.8533,0.0000,経路未発見,33
2379,0.3045,-11.8760,0.0000,経路未発見,36
2380,0.3043,-11.9413,0.0000,経路未発見,47
2381,0.3042,-11.9400,0.0000,経路未発見,39
2382,0.3040,-11.9547,0.0000,経路未発見,23
2383,0.3039,-12.0560,0.0000,経路未発見,50
2384,0.3037,-12.0760,0.0000,経路未発見,35
2385,0.3035,-12.1440,0.0000,経路未発見,39
2386,0.3034,-12.0947,0.0000,経路未発見,41
2387,0.3032,-12.0707,0.0000,経路未発見,29
2388,0.3031,-11.9613,0.0000,経路未発見,38
2389,0.3029,-12.0133,0.0000,経路未発見,37
2390,0.3028,-12.2187,0.0000,経路未発見,47
2391,0.3026,-12.2107,0.0000,経路未発見,47
2392,0.3025,-12.1160,0.0000,経路未発見,84
2393,0.3023,-12.1680,0.0000,経路未発見,40
2394,0.3022,-12.0347,0.0000,経路未発見,28
2395,0.3020,-12.1507,0.0000,経路未発見,42
2396,0.3019,-12.1613,0.0000,経路未発見,25
2397,0.3017,-12.1520,0.0000,経路未発見,40
2398,0.3016,-12.1213,0.0000,経路未発見,26
2399,0.3014,-12.2093,0.0000,経路未発見,37
2400,0.3013,-12.2573,0.0000,経路未発見,30
2401,0.3011,-12.3013,0.0000,経路未発見,49
2402,0.3010,-12.3253,0.0000,経路未発見,42
2403,0.3008,-12.2827,0.0000,経路未発見,23
2404,0.3007,-12.2920,0.0000,経路未発見,27
2405,0.3005,-12.2893,0.0000,経路未発見,41
2406,0.3004,-12.3693,0.0000,経路未発見,48
2407,0.3002,-12.4427,0.0000,経路未発見,69
2408,0.3001,-12.4867,0.0000,経路未発見,38
2409,0.2999,-12.4480,0.0000,経路未発見,28
2410,0.2998,-12.4760,0.0000,経路未発見,55
2411,0.2996,-12.4720,0.0000,経路未発見,23
2412,0.2995,-12.4653,0.0000,経路未発見,35
2413,0.2993,-12.3853,0.0000,経路未発見,32
2414,0.2992,-12.4787,0.0000,経路未発見,44
2415,0.2990,-12.3573,0.0000,経路未発見,30
2416,0.2989,-12.3160,0.0000,経路未発見,20
2417,0.2987,-12.3160,0.0000,経路未発見,48
2418,0.2986,-12.3547,0.0000,経路未発見,24
2419,0.2984,-12.2573,0.0000,経路未発見,15
2420,0.2983,-12.0253,0.0000,経路未発見,48
2421,0.2981,-11.9320,0.0000,経路未発見,38
2422,0.2980,-11.9840,0.0000,経路未発見,71
2423,0.2978,-11.9493,0.0000,経路未発見,37
2424,0.2977,-11.9587,0.0000,経路未発見,21
2425,0.2975,-11.8653,0.0000,経路未発見,29
2426,0.2974,-11.9667,0.0000,経路未発見,47
2427,0.2972,-11.8907,0.0000,経路未発見,23
2428,0.2971,-12.0680,0.0000,経路未発見,39
2429,0.2969,-11.9960,0.0000,経路未発見,25
2430,0.2968,-11.9720,0.0000,経路未発見,46
2431,0.2966,-11.8933,0.0000,経路未発見,27
2432,0.2965,-11.7960,0.0000,経路未発見,21
2433,0.2963,-11.8573,0.0000,経路未発見,31
2434,0.2962,-11.8800,0.0000,経路未発見,30
2435,0.2961,-11.8587,0.0000,経路未発見,44
2436,0.2959,-11.9560,0.0000,経路未発見,43
2437,0.2958,-11.8933,0.0000,経路未発見,31
2438,0.2956,-11.9587,0.0000,経路未発見,35
2439,0.2955,-12.0307,0.0000,経路未発見,44
2440,0.2953,-11.9333,0.0000,経路未発見,41
2441,0.2952,-12.0827,0.0000,経路未発見,36
2442,0.2950,-12.0507,0.0000,経路未発見,23
2443,0.2949,-12.0027,0.0000,経路未発見,30
2444,0.2947,-11.9973,0.0000,経路未発見,55
2445,0.2946,-12.0773,0.0000,経路未発見,44
2446,0.2944,-12.1333,0.0000,経路未発見,39
2447,0.2943,-12.2400,0.0000,経路未発見,33
2448,0.2941,-12.3253,0.0000,経路未発見,38
2449,0.2940,-12.4453,0.0000,経路未発見,33
2450,0.2938,-12.4373,0.0000,経路未発見,38
2451,0.2937,-12.4507,0.0000,経路未発見,44
2452,0.2935,-12.4147,0.0000,経路未発見,38
2453,0.2934,-12.3947,0.0000,経路未発見,35
2454,0.2933,-12.4267,0.0000,経路未発見,26
2455,0.2931,-12.4293,0.0000,経路未発見,31
2456,0.2930,-12.3933,0.0000,経路未発見,41
2457,0.2928,-12.4240,0.0000,経路未発見,25
2458,0.2927,-12.2800,0.0000,経路未発見,41
2459,0.2925,-12.2520,0.0000,経路未発見,75
2460,0.2924,-12.3173,0.0000,経路未発見,70
2461,0.2922,-12.3907,0.0000,経路未発見,41
2462,0.2921,-12.4933,0.0000,経路未発見,54
2463,0.2919,-12.4800,0.0000,経路未発見,29
2464,0.2918,-12.4547,0.0000,経路未発見,33
2465,0.2916,-12.4840,0.0000,経路未発見,32
2466,0.2915,-12.3680,0.0000,経路未発見,39
2467,0.2914,-12.2853,0.0000,経路未発見,26
2468,0.2912,-12.2227,0.0000,経路未発見,28
2469,0.2911,-12.2027,0.0000,経路未発見,35
2470,0.2909,-12.2333,0.0000,経路未発見,35
2471,0.2908,-12.1067,0.0000,経路未発見,38
2472,0.2906,-12.1613,0.0000,経路未発見,35
2473,0.2905,-12.2227,0.0000,経路未発見,42
2474,0.2903,-12.3053,0.0000,経路未発見,56
2475,0.2902,-12.2507,0.0000,経路未発見,32
2476,0.2900,-12.2773,0.0000,経路未発見,40
2477,0.2899,-12.1933,0.0000,経路未発見,44
2478,0.2898,-12.0920,0.0000,経路未発見,42
2479,0.2896,-12.0373,0.0000,経路未発見,24
2480,0.2895,-12.0213,0.0000,経路未発見,34
2481,0.2893,-12.0547,0.0000,経路未発見,33
2482,0.2892,-12.0427,0.0000,経路未発見,35
2483,0.2890,-12.0013,0.0000,経路未発見,44
2484,0.2889,-12.0227,0.0000,経路未発見,57
2485,0.2887,-12.0387,0.0000,経路未発見,43
2486,0.2886,-12.0533,0.0000,経路未発見,46
2487,0.2885,-12.1187,0.0000,経路未発見,49
2488,0.2883,-12.0827,0.0000,経路未発見,39
2489,0.2882,-12.0613,0.0000,経路未発見,35
2490,0.2880,-11.9253,0.0000,経路未発見,26
2491,0.2879,-11.9707,0.0000,経路未発見,41
2492,0.2877,-11.9440,0.0000,経路未発見,30
2493,0.2876,-11.9120,0.0000,経路未発見,31
2494,0.2874,-11.9653,0.0000,経路未発見,27
2495,0.2873,-11.9467,0.0000,経路未発見,33
2496,0.2872,-12.0013,0.0000,経路未発見,73
2497,0.2870,-12.1107,0.0000,経路未発見,43
2498,0.2869,-12.1440,0.0000,経路未発見,36
2499,0.2867,-12.1747,0.0000,経路未発見,30
2500,0.2866,-12.1547,0.0000,経路未発見,26
2501,0.2864,-12.2040,0.0000,経路未発見,46
2502,0.2863,-12.1587,0.0000,経路未発見,28
2503,0.2862,-12.1613,0.0000,経路未発見,36
2504,0.2860,-11.9987,0.0000,経路未発見,33
2505,0.2859,-11.9667,0.0000,経路未発見,27
2506,0.2857,-11.9160,0.0000,経路未発見,25
2507,0.2856,-11.9720,0.0000,経路未発見,44
2508,0.2854,-12.0347,0.0000,経路未発見,60
2509,0.2853,-12.0373,0.0000,経路未発見,30
2510,0.2852,-12.0533,0.0000,経路未発見,27
2511,0.2850,-11.9933,0.0000,経路未発見,28
2512,0.2849,-12.0107,0.0000,経路未発見,31
2513,0.2847,-11.9613,0.0000,経路未発見,28
2514,0.2846,-11.8520,0.0000,経路未発見,17
2515,0.2844,-11.7907,0.0000,経路未発見,36
2516,0.2843,-11.7987,0.0000,経路未発見,56
2517,0.2842,-11.7347,0.0000,経路未発見,29
2518,0.2840,-11.7440,0.0000,経路未発見,33
2519,0.2839,-11.7640,0.0000,経路未発見,37
2520,0.2837,-11.7773,0.0000,経路未発見,28
2521,0.2836,-11.6173,0.0000,経路未発見,28
2522,0.2834,-11.6027,0.0000,経路未発見,40
2523,0.2833,-11.6187,0.0000,経路未発見,43
2524,0.2832,-11.6320,0.0000,経路未発見,37
2525,0.2830,-11.6640,0.0000,経路未発見,38
2526,0.2829,-11.6160,0.0000,経路未発見,33
2527,0.2827,-11.6000,0.0000,経路未発見,31
2528,0.2826,-11.6107,0.0000,経路未発見,40
2529,0.2825,-11.4987,0.0000,経路未発見,25
2530,0.2823,-11.4733,0.0000,経路未発見,28
2531,0.2822,-11.4587,0.0000,経路未発見,41
2532,0.2820,-11.5053,0.0000,経路未発見,34
2533,0.2819,-11.4373,0.0000,経路未発見,22
2534,0.2818,-11.5267,0.0000,経路未発見,41
2535,0.2816,-11.5947,0.0000,経路未発見,34
2536,0.2815,-11.6000,0.0000,経路未発見,40
2537,0.2813,-11.5013,0.0000,経路未発見,35
2538,0.2812,-11.3760,0.0000,経路未発見,31
2539,0.2810,-11.3960,0.0000,経路未発見,43
2540,0.2809,-11.4893,0.0000,経路未発見,51
2541,0.2808,-11.4293,0.0000,経路未発見,58
2542,0.2806,-11.4333,0.0000,経路未発見,43
2543,0.2805,-11.4147,0.0000,経路未発見,30
2544,0.2803,-11.5547,0.0000,経路未発見,40
2545,0.2802,-11.5653,0.0000,経路未発見,39
2546,0.2801,-11.7773,0.0000,経路未発見,65
2547,0.2799,-11.8720,0.0000,経路未発見,40
2548,0.2798,-11.8747,0.0000,経路未発見,27
2549,0.2796,-11.8480,0.0000,経路未発見,36
2550,0.2795,-11.9027,0.0000,経路未発見,40
2551,0.2794,-12.0253,0.0000,経路未発見,55
2552,0.2792,-11.9920,0.0000,経路未発見,36
2553,0.2791,-11.9747,0.0000,経路未発見,51
2554,0.2789,-11.9053,0.0000,経路未発見,38
2555,0.2788,-11.9693,0.0000,経路未発見,44
2556,0.2787,-11.9133,0.0000,経路未発見,33
2557,0.2785,-11.8733,0.0000,経路未発見,28
2558,0.2784,-11.8747,0.0000,経路未発見,62
2559,0.2783,-11.8960,0.0000,経路未発見,26
2560,0.2781,-11.9813,0.0000,経路未発見,28
2561,0.2780,-12.0373,0.0000,経路未発見,42
2562,0.2778,-12.0000,0.0000,経路未発見,48
2563,0.2777,-12.0720,0.0000,経路未発見,45
2564,0.2776,-12.1360,0.0000,経路未発見,33
2565,0.2774,-12.1240,0.0000,経路未発見,27
2566,0.2773,-12.2027,0.0000,経路未発見,40
2567,0.2771,-12.2520,0.0000,経路未発見,28
2568,0.2770,-12.3360,0.0000,経路未発見,35
2569,0.2769,-12.2880,0.0000,経路未発見,26
2570,0.2767,-12.2093,0.0000,経路未発見,32
2571,0.2766,-12.2800,0.0000,経路未発見,17
2572,0.2764,-12.3147,0.0000,経路未発見,35
2573,0.2763,-11.9040,0.0333,経路未発見,87
2574,0.2762,-11.8293,0.0333,経路未発見,41
2575,0.2760,-11.8240,0.0333,経路未発見,16
2576,0.2759,-11.5773,0.0333,経路未発見,34
2577,0.2758,-11.5307,0.0333,経路未発見,45
2578,0.2756,-11.6280,0.0333,経路未発見,45
2579,0.2755,-11.6613,0.0333,経路未発見,67
2580,0.2753,-11.6933,0.0333,経路未発見,49
2581,0.2752,-11.6267,0.0333,経路未発見,24
2582,0.2751,-11.6600,0.0333,経路未発見,40
2583,0.2749,-11.6613,0.0333,経路未発見,35
2584,0.2748,-11.7467,0.0333,経路未発見,30
2585,0.2747,-11.6400,0.0333,経路未発見,44
2586,0.2745,-11.6280,0.0333,経路未発見,26
2587,0.2744,-11.6173,0.0333,経路未発見,32
2588,0.2742,-11.5907,0.0333,経路未発見,42
2589,0.2741,-11.5787,0.0333,経路未発見,34
2590,0.2740,-11.5013,0.0333,経路未発見,34
2591,0.2738,-11.4813,0.0333,経路未発見,36
2592,0.2737,-11.5427,0.0333,経路未発見,37
2593,0.2736,-11.5907,0.0333,経路未発見,39
2594,0.2734,-11.4653,0.0333,経路未発見,75
2595,0.2733,-11.5133,0.0333,経路未発見,29
2596,0.2732,-11.4627,0.0333,経路未発見,44
2597,0.2730,-11.4947,0.0333,経路未発見,41
2598,0.2729,-11.4160,0.0333,経路未発見,39
2599,0.2727,-11.4840,0.0333,経路未発見,56
2600,0.2726,-11.5013,0.0333,経路未発見,43
2601,0.2725,-11.4893,0.0333,経路未発見,44
2602,0.2723,-11.4507,0.0333,経路未発見,27
2603,0.2722,-11.8987,0.0000,経路未発見,23
2604,0.2721,-11.8907,0.0000,経路未発見,51
2605,0.2719,-11.8947,0.0000,経路未発見,17
2606,0.2718,-11.9560,0.0000,経路未発見,42
2607,0.2717,-11.9667,0.0000,経路未発見,45
2608,0.2715,-11.9147,0.0000,経路未発見,42
2609,0.2714,-11.8600,0.0000,経路未発見,31
2610,0.2712,-11.7947,0.0000,経路未発見,25
2611,0.2711,-11.7773,0.0000,経路未発見,24
2612,0.2710,-11.7907,0.0000,経路未発見,50
2613,0.2708,-11.7947,0.0000,経路未発見,51
2614,0.2707,-11.7387,0.0000,経路未発見,49
2615,0.2706,-11.7067,0.0000,経路未発見,24
2616,0.2704,-11.6960,0.0000,経路未発見,33
2617,0.2703,-11.6693,0.0000,経路未発見,27
2618,0.2702,-11.5973,0.0000,経路未発見,26
2619,0.2700,-11.6427,0.0000,経路未発見,30
2620,0.2699,-11.6667,0.0000,経路未発見,33
2621,0.2698,-11.5867,0.0000,経路未発見,37
2622,0.2696,-11.5667,0.0000,経路未発見,43
2623,0.2695,-11.5293,0.0000,経路未発見,49
2624,0.2694,-11.5667,0.0000,経路未発見,46
2625,0.2692,-11.5200,0.0000,経路未発見,41
2626,0.2691,-11.5493,0.0000,経路未発見,43
2627,0.2689,-11.4520,0.0000,経路未発見,31
2628,0.2688,-11.4880,0.0000,経路未発見,30
2629,0.2687,-11.4520,0.0000,経路未発見,31
2630,0.2685,-11.4173,0.0000,経路未発見,36
2631,0.2684,-11.4000,0.0000,経路未発見,29
2632,0.2683,-11.4160,0.0000,経路未発見,39
2633,0.2681,-11.4267,0.0000,経路未発見,46
2634,0.2680,-11.4200,0.0000,経路未発見,32
2635,0.2679,-11.4080,0.0000,経路未発見,33
2636,0.2677,-11.3027,0.0000,経路未発見,33
2637,0.2676,-11.2573,0.0000,経路未発見,42
2638,0.2675,-11.2240,0.0000,経路未発見,23
2639,0.2673,-11.6907,0.0000,経路未発見,123
2640,0.2672,-11.6987,0.0000,経路未発見,23
2641,0.2671,-11.7907,0.0000,経路未発見,53
2642,0.2669,-11.7427,0.0000,経路未発見,30
2643,0.2668,-11.7400,0.0000,経路未発見,34
2644,0.2667,-11.6800,0.0000,経路未発見,17
2645,0.2665,-11.7600,0.0000,経路未発見,42
2646,0.2664,-11.7853,0.0000,経路未発見,35
2647,0.2663,-11.8480,0.0000,経路未発見,60
2648,0.2661,-11.8320,0.0000,経路未発見,22
2649,0.2660,-11.8933,0.0000,経路未発見,34
2650,0.2659,-11.9693,0.0000,経路未発見,31
2651,0.2657,-12.0587,0.0000,経路未発見,37
2652,0.2656,-12.0253,0.0000,経路未発見,31
2653,0.2655,-12.0160,0.0000,経路未発見,44
2654,0.2653,-11.9427,0.0000,経路未発見,23
2655,0.2652,-11.9707,0.0000,経路未発見,49
2656,0.2651,-11.9053,0.0000,経路未発見,23
2657,0.2649,-11.9240,0.0000,経路未発見,18
2658,0.2648,-12.0453,0.0000,経路未発見,54
2659,0.2647,-11.9920,0.0000,経路未発見,29
2660,0.2645,-11.9520,0.0000,経路未発見,29
2661,0.2644,-11.9720,0.0000,経路未発見,42
2662,0.2643,-11.9507,0.0000,経路未発見,38
2663,0.2642,-12.0293,0.0000,経路未発見,50
2664,0.2640,-12.0280,0.0000,経路未発見,29
2665,0.2639,-12.0640,0.0000,経路未発見,43
2666,0.2638,-12.0893,0.0000,経路未発見,35
2667,0.2636,-12.1293,0.0000,経路未発見,49
2668,0.2635,-12.1733,0.0000,経路未発見,35
2669,0.2634,-11.7013,0.0000,経路未発見,35
2670,0.2632,-11.7373,0.0000,経路未発見,37
2671,0.2631,-11.6240,0.0000,経路未発見,31
2672,0.2630,-11.6013,0.0000,経路未発見,22
2673,0.2628,-11.5933,0.0000,経路未発見,32
2674,0.2627,-11.7027,0.0000,経路未発見,38
2675,0.2626,-11.7947,0.0000,経路未発見,71
2676,0.2624,-11.7493,0.0000,経路未発見,51
2677,0.2623,-11.7093,0.0000,経路未発見,34
2678,0.2622,-11.7760,0.0000,経路未発見,41
2679,0.2620,-11.7027,0.0000,経路未発見,38
2680,0.2619,-11.6627,0.0000,経路未発見,35
2681,0.2618,-11.5800,0.0000,経路未発見,40
2682,0.2617,-11.6053,0.0000,経路未発見,33
2683,0.2615,-11.5787,0.0000,経路未発見,39
2684,0.2614,-11.6120,0.0000,経路未発見,35
2685,0.2613,-11.6293,0.0333,経路未発見,118
2686,0.2611,-11.6240,0.0333,経路未発見,34
2687,0.2610,-11.6427,0.0333,経路未発見,28
2688,0.2609,-11.5547,0.0333,経路未発見,45
2689,0.2607,-11.6533,0.0333,経路未発見,31
2690,0.2606,-11.6387,0.0333,経路未発見,20
2691,0.2605,-11.6973,0.0333,経路未発見,48
2692,0.2603,-11.0560,0.0667,経路未発見,73
2693,0.2602,-11.0133,0.0667,経路未発見,33
2694,0.2601,-11.1107,0.0667,経路未発見,43
2695,0.2600,-11.1173,0.0667,経路未発見,31
2696,0.2598,-11.1333,0.0667,経路未発見,36
2697,0.2597,-11.0600,0.0667,経路未発見,23
2698,0.2596,-11.0107,0.0667,経路未発見,30
2699,0.2594,-11.0933,0.0667,経路未発見,40
2700,0.2593,-11.1280,0.0667,経路未発見,29
2701,0.2592,-11.1467,0.0667,経路未発見,22
2702,0.2590,-11.1920,0.0667,経路未発見,37
2703,0.2589,-11.1960,0.0667,経路未発見,33
2704,0.2588,-11.2040,0.0667,経路未発見,44
2705,0.2587,-11.1480,0.0667,経路未発見,37
2706,0.2585,-11.1893,0.0667,経路未発見,45
2707,0.2584,-11.2160,0.0667,経路未発見,31
2708,0.2583,-11.2867,0.0667,経路未発見,43
2709,0.2581,-11.3227,0.0667,経路未発見,33
2710,0.2580,-11.3507,0.0667,経路未発見,39
2711,0.2579,-11.3680,0.0667,経路未発見,51
2712,0.2578,-11.3307,0.0667,経路未発見,28
2713,0.2576,-11.3600,0.0667,経路未発見,50
2714,0.2575,-11.3467,0.0667,経路未発見,44
2715,0.2574,-11.2373,0.0333,経路未発見,20
2716,0.2572,-11.2680,0.0333,経路未発見,40
2717,0.2571,-11.2640,0.0333,経路未発見,31
2718,0.2570,-11.2933,0.0333,経路未発見,52
2719,0.2569,-11.2600,0.0333,経路未発見,38
2720,0.2567,-11.3667,0.0333,経路未発見,54
2721,0.2566,-11.3173,0.0333,経路未発見,36
2722,0.2565,-11.9560,0.0000,経路未発見,40
2723,0.2563,-11.9293,0.0000,経路未発見,36
2724,0.2562,-11.8453,0.0000,経路未発見,35
2725,0.2561,-11.8747,0.0000,経路未発見,34
2726,0.2560,-11.8427,0.0000,経路未発見,23
2727,0.2558,-11.8760,0.0000,経路未発見,34
2728,0.2557,-11.9493,0.0000,経路未発見,53
2729,0.2556,-11.9040,0.0000,経路未発見,44
2730,0.2554,-11.8547,0.0000,経路未発見,39
2731,0.2553,-11.8760,0.0000,経路未発見,38
2732,0.2552,-11.8200,0.0000,経路未発見,25
2733,0.2551,-11.8507,0.0000,経路未発見,46
2734,0.2549,-11.8013,0.0000,経路未発見,24
2735,0.2548,-11.7053,0.0000,経路未発見,18
2736,0.2547,-11.6987,0.0000,経路未発見,28
2737,0.2546,-11.6520,0.0000,経路未発見,36
2738,0.2544,-11.6107,0.0000,経路未発見,33
2739,0.2543,-11.5613,0.0000,経路未発見,24
2740,0.2542,-11.4947,0.0000,経路未発見,23
2741,0.2540,-11.4240,0.0000,経路未発見,27
2742,0.2539,-11.4760,0.0000,経路未発見,38
2743,0.2538,-11.4107,0.0000,経路未発見,33
2744,0.2537,-11.4413,0.0000,経路未発見,24
2745,0.2535,-11.4893,0.0000,経路未発見,33
2746,0.2534,-11.4840,0.0000,経路未発見,25
2747,0.2533,-11.4253,0.0000,経路未発見,21
2748,0.2532,-11.2947,0.0000,経路未発見,23
2749,0.2530,-11.2760,0.0000,経路未発見,24
2750,0.2529,-11.1947,0.0000,経路未発見,33
2751,0.2528,-11.2480,0.0000,経路未発見,27
2752,0.2527,-11.2640,0.0000,経路未発見,29
2753,0.2525,-11.2213,0.0000,経路未発見,27
2754,0.2524,-11.2053,0.0000,経路未発見,31
2755,0.2523,-11.1347,0.0000,経路未発見,25
2756,0.2521,-11.1587,0.0000,経路未発見,37
2757,0.2520,-11.1787,0.0000,経路未発見,25
2758,0.2519,-11.1093,0.0000,経路未発見,39
2759,0.2518,-11.1493,0.0000,経路未発見,32
2760,0.2516,-11.2333,0.0000,経路未発見,47
2761,0.2515,-11.2267,0.0000,経路未発見,31
2762,0.2514,-11.3373,0.0000,経路未発見,64
2763,0.2513,-11.3413,0.0000,経路未発見,36
2764,0.2511,-11.3240,0.0000,経路未発見,25
2765,0.2510,-11.4213,0.0000,経路未発見,24
2766,0.2509,-11.4720,0.0000,経路未発見,38
2767,0.2508,-11.4800,0.0000,経路未発見,27
2768,0.2506,-11.4453,0.0000,経路未発見,18
2769,0.2505,-11.4640,0.0000,経路未発見,42
2770,0.2504,-11.4453,0.0000,経路未発見,32
2771,0.2503,-11.5373,0.0000,経路未発見,40
2772,0.2501,-11.5560,0.0000,経路未発見,37
2773,0.2500,-11.5347,0.0000,経路未発見,21
2774,0.2499,-11.5013,0.0000,経路未発見,27
2775,0.2498,-11.5000,0.0000,経路未発見,34
2776,0.2496,-11.4533,0.0000,経路未発見,33
2777,0.2495,-11.5427,0.0000,経路未発見,67
2778,0.2494,-11.6067,0.0000,経路未発見,51
2779,0.2493,-11.5627,0.0000,経路未発見,31
2780,0.2491,-11.5493,0.0000,経路未発見,27
2781,0.2490,-11.4453,0.0000,経路未発見,21
2782,0.2489,-11.4840,0.0000,経路未発見,37
2783,0.2488,-11.6040,0.0000,経路未発見,56
2784,0.2486,-11.7880,0.0000,経路未発見,51
2785,0.2485,-11.8533,0.0000,経路未発見,30
2786,0.2484,-11.8693,0.0000,経路未発見,34
2787,0.2483,-11.9053,0.0000,経路未発見,61
2788,0.2481,-11.9160,0.0000,経路未発見,35
2789,0.2480,-11.9680,0.0000,経路未発見,39
2790,0.2479,-11.8587,0.0000,経路未発見,45
2791,0.2478,-11.9347,0.0000,経路未発見,33
2792,0.2476,-11.8680,0.0000,経路未発見,41
2793,0.2475,-11.7933,0.0000,経路未発見,18
2794,0.2474,-11.8120,0.0000,経路未発見,46
2795,0.2473,-11.7227,0.0000,経路未発見,24
2796,0.2472,-11.7027,0.0000,経路未発見,44
2797,0.2470,-11.6893,0.0000,経路未発見,36
2798,0.2469,-11.7893,0.0000,経路未発見,57
2799,0.2468,-11.7947,0.0000,経路未発見,46
2800,0.2467,-11.8053,0.0000,経路未発見,40
2801,0.2465,-11.8240,0.0000,経路未発見,54
2802,0.2464,-11.8067,0.0000,経路未発見,26
2803,0.2463,-11.9053,0.0000,経路未発見,38
2804,0.2462,-11.8600,0.0000,経路未発見,31
2805,0.2460,-11.9147,0.0000,経路未発見,35
2806,0.2459,-11.9320,0.0000,経路未発見,29
2807,0.2458,-11.9320,0.0000,経路未発見,40
2808,0.2457,-11.9587,0.0000,経路未発見,41
2809,0.2456,-11.9573,0.0000,経路未発見,28
2810,0.2454,-11.9893,0.0000,経路未発見,32
2811,0.2453,-12.0200,0.0000,経路未発見,38
2812,0.2452,-11.9413,0.0000,経路未発見,22
2813,0.2451,-11.8533,0.0000,経路未発見,32
2814,0.2449,-11.7293,0.0000,経路未発見,36
2815,0.2448,-11.6400,0.0000,経路未発見,26
2816,0.2447,-11.6133,0.0000,経路未発見,33
2817,0.2446,-11.5467,0.0000,経路未発見,26
2818,0.2444,-11.5493,0.0000,経路未発見,45
2819,0.2443,-11.5253,0.0000,経路未発見,36
2820,0.2442,-11.5307,0.0000,経路未発見,30
2821,0.2441,-11.4787,0.0000,経路未発見,38
2822,0.2440,-11.5600,0.0000,経路未発見,43
2823,0.2438,-11.6360,0.0000,経路未発見,62
2824,0.2437,-11.7267,0.0000,経路未発見,57
2825,0.2436,-11.7413,0.0000,経路未発見,33
2826,0.2435,-11.7600,0.0000,経路未発見,62
2827,0.2434,-11.7960,0.0000,経路未発見,23
2828,0.2432,-11.6560,0.0000,経路未発見,30
2829,0.2431,-11.6707,0.0000,経路未発見,36
2830,0.2430,-11.6507,0.0000,経路未発見,24
2831,0.2429,-11.5773,0.0000,経路未発見,35
2832,0.2427,-11.5547,0.0000,経路未発見,41
2833,0.2426,-11.5387,0.0000,経路未発見,38
2834,0.2425,-11.5733,0.0000,経路未発見,19
2835,0.2424,-11.4907,0.0000,経路未発見,23
2836,0.2423,-11.4947,0.0000,経路未発見,27
2837,0.2421,-11.5267,0.0000,経路未発見,38
2838,0.2420,-11.5480,0.0000,経路未発見,38
2839,0.2419,-11.5693,0.0000,経路未発見,29
2840,0.2418,-11.5960,0.0000,経路未発見,33
2841,0.2417,-11.6200,0.0000,経路未発見,33
2842,0.2415,-11.7720,0.0000,経路未発見,37
2843,0.2414,-11.8813,0.0000,経路未発見,42
2844,0.2413,-11.8627,0.0000,経路未発見,37
2845,0.2412,-11.9187,0.0000,経路未発見,37
2846,0.2410,-11.9507,0.0000,経路未発見,38
2847,0.2409,-12.0093,0.0000,経路未発見,51
2848,0.2408,-11.9987,0.0000,経路未発見,41
2849,0.2407,-11.9173,0.0000,経路未発見,34
2850,0.2406,-11.9507,0.0000,経路未発見,34
2851,0.2404,-11.9587,0.0000,経路未発見,60
2852,0.2403,-11.1733,0.0333,経路未発見,65
2853,0.2402,-11.2040,0.0333,経路未発見,41
2854,0.2401,-11.1453,0.0333,経路未発見,36
2855,0.2400,-11.1387,0.0333,経路未発見,27
2856,0.2398,-11.0867,0.0333,経路未発見,40
2857,0.2397,-11.0867,0.0333,経路未発見,38
2858,0.2396,-11.2227,0.0333,経路未発見,33
2859,0.2395,-11.2280,0.0333,経路未発見,40
2860,0.2394,-11.2880,0.0333,経路未発見,47
2861,0.2392,-11.2867,0.0333,経路未発見,36
2862,0.2391,-11.2707,0.0333,経路未発見,22
2863,0.2390,-11.2707,0.0333,経路未発見,26
2864,0.2389,-11.3347,0.0333,経路未発見,44
2865,0.2388,-11.3320,0.0333,経路未発見,32
2866,0.2387,-11.4053,0.0333,経路未発見,45
2867,0.2385,-11.3240,0.0333,経路未発見,43
2868,0.2384,-11.3773,0.0333,経路未発見,36
2869,0.2383,-11.4520,0.0333,経路未発見,39
2870,0.2382,-11.4333,0.0333,経路未発見,30
2871,0.2381,-11.4507,0.0333,経路未発見,49
2872,0.2379,-11.3187,0.0333,経路未発見,35
2873,0.2378,-11.2587,0.0333,経路未発見,44
2874,0.2377,-11.2227,0.0333,経路未発見,24
2875,0.2376,-11.3133,0.0333,経路未発見,37
2876,0.2375,-11.3400,0.0333,経路未発見,35
2877,0.2373,-11.2387,0.0333,経路未発見,21
2878,0.2372,-11.2627,0.0333,経路未発見,36
2879,0.2371,-11.3480,0.0333,経路未発見,41
2880,0.2370,-11.3933,0.0333,経路未発見,34
2881,0.2369,-11.3800,0.0333,経路未発見,41
2882,0.2367,-12.0453,0.0000,経路未発見,33
2883,0.2366,-12.0080,0.0000,経路未発見,32
2884,0.2365,-11.9520,0.0000,経路未発見,28
2885,0.2364,-11.9480,0.0000,経路未発見,29
2886,0.2363,-12.0160,0.0000,経路未発見,51
2887,0.2362,-12.0000,0.0000,経路未発見,30
2888,0.2360,-11.9040,0.0000,経路未発見,41
2889,0.2359,-11.9640,0.0000,経路未発見,45
2890,0.2358,-11.9573,0.0000,経路未発見,40
2891,0.2357,-12.0400,0.0000,経路未発見,45
2892,0.2356,-12.1053,0.0000,経路未発見,53
2893,0.2355,-12.0680,0.0000,経路未発見,51
2894,0.2353,-12.0120,0.0000,経路未発見,40
2895,0.2352,-12.0173,0.0000,経路未発見,32
2896,0.2351,-11.9373,0.0000,経路未発見,31
2897,0.2350,-11.9093,0.0000,経路未発見,32
2898,0.2349,-11.8187,0.0000,経路未発見,44
2899,0.2347,-11.7640,0.0000,経路未発見,38
2900,0.2346,-11.7467,0.0000,経路未発見,38
2901,0.2345,-11.7280,0.0000,経路未発見,34
2902,0.2344,-11.6680,0.0000,経路未発見,19
2903,0.2343,-11.6120,0.0000,経路未発見,29
2904,0.2342,-11.6053,0.0000,経路未発見,43
2905,0.2340,-11.4813,0.0000,経路未発見,22
2906,0.2339,-11.4693,0.0000,経路未発見,47
2907,0.2338,-11.5413,0.0000,経路未発見,26
2908,0.2337,-11.5427,0.0000,経路未発見,35
2909,0.2336,-11.5320,0.0000,経路未発見,67
2910,0.2335,-11.4760,0.0000,経路未発見,26
2911,0.2333,-11.5013,0.0000,経路未発見,43
2912,0.2332,-11.5173,0.0000,経路未発見,41
2913,0.2331,-11.5080,0.0000,経路未発見,42
2914,0.2330,-11.5467,0.0000,経路未発見,36
2915,0.2329,-11.5987,0.0000,経路未発見,49
2916,0.2328,-11.5667,0.0000,経路未発見,27
2917,0.2326,-11.5667,0.0000,経路未発見,30
2918,0.2325,-11.5347,0.0000,経路未発見,36
2919,0.2324,-11.5067,0.0000,経路未発見,45
2920,0.2323,-11.4907,0.0000,経路未発見,25
2921,0.2322,-11.4093,0.0000,経路未発見,39
2922,0.2321,-11.3267,0.0000,経路未発見,41
2923,0.2319,-11.2987,0.0000,経路未発見,32
2924,0.2318,-11.2840,0.0000,経路未発見,27
2925,0.2317,-11.3213,0.0000,経路未発見,41
2926,0.2316,-11.3360,0.0000,経路未発見,36
2927,0.2315,-11.3947,0.0000,経路未発見,49
2928,0.2314,-11.3573,0.0000,経路未発見,24
2929,0.2312,-11.3147,0.0000,経路未発見,29
2930,0.2311,-11.4067,0.0000,経路未発見,37
2931,0.2310,-11.4480,0.0000,経路未発見,29
2932,0.2309,-11.4800,0.0000,経路未発見,31
2933,0.2308,-11.4533,0.0000,経路未発見,28
2934,0.2307,-11.4267,0.0000,経路未発見,31
2935,0.2306,-11.8440,0.0000,経路未発見,87
2936,0.2304,-11.7333,0.0000,経路未発見,20
2937,0.2303,-11.7133,0.0000,経路未発見,35
2938,0.2302,-11.7253,0.0000,経路未発見,31
2939,0.2301,-11.6053,0.0000,経路未発見,19
2940,0.2300,-11.5707,0.0000,経路未発見,34
2941,0.2299,-11.5147,0.0000,経路未発見,47
2942,0.2298,-11.5653,0.0000,経路未発見,41
2943,0.2296,-11.5587,0.0000,経路未発見,39
2944,0.2295,-11.5507,0.0000,経路未発見,49
2945,0.2294,-11.5600,0.0000,経路未発見,56
2946,0.2293,-11.5627,0.0000,経路未発見,33
2947,0.2292,-11.6120,0.0000,経路未発見,50
2948,0.2291,-11.6733,0.0000,経路未発見,40
2949,0.2289,-11.6293,0.0000,経路未発見,33
2950,0.2288,-11.6693,0.0000,経路未発見,35
2951,0.2287,-11.7160,0.0000,経路未発見,58
2952,0.2286,-11.7760,0.0000,経路未発見,31
2953,0.2285,-11.7813,0.0000,経路未発見,32
2954,0.2284,-11.7587,0.0000,経路未発見,35
2955,0.2283,-11.7187,0.0000,経路未発見,30
2956,0.2281,-11.6747,0.0000,経路未発見,24
2957,0.2280,-11.6333,0.0000,経路未発見,39
2958,0.2279,-11.6080,0.0000,経路未発見,22
2959,0.2278,-11.7013,0.0000,経路未発見,38
2960,0.2277,-11.7160,0.0000,経路未発見,50
2961,0.2276,-11.7227,0.0000,経路未発見,32
2962,0.2275,-11.7707,0.0000,経路未発見,33
2963,0.2274,-11.8173,0.0000,経路未発見,19
2964,0.2272,-11.8187,0.0000,経路未発見,26
2965,0.2271,-11.4227,0.0000,経路未発見,30
2966,0.2270,-11.4733,0.0000,経路未発見,27
2967,0.2269,-11.4733,0.0000,経路未発見,35
2968,0.2268,-11.4227,0.0000,経路未発見,31
2969,0.2267,-11.4827,0.0000,経路未発見,47
2970,0.2266,-11.4987,0.0000,経路未発見,31
2971,0.2264,-11.6253,0.0000,経路未発見,41
2972,0.2263,-11.5693,0.0000,経路未発見,26
2973,0.2262,-11.5413,0.0000,経路未発見,35
2974,0.2261,-11.5667,0.0000,経路未発見,25
2975,0.2260,-11.5733,0.0000,経路未発見,55
2976,0.2259,-11.5347,0.0000,経路未発見,36
2977,0.2258,-11.5573,0.0000,経路未発見,38
2978,0.2257,-11.5360,0.0000,経路未発見,47
2979,0.2255,-11.4893,0.0000,経路未発見,38
2980,0.2254,-11.4720,0.0000,経路未発見,36
2981,0.2253,-11.5307,0.0000,経路未発見,67
2982,0.2252,-11.4360,0.0000,経路未発見,15
2983,0.2251,-11.5173,0.0000,経路未発見,42
2984,0.2250,-11.6573,0.0000,経路未発見,62
2985,0.2249,-11.8000,0.0000,経路未発見,79
2986,0.2248,-11.7920,0.0000,経路未発見,22
2987,0.2246,-11.7987,0.0000,経路未発見,31
2988,0.2245,-11.9107,0.0000,経路未発見,39
2989,0.2244,-11.8680,0.0000,経路未発見,29
2990,0.2243,-11.7733,0.0000,経路未発見,30
2991,0.2242,-11.7053,0.0000,経路未発見,25
2992,0.2241,-11.6707,0.0000,経路未発見,37
2993,0.2240,-11.6227,0.0000,経路未発見,25
2994,0.2239,-11.6667,0.0000,経路未発見,34
2995,0.2237,-11.6987,0.0000,経路未発見,35
2996,0.2236,-11.7813,0.0000,経路未発見,43
2997,0.2235,-11.9427,0.0000,経路未発見,78
2998,0.2234,-11.9333,0.0000,経路未発見,34
2999,0.2233,-11.9107,0.0000,経路未発見,24
3000,0.2232,-11.9373,0.0000,経路未発見,32
3001,0.2231,-11.8293,0.0000,経路未発見,42
3002,0.2230,-11.8973,0.0000,経路未発見,29
3003,0.2228,-11.9840,0.0000,経路未発見,45
3004,0.2227,-11.8973,0.0000,経路未発見,26
3005,0.2226,-11.8093,0.0000,経路未発見,31
3006,0.2225,-11.7800,0.0000,経路未発見,22
3007,0.2224,-11.7307,0.0000,経路未発見,41
3008,0.2223,-11.7720,0.0000,経路未発見,31
3009,0.2222,-11.7613,0.0000,経路未発見,30
3010,0.2221,-11.7307,0.0000,経路未発見,45
3011,0.2220,-11.2080,0.0333,経路未発見,90
3012,0.2218,-11.2587,0.0333,経路未発見,34
3013,0.2217,-11.1600,0.0333,経路未発見,25
3014,0.2216,-11.0520,0.0333,経路未発見,36
3015,0.2215,-10.9840,0.0333,経路未発見,44
3016,0.2214,-11.0267,0.0333,経路未発見,31
3017,0.2213,-11.0560,0.0333,経路未発見,30
3018,0.2212,-11.0733,0.0333,経路未発見,71
3019,0.2211,-11.0760,0.0333,経路未発見,46
3020,0.2210,-11.0800,0.0333,経路未発見,50
3021,0.2209,-11.0880,0.0333,経路未発見,23
3022,0.2207,-11.1493,0.0333,経路未発見,34
3023,0.2206,-11.1947,0.0333,経路未発見,36
3024,0.2205,-11.1560,0.0333,経路未発見,30
3025,0.2204,-11.1080,0.0333,経路未発見,33
3026,0.2203,-11.0493,0.0333,経路未発見,41
3027,0.2202,-10.8773,0.0333,経路未発見,31
3028,0.2201,-10.9253,0.0333,経路未発見,54
3029,0.2200,-10.9480,0.0333,経路未発見,20
3030,0.2199,-10.9520,0.0333,経路未発見,33
3031,0.2197,-10.9533,0.0333,経路未発見,41
3032,0.2196,-10.8773,0.0333,経路未発見,28
3033,0.2195,-10.7920,0.0333,経路未発見,27
3034,0.2194,-10.8080,0.0333,経路未発見,42
3035,0.2193,-10.8320,0.0333,経路未発見,30
3036,0.2192,-10.9173,0.0333,経路未発見,44
3037,0.2191,-10.8933,0.0333,経路未発見,42
3038,0.2190,-10.8747,0.0333,経路未発見,43
3039,0.2189,-10.9040,0.0333,経路未発見,33
3040,0.2188,-10.8867,0.0333,経路未発見,34
3041,0.2187,-11.3533,0.0000,経路未発見,40
3042,0.2185,-11.3040,0.0000,経路未発見,34
3043,0.2184,-11.3307,0.0000,経路未発見,41
3044,0.2183,-11.2893,0.0000,経路未発見,38
3045,0.2182,-11.2920,0.0000,経路未発見,31
3046,0.2181,-11.2680,0.0000,経路未発見,32
3047,0.2180,-11.3107,0.0000,経路未発見,32
3048,0.2179,-11.1840,0.0000,経路未発見,24
3049,0.2178,-11.1573,0.0000,経路未発見,26
3050,0.2177,-11.1587,0.0000,経路未発見,34
3051,0.2176,-11.1467,0.0000,経路未発見,35
3052,0.2175,-11.1400,0.0000,経路未発見,42
3053,0.2173,-11.0853,0.0000,経路未発見,20
3054,0.2172,-11.1013,0.0000,経路未発見,38
3055,0.2171,-11.1707,0.0000,経路未発見,32
3056,0.2170,-11.1360,0.0000,経路未発見,34
3057,0.2169,-11.1267,0.0000,経路未発見,34
3058,0.2168,-11.1453,0.0000,経路未発見,30
3059,0.2167,-11.1920,0.0000,経路未発見,57
3060,0.2166,-11.2280,0.0000,経路未発見,56
3061,0.2165,-11.3373,0.0000,経路未発見,39
3062,0.2164,-11.3840,0.0000,経路未発見,49
3063,0.2163,-11.4133,0.0000,経路未発見,18
3064,0.2162,-11.4813,0.0000,経路未発見,45
3065,0.2160,-11.5080,0.0000,経路未発見,31
3066,0.2159,-11.4227,0.0000,経路未発見,18
3067,0.2158,-11.4347,0.0000,経路未発見,38
3068,0.2157,-11.4813,0.0000,経路未発見,38
3069,0.2156,-11.5400,0.0000,経路未発見,43
3070,0.2155,-11.5413,0.0000,経路未発見,18
3071,0.2154,-11.5027,0.0000,経路未発見,25
3072,0.2153,-11.5520,0.0000,経路未発見,38
3073,0.2152,-11.5653,0.0000,経路未発見,21
3074,0.2151,-11.6773,0.0000,経路未発見,45
3075,0.2150,-11.6333,0.0000,経路未発見,30
3076,0.2149,-11.6680,0.0000,経路未発見,35
3077,0.2148,-11.7093,0.0000,経路未発見,49
3078,0.2146,-11.8293,0.0000,経路未発見,49
3079,0.2145,-11.8227,0.0000,経路未発見,42
3080,0.2144,-11.8880,0.0000,経路未発見,39
3081,0.2143,-11.8960,0.0000,経路未発見,41
3082,0.2142,-11.8880,0.0000,経路未発見,36
3083,0.2141,-11.8053,0.0000,経路未発見,54
3084,0.2140,-11.8520,0.0000,経路未発見,60
3085,0.2139,-11.8053,0.0000,経路未発見,52
3086,0.2138,-11.8547,0.0000,経路未発見,24
3087,0.2137,-11.8267,0.0000,経路未発見,22
3088,0.2136,-11.7827,0.0000,経路未発見,37
3089,0.2135,-11.8000,0.0000,経路未発見,34
3090,0.2134,-11.7733,0.0000,経路未発見,38
3091,0.2133,-11.6307,0.0000,経路未発見,26
3092,0.2131,-11.6253,0.0000,経路未発見,30
3093,0.2130,-11.5827,0.0000,経路未発見,28
3094,0.2129,-11.5467,0.0000,経路未発見,39
3095,0.2128,-11.5800,0.0000,経路未発見,35
3096,0.2127,-11.6293,0.0000,経路未発見,61
3097,0.2126,-11.6600,0.0000,経路未発見,63
3098,0.2125,-11.6173,0.0000,経路未発見,44
3099,0.2124,-11.5667,0.0000,経路未発見,35
3100,0.2123,-11.6773,0.0000,経路未発見,38
3101,0.2122,-11.7587,0.0000,経路未発見,53
3102,0.2121,-11.7933,0.0000,経路未発見,41
3103,0.2120,-11.8280,0.0000,経路未発見,58
3104,0.2119,-11.7787,0.0000,経路未発見,33
3105,0.2118,-11.7627,0.0000,経路未発見,30
3106,0.2117,-11.7533,0.0000,経路未発見,27
3107,0.2116,-11.6053,0.0000,経路未発見,24
3108,0.2114,-11.5467,0.0000,経路未発見,28
3109,0.2113,-11.5533,0.0000,経路未発見,23
3110,0.2112,-11.5387,0.0000,経路未発見,38
3111,0.2111,-11.6320,0.0000,経路未発見,39
3112,0.2110,-11.7240,0.0000,経路未発見,35
3113,0.2109,-11.8307,0.0000,経路未発見,30
3114,0.2108,-11.8240,0.0000,経路未発見,34
3115,0.2107,-11.8493,0.0000,経路未発見,50
3116,0.2106,-11.7947,0.0000,経路未発見,30
3117,0.2105,-11.8227,0.0000,経路未発見,33
3118,0.2104,-11.7613,0.0000,経路未発見,53
3119,0.2103,-11.7147,0.0000,経路未発見,32
3120,0.2102,-11.7160,0.0000,経路未発見,41
3121,0.2101,-11.7173,0.0000,経路未発見,29
3122,0.2100,-11.8040,0.0000,経路未発見,70
3123,0.2099,-11.8360,0.0000,経路未発見,29
3124,0.2098,-11.7947,0.0000,経路未発見,29
3125,0.2097,-11.7160,0.0000,経路未発見,31
3126,0.2096,-11.7360,0.0000,経路未発見,28
3127,0.2094,-11.9093,0.0000,経路未発見,44
3128,0.2093,-11.8400,0.0000,経路未発見,30
3129,0.2092,-11.7960,0.0000,経路未発見,23
3130,0.2091,-11.7133,0.0000,経路未発見,26
3131,0.2090,-11.7440,0.0000,経路未発見,78
3132,0.2089,-11.7520,0.0000,経路未発見,43
3133,0.2088,-11.6893,0.0000,経路未発見,21
3134,0.2087,-11.6960,0.0000,経路未発見,36
3135,0.2086,-11.7533,0.0000,経路未発見,37
3136,0.2085,-11.7573,0.0000,経路未発見,46
3137,0.2084,-11.7827,0.0000,経路未発見,26
3138,0.2083,-11.8253,0.0000,経路未発見,37
3139,0.2082,-11.8573,0.0000,経路未発見,46
3140,0.2081,-11.8427,0.0000,経路未発見,29
3141,0.2080,-11.7493,0.0000,経路未発見,26
3142,0.2079,-11.5893,0.0000,経路未発見,29
3143,0.2078,-11.6080,0.0000,経路未発見,29
3144,0.2077,-11.5920,0.0000,経路未発見,26
3145,0.2076,-11.5827,0.0000,経路未発見,30
3146,0.2075,-11.6213,0.0000,経路未発見,38
3147,0.2074,-11.6840,0.0000,経路未発見,40
3148,0.2073,-11.7600,0.0000,経路未発見,42
3149,0.2072,-11.7027,0.0000,経路未発見,32
3150,0.2071,-11.6320,0.0000,経路未発見,28
3151,0.2069,-11.6320,0.0000,経路未発見,32
3152,0.2068,-11.5053,0.0000,経路未発見,34
3153,0.2067,-11.4507,0.0000,経路未発見,25
3154,0.2066,-11.5707,0.0000,経路未発見,43
3155,0.2065,-11.6373,0.0000,経路未発見,43
3156,0.2064,-11.5760,0.0000,経路未発見,28
3157,0.2063,-11.4173,0.0000,経路未発見,49
3158,0.2062,-11.4040,0.0000,経路未発見,28
3159,0.2061,-11.4680,0.0000,経路未発見,41
3160,0.2060,-11.4987,0.0000,経路未発見,28
3161,0.2059,-11.3893,0.0000,経路未発見,45
3162,0.2058,-11.3107,0.0000,経路未発見,28
3163,0.2057,-11.3627,0.0000,経路未発見,35
3164,0.2056,-11.3053,0.0000,経路未発見,33
3165,0.2055,-11.3333,0.0000,経路未発見,40
3166,0.2054,-11.2987,0.0000,経路未発見,28
3167,0.2053,-11.3293,0.0000,経路未発見,43
3168,0.2052,-11.3413,0.0000,経路未発見,78
3169,0.2051,-11.3160,0.0000,経路未発見,48
3170,0.2050,-11.2693,0.0000,経路未発見,30
3171,0.2049,-11.3107,0.0000,経路未発見,28
3172,0.2048,-11.3667,0.0000,経路未発見,33
3173,0.2047,-11.4160,0.0000,経路未発見,45
3174,0.2046,-11.3867,0.0000,経路未発見,34
3175,0.2045,-11.3827,0.0000,経路未発見,44
3176,0.2044,-11.4160,0.0000,経路未発見,65
3177,0.2043,-11.3707,0.0000,経路未発見,48
3178,0.2042,-11.3893,0.0000,経路未発見,37
3179,0.2041,-11.5840,0.0000,経路未発見,83
3180,0.2040,-11.6307,0.0000,経路未発見,46
3181,0.2039,-11.6813,0.0000,経路未発見,32
3182,0.2038,-11.7227,0.0000,経路未発見,48
3183,0.2037,-11.8053,0.0000,経路未発見,33
3184,0.2036,-11.7240,0.0000,経路未発見,37
3185,0.2035,-11.7640,0.0000,経路未発見,28
3186,0.2034,-11.7880,0.0000,経路未発見,38
3187,0.2033,-11.7347,0.0000,経路未発見,32
3188,0.2032,-11.7520,0.0000,経路未発見,31
3189,0.2031,-11.7933,0.0000,経路未発見,47
3190,0.2030,-11.7867,0.0000,経路未発見,40
3191,0.2029,-11.7960,0.0000,経路未発見,35
3192,0.2027,-11.8347,0.0000,経路未発見,24
3193,0.2026,-11.8360,0.0000,経路未発見,30
3194,0.2025,-11.9240,0.0000,経路未発見,42
3195,0.2024,-11.8480,0.0000,経路未発見,46
3196,0.2023,-11.8480,0.0000,経路未発見,28
3197,0.2022,-11.8307,0.0000,経路未発見,47
3198,0.2021,-11.8280,0.0000,経路未発見,31
3199,0.2020,-11.8773,0.0000,経路未発見,49
3200,0.2019,-11.9387,0.0000,経路未発見,49
3201,0.2018,-11.9720,0.0000,経路未発見,40
3202,0.2017,-12.0000,0.0000,経路未発見,29
3203,0.2016,-12.0613,0.0000,経路未発見,53
3204,0.2015,-12.1013,0.0000,経路未発見,45
3205,0.2014,-12.0813,0.0000,経路未発見,42
3206,0.2013,-12.0627,0.0000,経路未発見,36
3207,0.2012,-12.0533,0.0000,経路未発見,32
3208,0.2011,-11.9987,0.0000,経路未発見,25
3209,0.2010,-11.8813,0.0000,経路未発見,44
3210,0.2009,-11.8133,0.0000,経路未発見,24
3211,0.2008,-11.7440,0.0000,経路未発見,22
3212,0.2007,-11.7133,0.0000,経路未発見,27
3213,0.2006,-11.6907,0.0000,経路未発見,33
3214,0.2005,-11.6627,0.0000,経路未発見,33
3215,0.2004,-11.6293,0.0000,経路未発見,50
3216,0.2003,-11.7093,0.0000,経路未発見,41
3217,0.2002,-11.7053,0.0000,経路未発見,42
3218,0.2001,-11.7173,0.0000,経路未発見,46
3219,0.2000,-11.6320,0.0000,経路未発見,60
3220,0.1999,-11.6107,0.0000,経路未発見,35
3221,0.1998,-11.6280,0.0000,経路未発見,35
3222,0.1997,-11.6400,0.0000,経路未発見,28
3223,0.1996,-11.5840,0.0000,経路未発見,30
3224,0.1995,-11.5893,0.0000,経路未発見,54
3225,0.1994,-11.5600,0.0000,経路未発見,28
3226,0.1993,-11.5560,0.0000,経路未発見,27
3227,0.1992,-11.5973,0.0000,経路未発見,38
3228,0.1991,-11.5400,0.0000,経路未発見,43
3229,0.1990,-11.5000,0.0000,経路未発見,38
3230,0.1989,-11.5267,0.0000,経路未発見,61
3231,0.1988,-11.4987,0.0000,経路未発見,59
3232,0.1987,-11.4947,0.0000,経路未発見,36
3233,0.1986,-11.5707,0.0000,経路未発見,70
3234,0.1985,-11.5560,0.0000,経路未発見,40
3235,0.1984,-11.5733,0.0000,経路未発見,57
3236,0.1983,-11.5867,0.0000,経路未発見,53
3237,0.1982,-11.5493,0.0000,経路未発見,23
3238,0.1981,-11.5720,0.0000,経路未発見,36
3239,0.1980,-11.5360,0.0000,経路未発見,46
3240,0.1979,-11.6600,0.0000,経路未発見,46
3241,0.1978,-11.7307,0.0000,経路未発見,50
3242,0.1977,-11.7827,0.0000,経路未発見,37
3243,0.1976,-11.7947,0.0000,経路未発見,29
3244,0.1975,-11.8147,0.0000,経路未発見,50
3245,0.1974,-11.7667,0.0000,経路未発見,33
3246,0.1973,-11.6653,0.0000,経路未発見,23
3247,0.1972,-11.7067,0.0000,経路未発見,52
3248,0.1972,-11.6880,0.0000,経路未発見,28
3249,0.1971,-11.6693,0.0000,経路未発見,26
3250,0.1970,-11.6533,0.0000,経路未発見,31
3251,0.1969,-11.6667,0.0000,経路未発見,37
3252,0.1968,-11.6307,0.0000,経路未発見,33
3253,0.1967,-11.6653,0.0000,経路未発見,37
3254,0.1966,-11.7533,0.0000,経路未発見,86
3255,0.1965,-11.7880,0.0000,経路未発見,31
3256,0.1964,-11.8627,0.0000,経路未発見,37
3257,0.1963,-11.8440,0.0000,経路未発見,47
3258,0.1962,-11.8227,0.0000,経路未発見,38
3259,0.1961,-11.7800,0.0000,経路未発見,33
3260,0.1960,-11.6840,0.0000,経路未発見,39
3261,0.1959,-11.6213,0.0000,経路未発見,33
3262,0.1958,-11.6480,0.0000,経路未発見,52
3263,0.1957,-10.8533,0.0333,経路未発見,87
3264,0.1956,-10.8773,0.0333,経路未発見,32
3265,0.1955,-10.8720,0.0333,経路未発見,19
3266,0.1954,-10.8200,0.0333,経路未発見,39
3267,0.1953,-10.8707,0.0333,経路未発見,34
3268,0.1952,-10.9093,0.0333,経路未発見,44
3269,0.1951,-10.8627,0.0333,経路未発見,28
3270,0.1950,-10.7773,0.0333,経路未発見,28
3271,0.1949,-10.8053,0.0333,経路未発見,54
3272,0.1948,-10.7507,0.0333,経路未発見,40
3273,0.1947,-10.7133,0.0333,経路未発見,31
3274,0.1946,-10.7720,0.0333,経路未発見,103
3275,0.1945,-10.7720,0.0333,経路未発見,26
3276,0.1944,-10.7987,0.0333,経路未発見,31
3277,0.1943,-10.7773,0.0333,経路未発見,36
3278,0.1942,-10.7867,0.0333,経路未発見,26
3279,0.1941,-10.8267,0.0333,経路未発見,29
3280,0.1940,-10.8520,0.0333,経路未発見,40
3281,0.1939,-10.8320,0.0333,経路未発見,62
3282,0.1938,-11.0133,0.0333,経路未発見,47
3283,0.1937,-10.9987,0.0333,経路未発見,39
3284,0.1936,-10.8973,0.0333,経路未発見,80
3285,0.1935,-10.8773,0.0333,経路未発見,22
3286,0.1934,-10.8707,0.0333,経路未発見,34
3287,0.1933,-10.8933,0.0333,経路未発見,62
3288,0.1932,-10.9480,0.0333,経路未発見,47
3289,0.1931,-10.9453,0.0333,経路未発見,23
3290,0.1931,-10.9987,0.0333,経路未発見,41
3291,0.1930,-11.0147,0.0333,経路未発見,22
3292,0.1929,-10.9800,0.0333,経路未発見,56
3293,0.1928,-11.5720,0.0000,経路未発見,32
3294,0.1927,-11.5587,0.0000,経路未発見,44
3295,0.1926,-11.5160,0.0000,経路未発見,29
3296,0.1925,-11.5147,0.0000,経路未発見,40
3297,0.1924,-11.5133,0.0000,経路未発見,31
3298,0.1923,-11.4440,0.0000,経路未発見,30
3299,0.1922,-11.4467,0.0000,経路未発見,26
3300,0.1921,-11.5307,0.0000,経路未発見,47
3301,0.1920,-11.5093,0.0000,経路未発見,38
3302,0.1919,-11.5387,0.0000,経路未発見,43
3303,0.1918,-11.5533,0.0000,経路未発見,29
3304,0.1917,-11.4827,0.0000,経路未発見,28
3305,0.1916,-11.4707,0.0000,経路未発見,26
3306,0.1915,-11.4787,0.0000,経路未発見,48
3307,0.1914,-11.4787,0.0000,経路未発見,40
3308,0.1913,-11.5120,0.0000,経路未発見,41
3309,0.1912,-11.5480,0.0000,経路未発見,66
3310,0.1911,-11.6053,0.0000,経路未発見,47
3311,0.1910,-11.5653,0.0000,経路未発見,36
3312,0.1909,-11.4493,0.0000,経路未発見,27
3313,0.1908,-11.4387,0.0000,経路未発見,35
3314,0.1907,-11.5453,0.0000,経路未発見,33
3315,0.1907,-11.5187,0.0000,経路未発見,21
3316,0.1906,-11.5027,0.0000,経路未発見,37
3317,0.1905,-11.4987,0.0000,経路未発見,61
3318,0.1904,-11.4907,0.0000,経路未発見,68
3319,0.1903,-11.5293,0.0000,経路未発見,31
3320,0.1902,-11.4787,0.0000,経路未発見,41
3321,0.1901,-11.5013,0.0000,経路未発見,56
3322,0.1900,-11.4627,0.0000,経路未発見,52
3323,0.1899,-11.4840,0.0000,経路未発見,22
3324,0.1898,-11.5200,0.0000,経路未発見,50
3325,0.1897,-11.5813,0.0000,経路未発見,33
3326,0.1896,-11.6733,0.0000,経路未発見,31
3327,0.1895,-11.6653,0.0000,経路未発見,29
3328,0.1894,-11.6533,0.0000,経路未発見,27
3329,0.1893,-11.6573,0.0000,経路未発見,31
3330,0.1892,-11.5733,0.0000,経路未発見,31
3331,0.1891,-11.5520,0.0000,経路未発見,22
3332,0.1890,-11.4867,0.0000,経路未発見,23
3333,0.1889,-11.5440,0.0000,経路未発見,70
3334,0.1889,-11.5573,0.0000,経路未発見,30
3335,0.1888,-11.6720,0.0000,経路未発見,51
3336,0.1887,-11.7000,0.0000,経路未発見,48
3337,0.1886,-11.6587,0.0000,経路未発見,26
3338,0.1885,-11.6547,0.0000,経路未発見,29
3339,0.1884,-11.6267,0.0000,経路未発見,39
3340,0.1883,-11.5680,0.0000,経路未発見,37
3341,0.1882,-11.6027,0.0000,経路未発見,43
3342,0.1881,-11.5347,0.0000,経路未発見,31
3343,0.1880,-11.5240,0.0000,経路未発見,27
3344,0.1879,-11.4760,0.0000,経路未発見,46
3345,0.1878,-11.5627,0.0000,経路未発見,46
3346,0.1877,-11.5307,0.0000,経路未発見,32
3347,0.1876,-11.4960,0.0000,経路未発見,28
3348,0.1875,-11.4160,0.0000,経路未発見,19
3349,0.1874,-11.4733,0.0000,経路未発見,65
3350,0.1873,-11.4573,0.0000,経路未発見,22
3351,0.1873,-11.4920,0.0000,経路未発見,63
3352,0.1872,-11.4853,0.0000,経路未発見,37
3353,0.1871,-11.4480,0.0000,経路未発見,24
3354,0.1870,-11.3560,0.0000,経路未発見,21
3355,0.1869,-11.2987,0.0000,経路未発見,22
3356,0.1868,-11.2080,0.0000,経路未発見,39
3357,0.1867,-11.1827,0.0000,経路未発見,27
3358,0.1866,-11.2560,0.0000,経路未発見,38
3359,0.1865,-11.4147,0.0000,経路未発見,49
3360,0.1864,-10.7387,0.0333,経路未発見,67
3361,0.1863,-10.7187,0.0333,経路未発見,28
3362,0.1862,-10.8267,0.0333,経路未発見,37
3363,0.1861,-10.9493,0.0333,経路未発見,51
3364,0.1860,-10.9560,0.0333,経路未発見,37
3365,0.1859,-10.9853,0.0333,経路未発見,46
3366,0.1859,-10.9667,0.0333,経路未発見,34
3367,0.1858,-10.5427,0.0667,経路未発見,74
3368,0.1857,-10.6160,0.0667,経路未発見,55
3369,0.1856,-10.6173,0.0667,経路未発見,42
3370,0.1855,-10.6387,0.0667,経路未発見,38
3371,0.1854,-10.6320,0.0667,経路未発見,32
3372,0.1853,-10.6613,0.0667,経路未発見,34
3373,0.1852,-10.7187,0.0667,経路未発見,53
3374,0.1851,-10.6173,0.0667,経路未発見,46
3375,0.1850,-10.5907,0.0667,経路未発見,37
3376,0.1849,-10.5813,0.0667,経路未発見,31
3377,0.1848,-10.5853,0.0667,経路未発見,32
3378,0.1847,-10.6067,0.0667,経路未発見,24
3379,0.1846,-10.5840,0.0667,経路未発見,61
3380,0.1846,-10.6053,0.0667,経路未発見,37
3381,0.1845,-10.5387,0.0667,経路未発見,36
3382,0.1844,-10.5667,0.0667,経路未発見,49
3383,0.1843,-10.5947,0.0667,経路未発見,28
3384,0.1842,-10.6227,0.0667,経路未発見,29
3385,0.1841,-10.7427,0.0667,経路未発見,40
3386,0.1840,-10.7253,0.0667,経路未発見,36
3387,0.1839,-10.7373,0.0667,経路未発見,38
3388,0.1838,-10.7653,0.0667,経路未発見,38
3389,0.1837,-10.6827,0.0667,経路未発見,71
3390,0.1836,-11.3640,0.0333,経路未発見,39
3391,0.1835,-11.4480,0.0333,経路未発見,70
3392,0.1835,-11.3987,0.0333,経路未発見,32
3393,0.1834,-11.3107,0.0333,経路未発見,92
3394,0.1833,-11.3120,0.0333,経路未発見,36
3395,0.1832,-11.2227,0.0333,経路未発見,42
3396,0.1831,-11.2480,0.0333,経路未発見,36
3397,0.1830,-11.7227,0.0000,経路未発見,41
3398,0.1829,-11.6093,0.0000,経路未発見,29
3399,0.1828,-11.6293,0.0000,経路未発見,36
3400,0.1827,-11.6320,0.0000,経路未発見,40
3401,0.1826,-11.6107,0.0000,経路未発見,35
3402,0.1825,-11.6653,0.0000,経路未発見,77
3403,0.1824,-11.6307,0.0000,経路未発見,27
3404,0.1824,-11.6293,0.0000,経路未発見,43
3405,0.1823,-11.6053,0.0000,経路未発見,23
3406,0.1822,-11.6120,0.0000,経路未発見,23
3407,0.1821,-11.5987,0.0000,経路未発見,41
3408,0.1820,-11.6267,0.0000,経路未発見,39
3409,0.1819,-11.5813,0.0000,経路未発見,31
3410,0.1818,-11.5307,0.0000,経路未発見,19
3411,0.1817,-11.5413,0.0000,経路未発見,29
3412,0.1816,-11.4880,0.0000,経路未発見,28
3413,0.1815,-11.5627,0.0000,経路未発見,71
3414,0.1814,-11.6133,0.0000,経路未発見,40
3415,0.1814,-11.5560,0.0000,経路未発見,26
3416,0.1813,-11.6293,0.0000,経路未発見,43
3417,0.1812,-11.6427,0.0000,経路未発見,29
3418,0.1811,-11.5587,0.0000,経路未発見,23
3419,0.1810,-11.5040,0.0000,経路未発見,47
3420,0.1809,-11.5467,0.0000,経路未発見,37
3421,0.1808,-11.5227,0.0000,経路未発見,42
3422,0.1807,-11.4973,0.0000,経路未発見,34
3423,0.1806,-11.4307,0.0000,経路未発見,46
3424,0.1805,-11.4533,0.0000,経路未発見,36
3425,0.1804,-11.3800,0.0000,経路未発見,24
3426,0.1804,-11.2987,0.0000,経路未発見,19
3427,0.1803,-11.3013,0.0000,経路未発見,47
3428,0.1802,-11.4360,0.0000,経路未発見,67
3429,0.1801,-11.4333,0.0000,経路未発見,34
3430,0.1800,-11.3707,0.0000,経路未発見,33
3431,0.1799,-11.3507,0.0000,経路未発見,30
3432,0.1798,-11.3640,0.0000,経路未発見,83
3433,0.1797,-11.3573,0.0000,経路未発見,39
3434,0.1796,-11.4333,0.0000,経路未発見,56
3435,0.1795,-11.4253,0.0000,経路未発見,36
3436,0.1795,-11.4720,0.0000,経路未発見,48
3437,0.1794,-11.4800,0.0000,経路未発見,24
3438,0.1793,-11.4347,0.0000,経路未発見,28
3439,0.1792,-11.4267,0.0000,経路未発見,25
3440,0.1791,-11.3480,0.0000,経路未発見,46
3441,0.1790,-11.3707,0.0000,経路未発見,36
3442,0.1789,-11.5000,0.0000,経路未発見,43
3443,0.1788,-11.4427,0.0000,経路未発見,35
3444,0.1787,-11.3947,0.0000,経路未発見,38
3445,0.1787,-11.3360,0.0000,経路未発見,31
3446,0.1786,-10.7267,0.0333,経路未発見,64
3447,0.1785,-10.7827,0.0333,経路未発見,26
3448,0.1784,-10.7733,0.0333,経路未発見,26
3449,0.1783,-10.7640,0.0333,経路未発見,38
3450,0.1782,-10.6787,0.0333,経路未発見,23
3451,0.1781,-10.6373,0.0333,経路未発見,38
3452,0.1780,-10.6773,0.0333,経路未発見,26
3453,0.1779,-10.6867,0.0333,経路未発見,29
3454,0.1779,-10.6613,0.0333,経路未発見,38
3455,0.1778,-10.7147,0.0333,経路未発見,75
3456,0.1777,-10.7813,0.0333,経路未発見,42
3457,0.1776,-10.7373,0.0333,経路未発見,35
3458,0.1775,-10.6387,0.0333,経路未発見,24
3459,0.1774,-10.6387,0.0333,経路未発見,38
3460,0.1773,-10.6840,0.0333,経路未発見,48
3461,0.1772,-10.7280,0.0333,経路未発見,23
3462,0.1771,-10.6520,0.0333,経路未発見,33
3463,0.1771,-10.6987,0.0333,経路未発見,72
3464,0.1770,-10.6627,0.0333,経路未発見,65
3465,0.1769,-10.6760,0.0333,経路未発見,31
3466,0.1768,-10.6267,0.0333,経路未発見,32
3467,0.1767,-10.5907,0.0333,経路未発見,23
3468,0.1766,-10.6600,0.0333,経路未発見,34
3469,0.1765,-10.6827,0.0333,経路未発見,36
3470,0.1764,-10.8307,0.0333,経路未発見,40
3471,0.1763,-10.8360,0.0333,経路未発見,44
3472,0.1763,-10.7627,0.0333,経路未発見,32
3473,0.1762,-10.7360,0.0333,経路未発見,27
3474,0.1761,-10.7787,0.0333,経路未発見,36
3475,0.1760,-10.8227,0.0333,経路未発見,39
3476,0.1759,-11.3480,0.0000,経路未発見,20
3477,0.1758,-11.2680,0.0000,経路未発見,26
3478,0.1757,-11.2867,0.0000,経路未発見,28
3479,0.1756,-11.2867,0.0000,経路未発見,34
3480,0.1756,-11.3467,0.0000,経路未発見,35
3481,0.1755,-11.3093,0.0000,経路未発見,33
3482,0.1754,-11.2973,0.0000,経路未発見,34
3483,0.1753,-11.3040,0.0000,経路未発見,35
3484,0.1752,-11.2493,0.0000,経路未発見,61
3485,0.1751,-11.1680,0.0000,経路未発見,24
3486,0.1750,-11.1493,0.0000,経路未発見,37
3487,0.1749,-11.1613,0.0000,経路未発見,42
3488,0.1749,-11.1733,0.0000,経路未発見,35
3489,0.1748,-11.1293,0.0000,経路未発見,30
3490,0.1747,-11.1893,0.0000,経路未発見,57
3491,0.1746,-11.1987,0.0000,経路未発見,51
3492,0.1745,-11.1867,0.0000,経路未発見,25
3493,0.1744,-11.1640,0.0000,経路未発見,38
3494,0.1743,-11.1307,0.0000,経路未発見,24
3495,0.1742,-11.1720,0.0000,経路未発見,41
3496,0.1742,-11.1467,0.0000,経路未発見,23
3497,0.1741,-11.1533,0.0000,経路未発見,29
3498,0.1740,-11.1933,0.0000,経路未発見,49
3499,0.1739,-11.1547,0.0000,経路未発見,21
3500,0.1738,-11.1427,0.0000,経路未発見,29
3501,0.1737,-11.0853,0.0000,経路未発見,26
3502,0.1736,-11.0360,0.0000,経路未発見,31
3503,0.1735,-11.0400,0.0000,経路未発見,39
3504,0.1735,-11.1107,0.0000,経路未発見,74
3505,0.1734,-11.0760,0.0000,経路未発見,17
3506,0.1733,-11.1400,0.0000,経路未発見,41
3507,0.1732,-11.2507,0.0000,経路未発見,35
3508,0.1731,-11.3213,0.0000,経路未発見,52
3509,0.1730,-11.2947,0.0000,経路未発見,26
3510,0.1729,-11.2973,0.0000,経路未発見,37
3511,0.1729,-11.2893,0.0000,経路未発見,24
3512,0.1728,-11.2480,0.0000,経路未発見,21
3513,0.1727,-11.2400,0.0000,経路未発見,37
3514,0.1726,-11.2973,0.0000,経路未発見,59
3515,0.1725,-11.3560,0.0000,経路未発見,29
3516,0.1724,-11.3413,0.0000,経路未発見,27
3517,0.1723,-11.3173,0.0000,経路未発見,28
3518,0.1722,-11.3613,0.0000,経路未発見,39
3519,0.1722,-11.3973,0.0000,経路未発見,47
3520,0.1721,-11.3253,0.0000,経路未発見,37
3521,0.1720,-11.3760,0.0000,経路未発見,28
3522,0.1719,-11.3587,0.0000,経路未発見,29
3523,0.1718,-11.3653,0.0000,経路未発見,37
3524,0.1717,-11.2933,0.0000,経路未発見,19
3525,0.1716,-11.2440,0.0000,経路未発見,40
3526,0.1716,-11.2507,0.0000,経路未発見,26
3527,0.1715,-11.2853,0.0000,経路未発見,36
3528,0.1714,-11.3067,0.0000,経路未発見,46
3529,0.1713,-11.3493,0.0000,経路未発見,41
3530,0.1712,-11.3107,0.0000,経路未発見,25
3531,0.1711,-11.3800,0.0000,経路未発見,36
3532,0.1710,-11.3907,0.0000,経路未発見,24
3533,0.1710,-11.4547,0.0000,経路未発見,45
3534,0.1709,-11.3693,0.0000,経路未発見,46
3535,0.1708,-11.4013,0.0000,経路未発見,56
3536,0.1707,-11.4280,0.0000,経路未発見,42
3537,0.1706,-11.3280,0.0000,経路未発見,27
3538,0.1705,-11.3147,0.0000,経路未発見,46
3539,0.1705,-11.3667,0.0000,経路未発見,55
3540,0.1704,-11.3307,0.0000,経路未発見,27
3541,0.1703,-11.3360,0.0000,経路未発見,31
3542,0.1702,-11.3827,0.0000,経路未発見,42
3543,0.1701,-11.3453,0.0000,経路未発見,35
3544,0.1700,-11.3547,0.0000,経路未発見,49
3545,0.1699,-11.4440,0.0000,経路未発見,68
3546,0.1699,-11.4693,0.0000,経路未発見,36
3547,0.1698,-11.5640,0.0000,経路未発見,33
3548,0.1697,-11.5027,0.0000,経路未発見,31
3549,0.1696,-11.5080,0.0000,経路未発見,51
3550,0.1695,-11.4800,0.0000,経路未発見,33
3551,0.1694,-11.4440,0.0000,経路未発見,37
3552,0.1693,-11.4800,0.0000,経路未発見,31
3553,0.1693,-11.4867,0.0000,経路未発見,29
3554,0.1692,-11.5467,0.0000,経路未発見,35
3555,0.1691,-11.5920,0.0000,経路未発見,55
3556,0.1690,-11.7093,0.0000,経路未発見,68
3557,0.1689,-11.6667,0.0000,経路未発見,23
3558,0.1688,-11.5347,0.0000,経路未発見,21
3559,0.1688,-11.5480,0.0000,経路未発見,32
3560,0.1687,-11.6027,0.0000,経路未発見,41
3561,0.1686,-11.5547,0.0000,経路未発見,38
3562,0.1685,-11.6920,0.0000,経路未発見,79
3563,0.1684,-11.6947,0.0000,経路未発見,55
3564,0.1683,-11.6893,0.0000,経路未発見,42
3565,0.1682,-11.7120,0.0000,経路未発見,48
3566,0.1682,-11.7693,0.0000,経路未発見,57
3567,0.1681,-11.8200,0.0000,経路未発見,34
3568,0.1680,-11.8080,0.0000,経路未発見,54
3569,0.1679,-11.7880,0.0000,経路未発見,27
3570,0.1678,-11.8080,0.0000,経路未発見,48
3571,0.1677,-11.8507,0.0000,経路未発見,29
3572,0.1677,-11.8733,0.0000,経路未発見,42
3573,0.1676,-11.8760,0.0000,経路未発見,45
3574,0.1675,-11.8333,0.0000,経路未発見,32
3575,0.1674,-11.7027,0.0000,経路未発見,27
3576,0.1673,-11.7547,0.0000,経路未発見,85
3577,0.1672,-11.7267,0.0000,経路未発見,43
3578,0.1672,-11.7373,0.0000,経路未発見,33
3579,0.1671,-11.6733,0.0000,経路未発見,23
3580,0.1670,-11.6987,0.0000,経路未発見,24
3581,0.1669,-11.6853,0.0000,経路未発見,31
3582,0.1668,-11.7600,0.0000,経路未発見,53
3583,0.1667,-11.7120,0.0000,経路未発見,31
3584,0.1667,-11.6720,0.0000,経路未発見,24
3585,0.1666,-11.5973,0.0000,経路未発見,26
3586,0.1665,-11.5107,0.0000,経路未発見,39
3587,0.1664,-11.5587,0.0000,経路未発見,36
3588,0.1663,-11.6600,0.0000,経路未発見,40
3589,0.1662,-11.6560,0.0000,経路未発見,42
3590,0.1662,-11.6627,0.0000,経路未発見,40
3591,0.1661,-11.6773,0.0000,経路未発見,24
3592,0.1660,-11.5293,0.0000,経路未発見,20
3593,0.1659,-11.5773,0.0000,経路未発見,45
3594,0.1658,-11.6080,0.0000,経路未発見,33
3595,0.1657,-11.5453,0.0000,経路未発見,23
3596,0.1657,-11.4067,0.0000,経路未発見,22
3597,0.1656,-11.4493,0.0000,経路未発見,93
3598,0.1655,-11.4013,0.0000,経路未発見,37
3599,0.1654,-11.4293,0.0000,経路未発見,35
3600,0.1653,-11.4453,0.0000,経路未発見,56
3601,0.1652,-11.3973,0.0000,経路未発見,31
3602,0.1652,-11.3627,0.0000,経路未発見,50
3603,0.1651,-11.3480,0.0000,経路未発見,24
3604,0.1650,-11.3907,0.0000,経路未発見,41
3605,0.1649,-11.4320,0.0000,経路未発見,37
3606,0.1648,-11.4040,0.0000,経路未発見,35
3607,0.1648,-11.4347,0.0000,経路未発見,57
3608,0.1647,-11.3933,0.0000,経路未発見,26
3609,0.1646,-11.4040,0.0000,経路未発見,26
3610,0.1645,-11.4480,0.0000,経路未発見,47
3611,0.1644,-11.4573,0.0000,経路未発見,51
3612,0.1643,-11.4493,0.0000,経路未発見,39
3613,0.1643,-11.4640,0.0000,経路未発見,40
3614,0.1642,-11.5187,0.0000,経路未発見,52
3615,0.1641,-11.5493,0.0000,経路未発見,39
3616,0.1640,-11.6027,0.0000,経路未発見,41
3617,0.1639,-11.6453,0.0000,経路未発見,53
3618,0.1638,-11.5613,0.0000,経路未発見,32
3619,0.1638,-11.5947,0.0000,経路未発見,28
3620,0.1637,-11.5600,0.0000,経路未発見,37
3621,0.1636,-11.5720,0.0000,経路未発見,50
3622,0.1635,-11.5747,0.0000,経路未発見,37
3623,0.1634,-11.5133,0.0000,経路未発見,41
3624,0.1634,-11.5853,0.0000,経路未発見,71
3625,0.1633,-11.6133,0.0000,経路未発見,34
3626,0.1632,-11.6733,0.0000,経路未発見,30
3627,0.1631,-11.5813,0.0000,経路未発見,26
3628,0.1630,-11.5747,0.0000,経路未発見,38
3629,0.1629,-11.5613,0.0000,経路未発見,32
3630,0.1629,-11.6160,0.0000,経路未発見,38
3631,0.1628,-11.7493,0.0000,経路未発見,89
3632,0.1627,-11.7213,0.0000,経路未発見,31
3633,0.1626,-11.7373,0.0000,経路未発見,29
3634,0.1625,-11.7707,0.0000,経路未発見,57
3635,0.1625,-11.7907,0.0000,経路未発見,50
3636,0.1624,-11.7547,0.0000,経路未発見,29
3637,0.1623,-11.6880,0.0000,経路未発見,45
3638,0.1622,-11.7347,0.0000,経路未発見,39
3639,0.1621,-11.7240,0.0000,経路未発見,26
3640,0.1621,-11.6333,0.0000,経路未発見,25
3641,0.1620,-11.6013,0.0000,経路未発見,31
3642,0.1619,-11.5573,0.0000,経路未発見,46
3643,0.1618,-11.5773,0.0000,経路未発見,38
3644,0.1617,-11.5613,0.0000,経路未発見,36
3645,0.1616,-11.5573,0.0000,経路未発見,23
3646,0.1616,-11.5253,0.0000,経路未発見,48
3647,0.1615,-11.5560,0.0000,経路未発見,51
3648,0.1614,-11.6760,0.0000,経路未発見,69
3649,0.1613,-11.6973,0.0000,経路未発見,28
3650,0.1612,-11.6800,0.0000,経路未発見,30
3651,0.1612,-11.6560,0.0000,経路未発見,25
3652,0.1611,-11.6707,0.0000,経路未発見,27
3653,0.1610,-11.6480,0.0000,経路未発見,41
3654,0.1609,-11.4933,0.0000,経路未発見,24
3655,0.1608,-11.4533,0.0000,経路未発見,27
3656,0.1608,-11.4507,0.0000,経路未発見,43
3657,0.1607,-11.4960,0.0000,経路未発見,46
3658,0.1606,-11.5307,0.0000,経路未発見,30
3659,0.1605,-11.5453,0.0000,経路未発見,41
3660,0.1604,-11.4827,0.0000,経路未発見,35
3661,0.1604,-11.3707,0.0000,経路未発見,39
3662,0.1603,-11.3960,0.0000,経路未発見,33
3663,0.1602,-11.4173,0.0000,経路未発見,60
3664,0.1601,-11.3467,0.0000,経路未発見,36
3665,0.1600,-11.3213,0.0000,経路未発見,25
3666,0.1600,-11.3107,0.0000,経路未発見,40
3667,0.1599,-11.2933,0.0000,経路未発見,34
3668,0.1598,-11.3253,0.0000,経路未発見,44
3669,0.1597,-11.3413,0.0000,経路未発見,27
3670,0.1596,-11.4347,0.0000,経路未発見,34
3671,0.1596,-11.4440,0.0000,経路未発見,32
3672,0.1595,-11.4160,0.0000,経路未発見,46
3673,0.1594,-11.4293,0.0000,経路未発見,30
3674,0.1593,-11.4333,0.0000,経路未発見,37
3675,0.1592,-11.4600,0.0000,経路未発見,28
3676,0.1592,-11.4707,0.0000,経路未発見,52
3677,0.1591,-11.4387,0.0000,経路未発見,46
3678,0.1590,-11.3947,0.0000,経路未発見,57
3679,0.1589,-11.3120,0.0000,経路未発見,38
3680,0.1588,-11.3613,0.0000,経路未発見,38
3681,0.1588,-11.3627,0.0000,経路未発見,43
3682,0.1587,-11.3653,0.0000,経路未発見,22
3683,0.1586,-11.4013,0.0000,経路未発見,43
3684,0.1585,-11.4387,0.0000,経路未発見,33
3685,0.1584,-11.5413,0.0000,経路未発見,33
3686,0.1584,-11.5640,0.0000,経路未発見,47
3687,0.1583,-11.5307,0.0000,経路未発見,52
3688,0.1582,-11.5947,0.0000,経路未発見,32
3689,0.1581,-11.5480,0.0000,経路未発見,31
3690,0.1581,-11.5773,0.0000,経路未発見,34
3691,0.1580,-11.5627,0.0000,経路未発見,30
3692,0.1579,-11.5467,0.0000,経路未発見,32
3693,0.1578,-11.5000,0.0000,経路未発見,31
3694,0.1577,-11.4720,0.0000,経路未発見,25
3695,0.1577,-11.5120,0.0000,経路未発見,36
3696,0.1576,-11.5347,0.0000,経路未発見,36
3697,0.1575,-11.5307,0.0000,経路未発見,33
3698,0.1574,-11.5120,0.0000,経路未発見,53
3699,0.1573,-11.5107,0.0000,経路未発見,31
3700,0.1573,-11.5080,0.0000,経路未発見,70
3701,0.1572,-11.5040,0.0000,経路未発見,27
3702,0.1571,-11.4933,0.0000,経路未発見,38
3703,0.1570,-11.4107,0.0000,経路未発見,21
3704,0.1569,-11.4840,0.0000,経路未発見,33
3705,0.1569,-11.4840,0.0000,経路未発見,28
3706,0.1568,-11.4307,0.0000,経路未発見,27
3707,0.1567,-11.3693,0.0000,経路未発見,38
3708,0.1566,-11.2960,0.0000,経路未発見,34
3709,0.1566,-11.4333,0.0000,経路未発見,40
3710,0.1565,-11.4533,0.0000,経路未発見,40
3711,0.1564,-11.4867,0.0000,経路未発見,39
3712,0.1563,-11.4827,0.0000,経路未発見,39
3713,0.1562,-11.3840,0.0000,経路未発見,23
3714,0.1562,-11.4187,0.0000,経路未発見,40
3715,0.1561,-11.5787,0.0000,経路未発見,54
3716,0.1560,-11.4907,0.0000,経路未発見,23
3717,0.1559,-11.4800,0.0000,経路未発見,36
3718,0.1559,-11.4533,0.0000,経路未発見,77
3719,0.1558,-11.5973,0.0000,経路未発見,47
3720,0.1557,-11.5440,0.0000,経路未発見,36
3721,0.1556,-11.5493,0.0000,経路未発見,30
3722,0.1555,-11.5800,0.0000,経路未発見,27
3723,0.1555,-11.6613,0.0000,経路未発見,52
3724,0.1554,-11.6600,0.0000,経路未発見,26
3725,0.1553,-11.6307,0.0000,経路未発見,33
3726,0.1552,-11.6173,0.0000,経路未発見,45
3727,0.1552,-11.6627,0.0000,経路未発見,37
3728,0.1551,-11.6973,0.0000,経路未発見,45
3729,0.1550,-11.8973,0.0000,経路未発見,63
3730,0.1549,-11.8453,0.0000,経路未発見,44
3731,0.1548,-11.8293,0.0000,経路未発見,38
3732,0.1548,-11.8587,0.0000,経路未発見,34
3733,0.1547,-11.8933,0.0000,経路未発見,27
3734,0.1546,-11.7960,0.0000,経路未発見,42
3735,0.1545,-11.7680,0.0000,経路未発見,24
3736,0.1545,-11.7987,0.0000,経路未発見,36
3737,0.1544,-11.8293,0.0000,経路未発見,33
3738,0.1543,-11.8547,0.0000,経路未発見,32
3739,0.1542,-11.7293,0.0000,経路未発見,30
3740,0.1541,-11.7293,0.0000,経路未発見,40
3741,0.1541,-11.6973,0.0000,経路未発見,42
3742,0.1540,-11.7213,0.0000,経路未発見,42
3743,0.1539,-11.7667,0.0000,経路未発見,23
3744,0.1538,-11.8440,0.0000,経路未発見,90
3745,0.1538,-11.6493,0.0000,経路未発見,30
3746,0.1537,-11.7160,0.0000,経路未発見,42
3747,0.1536,-11.7173,0.0000,経路未発見,28
3748,0.1535,-11.7280,0.0000,経路未発見,39
3749,0.1535,-11.6613,0.0000,経路未発見,54
3750,0.1534,-11.6787,0.0000,経路未発見,28
3751,0.1533,-11.7027,0.0000,経路未発見,56
3752,0.1532,-11.7360,0.0000,経路未発見,42
3753,0.1532,-11.7107,0.0000,経路未発見,28
3754,0.1531,-11.7080,0.0000,経路未発見,24
3755,0.1530,-11.7040,0.0000,経路未発見,32
3756,0.1529,-11.6667,0.0000,経路未発見,25
3757,0.1528,-11.6680,0.0000,経路未発見,55
3758,0.1528,-11.6000,0.0000,経路未発見,34
3759,0.1527,-11.4253,0.0000,経路未発見,48
3760,0.1526,-11.3747,0.0000,経路未発見,26
3761,0.1525,-11.3867,0.0000,経路未発見,30
3762,0.1525,-11.3827,0.0000,経路未発見,69
3763,0.1524,-11.4080,0.0000,経路未発見,48
3764,0.1523,-11.4213,0.0000,経路未発見,34
3765,0.1522,-11.4827,0.0000,経路未発見,43
3766,0.1522,-11.5267,0.0000,経路未発見,41
3767,0.1521,-11.5773,0.0000,経路未発見,52
3768,0.1520,-11.5680,0.0000,経路未発見,31
3769,0.1519,-11.5840,0.0000,経路未発見,46
3770,0.1519,-11.5547,0.0000,経路未発見,33
3771,0.1518,-11.6373,0.0000,経路未発見,39
3772,0.1517,-11.5987,0.0000,経路未発見,30
3773,0.1516,-11.6920,0.0000,経路未発見,39
3774,0.1516,-11.5813,0.0000,経路未発見,36
3775,0.1515,-11.6120,0.0000,経路未発見,39
3776,0.1514,-11.6213,0.0000,経路未発見,36
3777,0.1513,-11.7373,0.0000,経路未発見,44
3778,0.1512,-11.6587,0.0000,経路未発見,35
3779,0.1512,-11.5947,0.0000,経路未発見,37
3780,0.1511,-11.7120,0.0000,経路未発見,70
3781,0.1510,-11.6853,0.0000,経路未発見,36
3782,0.1509,-11.6080,0.0000,経路未発見,30
3783,0.1509,-11.5800,0.0000,経路未発見,42
3784,0.1508,-11.6133,0.0000,経路未発見,31
3785,0.1507,-11.5827,0.0000,経路未発見,23
3786,0.1506,-11.6080,0.0000,経路未発見,38
3787,0.1506,-11.5840,0.0000,経路未発見,33
3788,0.1505,-11.5947,0.0000,経路未発見,38
3789,0.1504,-11.5813,0.0000,経路未発見,38
3790,0.1503,-11.6347,0.0000,経路未発見,31
3791,0.1503,-11.6787,0.0000,経路未発見,42
3792,0.1502,-11.6320,0.0000,経路未発見,26
3793,0.1501,-11.6360,0.0000,経路未発見,34
3794,0.1500,-11.6480,0.0000,経路未発見,36
3795,0.1500,-11.5893,0.0000,経路未発見,26
3796,0.1499,-11.5867,0.0000,経路未発見,39
3797,0.1498,-11.5787,0.0000,経路未発見,61
3798,0.1497,-11.5600,0.0000,経路未発見,32
3799,0.1497,-11.6613,0.0000,経路未発見,65
3800,0.1496,-11.6307,0.0000,経路未発見,35
3801,0.1495,-11.5133,0.0000,経路未発見,24
3802,0.1494,-11.5200,0.0000,経路未発見,33
3803,0.1494,-11.4093,0.0000,経路未発見,30
3804,0.1493,-11.4573,0.0000,経路未発見,45
3805,0.1492,-11.4213,0.0000,経路未発見,41
3806,0.1491,-11.4053,0.0000,経路未発見,47
3807,0.1491,-11.2893,0.0000,経路未発見,39
3808,0.1490,-11.3280,0.0000,経路未発見,43
3809,0.1489,-11.3173,0.0000,経路未発見,29
3810,0.1488,-11.1640,0.0000,経路未発見,26
3811,0.1488,-11.2147,0.0000,経路未発見,32
3812,0.1487,-11.3880,0.0000,経路未発見,64
3813,0.1486,-11.3973,0.0000,経路未発見,36
3814,0.1485,-11.4307,0.0000,経路未発見,32
3815,0.1485,-11.4773,0.0000,経路未発見,40
3816,0.1484,-11.4573,0.0000,経路未発見,25
3817,0.1483,-11.4253,0.0000,経路未発見,28
3818,0.1483,-11.4613,0.0000,経路未発見,44
3819,0.1482,-11.5533,0.0000,経路未発見,37
3820,0.1481,-11.6160,0.0000,経路未発見,53
3821,0.1480,-11.6000,0.0000,経路未発見,38
3822,0.1480,-11.6040,0.0000,経路未発見,23
3823,0.1479,-11.6440,0.0000,経路未発見,41
3824,0.1478,-11.6440,0.0000,経路未発見,40
3825,0.1477,-11.6320,0.0000,経路未発見,30
3826,0.1477,-11.7053,0.0000,経路未発見,39
3827,0.1476,-11.7107,0.0000,経路未発見,42
3828,0.1475,-11.7920,0.0000,経路未発見,38
3829,0.1474,-11.6560,0.0000,経路未発見,31
3830,0.1474,-11.7147,0.0000,経路未発見,37
3831,0.1473,-11.7947,0.0000,経路未発見,34
3832,0.1472,-11.8120,0.0000,経路未発見,29
3833,0.1471,-11.9253,0.0000,経路未発見,68
3834,0.1471,-11.9373,0.0000,経路未発見,37
3835,0.1470,-11.9427,0.0000,経路未発見,53
3836,0.1469,-12.0173,0.0000,経路未発見,50
3837,0.1469,-12.0320,0.0000,経路未発見,29
3838,0.1468,-12.0307,0.0000,経路未発見,36
3839,0.1467,-12.0493,0.0000,経路未発見,47
3840,0.1466,-12.0947,0.0000,経路未発見,29
3841,0.1466,-12.0680,0.0000,経路未発見,42
3842,0.1465,-11.9413,0.0000,経路未発見,36
3843,0.1464,-11.9480,0.0000,経路未発見,47
3844,0.1463,-11.9280,0.0000,経路未発見,45
3845,0.1463,-11.9693,0.0000,経路未発見,65
3846,0.1462,-11.9813,0.0000,経路未発見,32
3847,0.1461,-12.0053,0.0000,経路未発見,38
3848,0.1460,-12.1600,0.0000,経路未発見,35
3849,0.1460,-12.1133,0.0000,経路未発見,38
3850,0.1459,-12.0707,0.0000,経路未発見,40
3851,0.1458,-12.0760,0.0000,経路未発見,72
3852,0.1458,-12.1227,0.0000,経路未発見,60
3853,0.1457,-12.1267,0.0000,経路未発見,44
3854,0.1456,-12.0693,0.0000,経路未発見,30
3855,0.1455,-12.0720,0.0000,経路未発見,32
3856,0.1455,-11.9573,0.0000,経路未発見,44
3857,0.1454,-11.8867,0.0000,経路未発見,40
3858,0.1453,-11.8440,0.0000,経路未発見,29
3859,0.1452,-11.8653,0.0000,経路未発見,32
3860,0.1452,-11.8147,0.0000,経路未発見,41
3861,0.1451,-11.7600,0.0000,経路未発見,33
3862,0.1450,-11.7960,0.0000,経路未発見,35
3863,0.1450,-11.7187,0.0000,経路未発見,40
3864,0.1449,-11.7440,0.0000,経路未発見,58
3865,0.1448,-11.8293,0.0000,経路未発見,65
3866,0.1447,-11.9280,0.0000,経路未発見,54
3867,0.1447,-11.9240,0.0000,経路未発見,76
3868,0.1446,-11.8760,0.0000,経路未発見,31
3869,0.1445,-11.8787,0.0000,経路未発見,34
3870,0.1444,-11.9120,0.0000,経路未発見,41
3871,0.1444,-11.9000,0.0000,経路未発見,28
3872,0.1443,-11.8733,0.0000,経路未発見,43
3873,0.1442,-11.9307,0.0000,経路未発見,42
3874,0.1442,-11.9907,0.0000,経路未発見,50
3875,0.1441,-11.9147,0.0000,経路未発見,31
3876,0.1440,-11.9227,0.0000,経路未発見,34
3877,0.1439,-11.9427,0.0000,経路未発見,51
3878,0.1439,-11.7187,0.0000,経路未発見,31
3879,0.1438,-11.6533,0.0000,経路未発見,29
3880,0.1437,-11.6053,0.0000,経路未発見,24
3881,0.1437,-11.5867,0.0000,経路未発見,54
3882,0.1436,-11.5147,0.0000,経路未発見,22
3883,0.1435,-11.4853,0.0000,経路未発見,47
3884,0.1434,-11.5827,0.0000,経路未発見,51
3885,0.1434,-11.5827,0.0000,経路未発見,21
3886,0.1433,-11.5653,0.0000,経路未発見,33
3887,0.1432,-11.5987,0.0000,経路未発見,33
3888,0.1432,-11.6107,0.0000,経路未発見,47
3889,0.1431,-11.7373,0.0000,経路未発見,71
3890,0.1430,-11.8027,0.0000,経路未発見,50
3891,0.1429,-11.8373,0.0000,経路未発見,45
3892,0.1429,-11.9120,0.0000,経路未発見,48
3893,0.1428,-11.8813,0.0000,経路未発見,34
3894,0.1427,-11.7653,0.0000,経路未発見,23
3895,0.1427,-11.7107,0.0000,経路未発見,59
3896,0.1426,-11.5280,0.0000,経路未発見,34
3897,0.1425,-11.4947,0.0000,経路未発見,24
3898,0.1424,-11.5293,0.0000,経路未発見,34
3899,0.1424,-11.5160,0.0000,経路未発見,31
3900,0.1423,-11.4840,0.0000,経路未発見,36
3901,0.1422,-11.4933,0.0000,経路未発見,48
3902,0.1422,-11.5173,0.0000,経路未発見,53
3903,0.1421,-11.5173,0.0000,経路未発見,80
3904,0.1420,-11.5373,0.0000,経路未発見,44
3905,0.1419,-11.6667,0.0000,経路未発見,36
3906,0.1419,-11.8213,0.0000,経路未発見,51
3907,0.1418,-11.8453,0.0000,経路未発見,43
3908,0.1417,-11.8547,0.0000,経路未発見,31
3909,0.1417,-11.9307,0.0000,経路未発見,38
3910,0.1416,-11.9720,0.0000,経路未発見,41
3911,0.1415,-11.9867,0.0000,経路未発見,37
3912,0.1414,-12.0600,0.0000,経路未発見,25
3913,0.1414,-12.0747,0.0000,経路未発見,37
3914,0.1413,-12.0427,0.0000,経路未発見,31
3915,0.1412,-12.0960,0.0000,経路未発見,41
3916,0.1412,-12.1307,0.0000,経路未発見,44
3917,0.1411,-12.0827,0.0000,経路未発見,35
3918,0.1410,-12.0987,0.0000,経路未発見,36
3919,0.1410,-11.9640,0.0000,経路未発見,41
3920,0.1409,-11.8760,0.0000,経路未発見,26
3921,0.1408,-11.8867,0.0000,経路未発見,33
3922,0.1407,-11.7800,0.0000,経路未発見,38
3923,0.1407,-11.8293,0.0000,経路未発見,50
3924,0.1406,-11.9147,0.0000,経路未発見,67
3925,0.1405,-11.8867,0.0000,経路未発見,36
3926,0.1405,-11.9133,0.0000,経路未発見,27
3927,0.1404,-11.9627,0.0000,経路未発見,36
3928,0.1403,-12.0253,0.0000,経路未発見,41
3929,0.1402,-12.0893,0.0000,経路未発見,45
3930,0.1402,-12.1480,0.0000,経路未発見,53
3931,0.1401,-12.1493,0.0000,経路未発見,43
3932,0.1400,-12.1387,0.0000,経路未発見,34
3933,0.1400,-12.0547,0.0000,経路未発見,34
3934,0.1399,-12.0173,0.0000,経路未発見,43
3935,0.1398,-11.9360,0.0000,経路未発見,46
3936,0.1398,-11.7907,0.0000,経路未発見,39
3937,0.1397,-11.7413,0.0000,経路未発見,34
3938,0.1396,-11.7413,0.0000,経路未発見,39
3939,0.1395,-11.6533,0.0000,経路未発見,26
3940,0.1395,-11.6640,0.0000,経路未発見,34
3941,0.1394,-11.7653,0.0000,経路未発見,108
3942,0.1393,-11.7453,0.0000,経路未発見,31
3943,0.1393,-11.7693,0.0000,経路未発見,36
3944,0.1392,-11.7253,0.0000,経路未発見,34
3945,0.1391,-11.6720,0.0000,経路未発見,32
3946,0.1391,-11.6400,0.0000,経路未発見,35
3947,0.1390,-11.7000,0.0000,経路未発見,36
3948,0.1389,-11.6467,0.0000,経路未発見,27
3949,0.1389,-11.6960,0.0000,経路未発見,38
3950,0.1388,-11.8360,0.0000,経路未発見,53
3951,0.1387,-11.8427,0.0000,経路未発見,47
3952,0.1386,-11.9307,0.0000,経路未発見,42
3953,0.1386,-11.9147,0.0000,経路未発見,46
3954,0.1385,-11.9373,0.0000,経路未発見,40
3955,0.1384,-11.9547,0.0000,経路未発見,39
3956,0.1384,-12.0360,0.0000,経路未発見,56
3957,0.1383,-12.0080,0.0000,経路未発見,36
3958,0.1382,-11.9093,0.0000,経路未発見,32
3959,0.1382,-11.8960,0.0000,経路未発見,39
3960,0.1381,-12.0627,0.0000,経路未発見,62
3961,0.1380,-12.0840,0.0000,経路未発見,59
3962,0.1380,-12.0827,0.0000,経路未発見,31
3963,0.1379,-12.1800,0.0000,経路未発見,51
3964,0.1378,-12.1400,0.0000,経路未発見,43
3965,0.1377,-12.0787,0.0000,経路未発見,27
3966,0.1377,-12.0880,0.0000,経路未発見,41
3967,0.1376,-12.1680,0.0000,経路未発見,64
3968,0.1375,-12.3160,0.0000,経路未発見,48
3969,0.1375,-12.3467,0.0000,経路未発見,35
3970,0.1374,-12.3253,0.0000,経路未発見,33
3971,0.1373,-12.2000,0.0000,経路未発見,38
3972,0.1373,-12.2507,0.0000,経路未発見,45
3973,0.1372,-12.2107,0.0000,経路未発見,44
3974,0.1371,-12.2133,0.0000,経路未発見,32
3975,0.1371,-12.2440,0.0000,経路未発見,38
3976,0.1370,-12.2680,0.0000,経路未発見,34
3977,0.1369,-12.2000,0.0000,経路未発見,18
3978,0.1369,-12.2107,0.0000,経路未発見,31
3979,0.1368,-12.2800,0.0000,経路未発見,60
3980,0.1367,-12.1973,0.0000,経路未発見,48
3981,0.1366,-12.1533,0.0000,経路未発見,59
3982,0.1366,-12.0747,0.0000,経路未発見,35
3983,0.1365,-12.0200,0.0000,経路未発見,22
3984,0.1364,-11.9267,0.0000,経路未発見,31
3985,0.1364,-11.8787,0.0000,経路未発見,30
3986,0.1363,-11.7920,0.0000,経路未発見,35
3987,0.1362,-11.8187,0.0000,経路未発見,37
3988,0.1362,-11.8160,0.0000,経路未発見,26
3989,0.1361,-11.7760,0.0000,経路未発見,39
3990,0.1360,-11.5733,0.0000,経路未発見,47
3991,0.1360,-11.5747,0.0000,経路未発見,43
3992,0.1359,-11.6120,0.0000,経路未発見,43
3993,0.1358,-11.4827,0.0000,経路未発見,18
3994,0.1358,-11.5000,0.0000,経路未発見,62
3995,0.1357,-11.5920,0.0000,経路未発見,48
3996,0.1356,-11.5853,0.0000,経路未発見,37
3997,0.1356,-11.6493,0.0000,経路未発見,65
3998,0.1355,-11.5093,0.0000,経路未発見,37
3999,0.1354,-11.5187,0.0000,経路未発見,29
4000,0.1354,-11.4853,0.0000,経路未発見,26
4001,0.1353,-11.4533,0.0000,経路未発見,22
4002,0.1352,-11.4280,0.0000,経路未発見,29
4003,0.1352,-11.4120,0.0000,経路未発見,32
4004,0.1351,-11.4813,0.0000,経路未発見,38
4005,0.1350,-11.4600,0.0000,経路未発見,37
4006,0.1349,-11.4480,0.0000,経路未発見,38
4007,0.1349,-11.4987,0.0000,経路未発見,33
4008,0.1348,-11.5133,0.0000,経路未発見,40
4009,0.1347,-11.4267,0.0000,経路未発見,50
4010,0.1347,-11.4227,0.0000,経路未発見,35
4011,0.1346,-11.5387,0.0000,経路未発見,56
4012,0.1345,-11.5373,0.0000,経路未発見,36
4013,0.1345,-11.5507,0.0000,経路未発見,28
4014,0.1344,-11.5373,0.0000,経路未発見,33
4015,0.1343,-11.5107,0.0000,経路未発見,22
4016,0.1343,-11.4747,0.0000,経路未発見,33
4017,0.1342,-11.4320,0.0000,経路未発見,28
4018,0.1341,-11.4800,0.0000,経路未発見,27
4019,0.1341,-11.4453,0.0000,経路未発見,25
4020,0.1340,-11.3973,0.0000,経路未発見,34
4021,0.1339,-11.3227,0.0000,経路未発見,26
4022,0.1339,-11.3293,0.0000,経路未発見,47
4023,0.1338,-11.3573,0.0000,経路未発見,33
4024,0.1337,-11.4067,0.0000,経路未発見,54
4025,0.1337,-11.4933,0.0000,経路未発見,57
4026,0.1336,-11.5373,0.0000,経路未発見,38
4027,0.1335,-11.4107,0.0000,経路未発見,34
4028,0.1335,-11.4520,0.0000,経路未発見,50
4029,0.1334,-11.5653,0.0000,経路未発見,79
4030,0.1333,-11.6480,0.0000,経路未発見,49
4031,0.1333,-11.7187,0.0000,経路未発見,42
4032,0.1332,-11.6600,0.0000,経路未発見,23
4033,0.1331,-11.6573,0.0000,経路未発見,30
4034,0.1331,-11.6627,0.0000,経路未発見,80
4035,0.1330,-11.6627,0.0000,経路未発見,37
4036,0.1329,-11.6387,0.0000,経路未発見,32
4037,0.1329,-11.5613,0.0000,経路未発見,17
4038,0.1328,-11.5547,0.0000,経路未発見,26
4039,0.1327,-11.5573,0.0000,経路未発見,40
4040,0.1327,-11.5307,0.0000,経路未発見,38
4041,0.1326,-11.4040,0.0000,経路未発見,16
4042,0.1325,-11.3933,0.0000,経路未発見,43
4043,0.1325,-11.4160,0.0000,経路未発見,28
4044,0.1324,-11.4347,0.0000,経路未発見,28
4045,0.1323,-11.4173,0.0000,経路未発見,18
4046,0.1323,-11.4320,0.0000,経路未発見,30
4047,0.1322,-11.4800,0.0000,経路未発見,37
4048,0.1321,-11.4667,0.0000,経路未発見,37
4049,0.1321,-11.5800,0.0000,経路未発見,43
4050,0.1320,-11.6827,0.0000,経路未発見,44
4051,0.1319,-11.7493,0.0000,経路未発見,37
4052,0.1319,-11.7760,0.0000,経路未発見,78
4053,0.1318,-11.8440,0.0000,経路未発見,56
4054,0.1317,-11.7413,0.0000,経路未発見,22
4055,0.1317,-11.5840,0.0000,経路未発見,39
4056,0.1316,-11.5587,0.0000,経路未発見,44
4057,0.1316,-11.6720,0.0000,経路未発見,51
4058,0.1315,-11.6533,0.0000,経路未発見,45
4059,0.1314,-11.5707,0.0000,経路未発見,35
4060,0.1314,-11.5973,0.0000,経路未発見,107
4061,0.1313,-11.6013,0.0000,経路未発見,39
4062,0.1312,-11.6880,0.0000,経路未発見,40
4063,0.1312,-11.6773,0.0000,経路未発見,37
4064,0.1311,-11.6413,0.0000,経路未発見,63
4065,0.1310,-11.7120,0.0000,経路未発見,50
4066,0.1310,-11.8200,0.0000,経路未発見,73
4067,0.1309,-11.8787,0.0000,経路未発見,46
4068,0.1308,-11.8413,0.0000,経路未発見,25
4069,0.1308,-11.8280,0.0000,経路未発見,38
4070,0.1307,-11.8547,0.0000,経路未発見,43
4071,0.1306,-11.9227,0.0000,経路未発見,57
4072,0.1306,-11.9173,0.0000,経路未発見,47
4073,0.1305,-11.9640,0.0000,経路未発見,65
4074,0.1304,-11.9387,0.0000,経路未発見,26
4075,0.1304,-11.9840,0.0000,経路未発見,33
4076,0.1303,-11.9507,0.0000,経路未発見,30
4077,0.1302,-12.0387,0.0000,経路未発見,57
4078,0.1302,-12.1600,0.0000,経路未発見,50
4079,0.1301,-12.0840,0.0000,経路未発見,45
4080,0.1300,-12.0253,0.0000,経路未発見,46
4081,0.1300,-11.9920,0.0000,経路未発見,29
4082,0.1299,-12.0120,0.0000,経路未発見,72
4083,0.1299,-11.9760,0.0000,経路未発見,57
4084,0.1298,-11.9987,0.0000,経路未発見,37
4085,0.1297,-12.0547,0.0000,経路未発見,43
4086,0.1297,-12.0800,0.0000,経路未発見,45
4087,0.1296,-11.9320,0.0000,経路未発見,31
4088,0.1295,-11.8893,0.0000,経路未発見,36
4089,0.1295,-11.8773,0.0000,経路未発見,47
4090,0.1294,-11.8013,0.0000,経路未発見,33
4091,0.1293,-11.7733,0.0000,経路未発見,39
4092,0.1293,-11.7613,0.0000,経路未発見,37
4093,0.1292,-11.7693,0.0000,経路未発見,28
4094,0.1291,-11.7320,0.0000,経路未発見,31
4095,0.1291,-11.7013,0.0000,経路未発見,44
4096,0.1290,-11.5867,0.0000,経路未発見,33
4097,0.1289,-11.6413,0.0000,経路未発見,77
4098,0.1289,-11.8373,0.0000,経路未発見,43
4099,0.1288,-11.8107,0.0000,経路未発見,41
4100,0.1288,-11.7600,0.0000,経路未発見,32
4101,0.1287,-11.7147,0.0000,経路未発見,42
4102,0.1286,-11.7373,0.0000,経路未発見,35
4103,0.1286,-11.7013,0.0000,経路未発見,51
4104,0.1285,-11.8067,0.0000,経路未発見,46
4105,0.1284,-11.7827,0.0000,経路未発見,38
4106,0.1284,-11.7867,0.0000,経路未発見,35
4107,0.1283,-11.7547,0.0000,経路未発見,45
4108,0.1282,-11.7147,0.0000,経路未発見,49
4109,0.1282,-11.8680,0.0000,経路未発見,58
4110,0.1281,-11.9427,0.0000,経路未発見,83
4111,0.1280,-12.1013,0.0000,経路未発見,55
4112,0.1280,-12.0187,0.0000,経路未発見,52
4113,0.1279,-12.0173,0.0000,経路未発見,42
4114,0.1279,-12.0533,0.0000,経路未発見,36
4115,0.1278,-12.0867,0.0000,経路未発見,42
4116,0.1277,-12.0587,0.0000,経路未発見,34
4117,0.1277,-12.1307,0.0000,経路未発見,51
4118,0.1276,-12.1613,0.0000,経路未発見,53
4119,0.1275,-12.1987,0.0000,経路未発見,60
4120,0.1275,-12.1627,0.0000,経路未発見,27
4121,0.1274,-12.1347,0.0000,経路未発見,24
4122,0.1273,-12.1653,0.0000,経路未発見,43
4123,0.1273,-12.1427,0.0000,経路未発見,28
4124,0.1272,-12.1453,0.0000,経路未発見,33
4125,0.1272,-12.2427,0.0000,経路未発見,66
4126,0.1271,-12.3360,0.0000,経路未発見,49
4127,0.1270,-12.2667,0.0000,経路未発見,36
4128,0.1270,-12.1080,0.0000,経路未発見,33
4129,0.1269,-12.2027,0.0000,経路未発見,64
4130,0.1268,-12.2920,0.0000,経路未発見,47
4131,0.1268,-12.3173,0.0000,経路未発見,44
4132,0.1267,-12.2733,0.0000,経路未発見,31
4133,0.1266,-12.2867,0.0000,経路未発見,31
4134,0.1266,-12.2107,0.0000,経路未発見,33
4135,0.1265,-12.3387,0.0000,経路未発見,69
4136,0.1265,-12.3707,0.0000,経路未発見,36
4137,0.1264,-12.2880,0.0000,経路未発見,40
4138,0.1263,-12.2173,0.0000,経路未発見,41
4139,0.1263,-12.0787,0.0000,経路未発見,54
4140,0.1262,-11.9280,0.0000,経路未発見,38
4141,0.1261,-11.8227,0.0000,経路未発見,54
4142,0.1261,-11.8093,0.0000,経路未発見,46
4143,0.1260,-11.8627,0.0000,経路未発見,75
4144,0.1260,-11.8227,0.0000,経路未発見,40
4145,0.1259,-11.7427,0.0000,経路未発見,44
4146,0.1258,-11.7120,0.0000,経路未発見,36
4147,0.1258,-11.7120,0.0000,経路未発見,34
4148,0.1257,-11.7040,0.0000,経路未発見,43
4149,0.1256,-11.6653,0.0000,経路未発見,39
4150,0.1256,-11.6813,0.0000,経路未発見,39
4151,0.1255,-11.6693,0.0000,経路未発見,32
4152,0.1254,-11.6053,0.0000,経路未発見,41
4153,0.1254,-11.8027,0.0000,経路未発見,53
4154,0.1253,-11.8587,0.0000,経路未発見,71
4155,0.1253,-11.7853,0.0000,経路未発見,62
4156,0.1252,-11.7040,0.0000,経路未発見,32
4157,0.1251,-11.7547,0.0000,経路未発見,51
4158,0.1251,-11.7600,0.0000,経路未発見,37
4159,0.1250,-11.7413,0.0000,経路未発見,46
4160,0.1249,-11.7467,0.0000,経路未発見,59
4161,0.1249,-11.8173,0.0000,経路未発見,41
4162,0.1248,-11.8613,0.0000,経路未発見,39
4163,0.1248,-11.8080,0.0000,経路未発見,33
4164,0.1247,-11.7747,0.0000,経路未発見,25
4165,0.1246,-11.6733,0.0000,経路未発見,31
4166,0.1246,-11.7173,0.0000,経路未発見,40
4167,0.1245,-11.7667,0.0000,経路未発見,37
4168,0.1244,-11.7253,0.0000,経路未発見,31
4169,0.1244,-11.7533,0.0000,経路未発見,39
4170,0.1243,-11.9360,0.0000,経路未発見,64
4171,0.1243,-11.8760,0.0000,経路未発見,30
4172,0.1242,-12.0360,0.0000,経路未発見,67
4173,0.1241,-11.9747,0.0000,経路未発見,33
4174,0.1241,-11.9973,0.0000,経路未発見,32
4175,0.1240,-11.9947,0.0000,経路未発見,27
4176,0.1240,-11.9627,0.0000,経路未発見,24
4177,0.1239,-12.0000,0.0000,経路未発見,48
4178,0.1238,-12.0107,0.0000,経路未発見,47
4179,0.1238,-11.9827,0.0000,経路未発見,44
4180,0.1237,-11.9787,0.0000,経路未発見,30
4181,0.1236,-11.9533,0.0000,経路未発見,23
4182,0.1236,-11.9613,0.0000,経路未発見,28
4183,0.1235,-11.8360,0.0000,経路未発見,29
4184,0.1235,-11.7893,0.0000,経路未発見,27
4185,0.1234,-11.8613,0.0000,経路未発見,43
4186,0.1233,-11.9133,0.0000,経路未発見,50
4187,0.1233,-11.9253,0.0000,経路未発見,55
4188,0.1232,-11.9333,0.0000,経路未発見,28
4189,0.1231,-11.8720,0.0000,経路未発見,35
4190,0.1231,-11.7987,0.0000,経路未発見,40
4191,0.1230,-11.6667,0.0000,経路未発見,21
4192,0.1230,-11.7440,0.0000,経路未発見,40
4193,0.1229,-11.7173,0.0000,経路未発見,25
4194,0.1228,-11.7693,0.0000,経路未発見,39
4195,0.1228,-11.8480,0.0000,経路未発見,69
4196,0.1227,-11.7747,0.0000,経路未発見,33
4197,0.1227,-11.7827,0.0000,経路未発見,32
4198,0.1226,-11.8853,0.0000,経路未発見,40
4199,0.1225,-11.8347,0.0000,経路未発見,39
4200,0.1225,-11.7093,0.0000,経路未発見,36
4201,0.1224,-11.7613,0.0000,経路未発見,48
4202,0.1223,-11.5507,0.0000,経路未発見,20
4203,0.1223,-11.5267,0.0000,経路未発見,30
4204,0.1222,-11.5560,0.0000,経路未発見,50
4205,0.1222,-11.6520,0.0000,経路未発見,57
4206,0.1221,-11.7267,0.0000,経路未発見,35
4207,0.1220,-11.6573,0.0000,経路未発見,42
4208,0.1220,-11.7080,0.0000,経路未発見,47
4209,0.1219,-11.7387,0.0000,経路未発見,27
4210,0.1219,-11.7920,0.0000,経路未発見,59
4211,0.1218,-11.9227,0.0000,経路未発見,33
4212,0.1217,-11.9387,0.0000,経路未発見,47
4213,0.1217,-11.9053,0.0000,経路未発見,51
4214,0.1216,-11.9360,0.0000,経路未発見,44
4215,0.1216,-11.8480,0.0000,経路未発見,35
4216,0.1215,-11.8080,0.0000,経路未発見,32
4217,0.1214,-11.7440,0.0000,経路未発見,37
4218,0.1214,-11.7480,0.0000,経路未発見,44
4219,0.1213,-11.8840,0.0000,経路未発見,72
4220,0.1213,-11.9080,0.0000,経路未発見,39
4221,0.1212,-11.9440,0.0000,経路未発見,46
4222,0.1211,-11.8493,0.0000,経路未発見,36
4223,0.1211,-11.9853,0.0000,経路未発見,48
4224,0.1210,-11.9320,0.0000,経路未発見,22
4225,0.1210,-11.8293,0.0000,経路未発見,32
4226,0.1209,-11.9013,0.0000,経路未発見,45
4227,0.1208,-11.8333,0.0000,経路未発見,32
4228,0.1208,-11.7440,0.0000,経路未発見,45
4229,0.1207,-11.7627,0.0000,経路未発見,49
4230,0.1206,-11.7653,0.0000,経路未発見,53
4231,0.1206,-11.7027,0.0000,経路未発見,26
4232,0.1205,-11.7573,0.0000,経路未発見,32
4233,0.1205,-11.7787,0.0000,経路未発見,46
4234,0.1204,-11.7280,0.0000,経路未発見,31
4235,0.1203,-11.6320,0.0000,経路未発見,38
4236,0.1203,-11.6173,0.0000,経路未発見,40
4237,0.1202,-11.6027,0.0000,経路未発見,29
4238,0.1202,-11.5133,0.0000,経路未発見,24
4239,0.1201,-11.4933,0.0000,経路未発見,40
4240,0.1200,-11.4347,0.0000,経路未発見,30
4241,0.1200,-11.3720,0.0000,経路未発見,41
4242,0.1199,-11.3573,0.0000,経路未発見,38
4243,0.1199,-11.3933,0.0000,経路未発見,58
4244,0.1198,-11.5080,0.0000,経路未発見,92
4245,0.1197,-11.6240,0.0000,経路未発見,39
4246,0.1197,-11.6000,0.0000,経路未発見,25
4247,0.1196,-11.6800,0.0000,経路未発見,40
4248,0.1196,-11.6333,0.0000,経路未発見,34
4249,0.1195,-11.5040,0.0000,経路未発見,38
4250,0.1194,-11.4773,0.0000,経路未発見,30
4251,0.1194,-11.4720,0.0000,経路未発見,35
4252,0.1193,-11.4387,0.0000,経路未発見,28
4253,0.1193,-11.4040,0.0000,経路未発見,39
4254,0.1192,-11.4707,0.0000,経路未発見,53
4255,0.1191,-11.8387,0.0000,経路未発見,127
4256,0.1191,-11.7573,0.0000,経路未発見,28
4257,0.1190,-11.7400,0.0000,経路未発見,21
4258,0.1190,-11.7840,0.0000,経路未発見,34
4259,0.1189,-11.8173,0.0000,経路未発見,61
4260,0.1189,-11.7800,0.0000,経路未発見,25
4261,0.1188,-11.8573,0.0000,経路未発見,69
4262,0.1187,-11.8947,0.0000,経路未発見,52
4263,0.1187,-11.8747,0.0000,経路未発見,33
4264,0.1186,-11.8760,0.0000,経路未発見,34
4265,0.1186,-11.9880,0.0000,経路未発見,49
4266,0.1185,-11.9160,0.0000,経路未発見,21
4267,0.1184,-11.9093,0.0000,経路未発見,37
4268,0.1184,-11.9693,0.0000,経路未発見,44
4269,0.1183,-11.9427,0.0000,経路未発見,32
4270,0.1183,-12.0813,0.0000,経路未発見,49
4271,0.1182,-12.1627,0.0000,経路未発見,47
4272,0.1181,-12.1640,0.0000,経路未発見,33
4273,0.1181,-12.1413,0.0000,経路未発見,46
4274,0.1180,-12.0467,0.0000,経路未発見,42
4275,0.1180,-11.9000,0.0000,経路未発見,33
4276,0.1179,-12.0547,0.0000,経路未発見,56
4277,0.1178,-12.0027,0.0000,経路未発見,30
4278,0.1178,-11.9813,0.0000,経路未発見,22
4279,0.1177,-12.0400,0.0000,経路未発見,44
4280,0.1177,-12.0587,0.0000,経路未発見,33
4281,0.1176,-12.0960,0.0000,経路未発見,43
4282,0.1176,-12.1120,0.0000,経路未発見,36
4283,0.1175,-12.1200,0.0000,経路未発見,63
4284,0.1174,-12.1053,0.0000,経路未発見,36
4285,0.1174,-11.7840,0.0000,経路未発見,46
4286,0.1173,-11.7827,0.0000,経路未発見,29
4287,0.1173,-11.7920,0.0000,経路未発見,22
4288,0.1172,-11.7320,0.0000,経路未発見,29
4289,0.1171,-11.6573,0.0000,経路未発見,28
4290,0.1171,-11.6933,0.0000,経路未発見,39
4291,0.1170,-11.6733,0.0000,経路未発見,40
4292,0.1170,-11.7533,0.0000,経路未発見,78
4293,0.1169,-11.8600,0.0000,経路未発見,56
4294,0.1168,-11.9080,0.0000,経路未発見,51
4295,0.1168,-11.7640,0.0000,経路未発見,22
4296,0.1167,-11.8667,0.0000,経路未発見,57
4297,0.1167,-11.8600,0.0000,経路未発見,30
4298,0.1166,-11.8747,0.0000,経路未発見,50
4299,0.1166,-11.9120,0.0000,経路未発見,37
4300,0.1165,-11.8373,0.0000,経路未発見,40
4301,0.1164,-11.7213,0.0000,経路未発見,34
4302,0.1164,-11.7227,0.0000,経路未発見,36
4303,0.1163,-11.8253,0.0000,経路未発見,78
4304,0.1163,-11.8440,0.0000,経路未発見,63
4305,0.1162,-11.9693,0.0000,経路未発見,51
4306,0.1161,-11.9280,0.0000,経路未発見,70
4307,0.1161,-11.8920,0.0000,経路未発見,27
4308,0.1160,-11.9227,0.0000,経路未発見,39
4309,0.1160,-11.8520,0.0000,経路未発見,31
4310,0.1159,-11.8960,0.0000,経路未発見,41
4311,0.1159,-11.9013,0.0000,経路未発見,32
4312,0.1158,-11.9267,0.0000,経路未発見,34
4313,0.1157,-11.9560,0.0000,経路未発見,55
4314,0.1157,-11.9760,0.0000,経路未発見,30
4315,0.1156,-11.9347,0.0000,経路未発見,32
4316,0.1156,-12.0200,0.0000,経路未発見,51
4317,0.1155,-12.0813,0.0000,経路未発見,45
4318,0.1155,-12.1973,0.0000,経路未発見,72
4319,0.1154,-12.3587,0.0000,経路未発見,47
4320,0.1153,-12.3187,0.0000,経路未発見,28
4321,0.1153,-12.3200,0.0000,経路未発見,43
4322,0.1152,-12.2173,0.0000,経路未発見,37
4323,0.1152,-12.1133,0.0000,経路未発見,24
4324,0.1151,-12.1040,0.0000,経路未発見,24
4325,0.1151,-12.1173,0.0000,経路未発見,32
4326,0.1150,-12.0627,0.0000,経路未発見,26
4327,0.1149,-12.0640,0.0000,経路未発見,29
4328,0.1149,-12.1573,0.0000,経路未発見,46
4329,0.1148,-12.1680,0.0000,経路未発見,64
4330,0.1148,-12.1387,0.0000,経路未発見,64
4331,0.1147,-12.1667,0.0000,経路未発見,34
4332,0.1146,-12.1360,0.0000,経路未発見,38
4333,0.1146,-12.1133,0.0000,経路未発見,48
4334,0.1145,-12.0307,0.0000,経路未発見,32
4335,0.1145,-11.8413,0.0000,経路未発見,32
4336,0.1144,-11.7453,0.0000,経路未発見,36
4337,0.1144,-11.7387,0.0000,経路未発見,32
4338,0.1143,-11.7373,0.0000,経路未発見,40
4339,0.1142,-11.7587,0.0000,経路未発見,47
4340,0.1142,-11.7400,0.0000,経路未発見,35
4341,0.1141,-11.7053,0.0000,経路未発見,29
4342,0.1141,-11.7573,0.0000,経路未発見,52
4343,0.1140,-11.8280,0.0000,経路未発見,91
4344,0.1140,-11.7680,0.0000,経路未発見,22
4345,0.1139,-11.7867,0.0000,経路未発見,39
4346,0.1138,-11.7093,0.0000,経路未発見,31
4347,0.1138,-11.6533,0.0000,経路未発見,23
4348,0.1137,-11.5467,0.0000,経路未発見,34
4349,0.1137,-11.4227,0.0000,経路未発見,48
4350,0.1136,-11.4760,0.0000,経路未発見,22
4351,0.1136,-11.4107,0.0000,経路未発見,27
4352,0.1135,-11.4000,0.0000,経路未発見,48
4353,0.1135,-11.3800,0.0000,経路未発見,26
4354,0.1134,-11.3480,0.0000,経路未発見,37
4355,0.1133,-11.4547,0.0000,経路未発見,39
4356,0.1133,-11.5867,0.0000,経路未発見,53
4357,0.1132,-11.5827,0.0000,経路未発見,32
4358,0.1132,-11.4867,0.0000,経路未発見,36
4359,0.1131,-11.5507,0.0000,経路未発見,112
4360,0.1131,-11.5587,0.0000,経路未発見,39
4361,0.1130,-11.6680,0.0000,経路未発見,63
4362,0.1129,-11.6987,0.0000,経路未発見,36
4363,0.1129,-11.5947,0.0000,経路未発見,43
4364,0.1128,-11.5627,0.0000,経路未発見,24
4365,0.1128,-11.6347,0.0000,経路未発見,35
4366,0.1127,-11.6413,0.0000,経路未発見,39
4367,0.1127,-11.6293,0.0000,経路未発見,25
4368,0.1126,-11.7427,0.0000,経路未発見,42
4369,0.1125,-11.7613,0.0000,経路未発見,42
4370,0.1125,-11.7453,0.0000,経路未発見,49
4371,0.1124,-11.7440,0.0000,経路未発見,38
4372,0.1124,-11.6813,0.0000,経路未発見,45
4373,0.1123,-11.6760,0.0000,経路未発見,61
4374,0.1123,-11.7253,0.0000,経路未発見,41
4375,0.1122,-11.7160,0.0000,経路未発見,33
4376,0.1122,-11.7133,0.0000,経路未発見,29
4377,0.1121,-11.8133,0.0000,経路未発見,53
4378,0.1120,-11.9147,0.0000,経路未発見,44
4379,0.1120,-11.9720,0.0000,経路未発見,74
4380,0.1119,-11.9987,0.0000,経路未発見,46
4381,0.1119,-12.0267,0.0000,経路未発見,34
4382,0.1118,-12.0387,0.0000,経路未発見,40
4383,0.1118,-12.0733,0.0000,経路未発見,33
4384,0.1117,-12.3627,0.0000,経路未発見,94
4385,0.1116,-12.3240,0.0000,経路未発見,50
4386,0.1116,-12.2040,0.0000,経路未発見,29
4387,0.1115,-12.2240,0.0000,経路未発見,26
4388,0.1115,-12.2200,0.0000,経路未発見,39
4389,0.1114,-12.1800,0.0000,経路未発見,55
4390,0.1114,-12.5427,0.0000,経路未発見,98
4391,0.1113,-12.5080,0.0000,経路未発見,37
4392,0.1113,-12.5800,0.0000,経路未発見,44
4393,0.1112,-12.6813,0.0000,経路未発見,50
4394,0.1111,-12.7120,0.0000,経路未発見,29
4395,0.1111,-12.6960,0.0000,経路未発見,27
4396,0.1110,-12.7160,0.0000,経路未発見,33
4397,0.1110,-12.7120,0.0000,経路未発見,20
4398,0.1109,-12.5813,0.0000,経路未発見,29
4399,0.1109,-12.5187,0.0000,経路未発見,31
4400,0.1108,-12.5547,0.0000,経路未発見,48
4401,0.1108,-12.5400,0.0000,経路未発見,29
4402,0.1107,-12.6440,0.0000,経路未発見,42
4403,0.1106,-12.4800,0.0000,経路未発見,35
4404,0.1106,-12.4480,0.0000,経路未発見,40
4405,0.1105,-12.5987,0.0000,経路未発見,56
4406,0.1105,-12.8000,0.0000,経路未発見,52
4407,0.1104,-12.7320,0.0000,経路未発見,39
4408,0.1104,-12.7427,0.0000,経路未発見,52
4409,0.1103,-12.7667,0.0000,経路未発見,53
4410,0.1103,-12.6880,0.0000,経路未発見,23
4411,0.1102,-12.6867,0.0000,経路未発見,39
4412,0.1102,-12.7093,0.0000,経路未発見,40
4413,0.1101,-12.7253,0.0000,経路未発見,33
4414,0.1100,-12.4440,0.0000,経路未発見,43
4415,0.1100,-12.3893,0.0000,経路未発見,42
4416,0.1099,-12.4080,0.0000,経路未発見,39
4417,0.1099,-12.4333,0.0000,経路未発見,47
4418,0.1098,-12.4067,0.0000,経路未発見,49
4419,0.1098,-12.4413,0.0000,経路未発見,85
4420,0.1097,-12.1080,0.0000,経路未発見,42
4421,0.1097,-12.2160,0.0000,経路未発見,112
4422,0.1096,-12.1907,0.0000,経路未発見,49
4423,0.1095,-12.0720,0.0000,経路未発見,32
4424,0.1095,-12.1187,0.0000,経路未発見,35
4425,0.1094,-12.2507,0.0000,経路未発見,89
4426,0.1094,-12.2080,0.0000,経路未発見,28
4427,0.1093,-12.1920,0.0000,経路未発見,20
4428,0.1093,-12.2160,0.0000,経路未発見,43
4429,0.1092,-12.3333,0.0000,経路未発見,47
4430,0.1092,-12.3587,0.0000,経路未発見,41
4431,0.1091,-12.3987,0.0000,経路未発見,43
4432,0.1091,-12.3227,0.0000,経路未発見,26
4433,0.1090,-12.3333,0.0000,経路未発見,43
4434,0.1089,-12.3267,0.0000,経路未発見,33
4435,0.1089,-12.2267,0.0000,経路未発見,60
4436,0.1088,-12.0653,0.0000,経路未発見,44
4437,0.1088,-12.0720,0.0000,経路未発見,38
4438,0.1087,-11.9973,0.0000,経路未発見,35
4439,0.1087,-11.9253,0.0000,経路未発見,27
4440,0.1086,-11.8933,0.0000,経路未発見,19
4441,0.1086,-11.9667,0.0000,経路未発見,35
4442,0.1085,-11.9227,0.0000,経路未発見,39
4443,0.1085,-11.9013,0.0000,経路未発見,29
4444,0.1084,-12.0000,0.0000,経路未発見,56
4445,0.1083,-12.0573,0.0000,経路未発見,41
4446,0.1083,-12.0667,0.0000,経路未発見,44
4447,0.1082,-12.0440,0.0000,経路未発見,51
4448,0.1082,-12.0253,0.0000,経路未発見,31
4449,0.1081,-11.9520,0.0000,経路未発見,51
4450,0.1081,-11.9160,0.0000,経路未発見,40
4451,0.1080,-11.8040,0.0000,経路未発見,46
4452,0.1080,-11.7347,0.0000,経路未発見,40
4453,0.1079,-11.8867,0.0000,経路未発見,69
4454,0.1079,-11.9013,0.0000,経路未発見,37
4455,0.1078,-11.8133,0.0000,経路未発見,46
4456,0.1078,-11.8893,0.0000,経路未発見,52
4457,0.1077,-12.0400,0.0000,経路未発見,42
4458,0.1076,-12.0160,0.0000,経路未発見,30
4459,0.1076,-11.8947,0.0000,経路未発見,27
4460,0.1075,-11.8507,0.0000,経路未発見,72
4461,0.1075,-11.7893,0.0000,経路未発見,28
4462,0.1074,-11.8733,0.0000,経路未発見,45
4463,0.1074,-11.8600,0.0000,経路未発見,33
4464,0.1073,-11.9107,0.0000,経路未発見,29
4465,0.1073,-11.9573,0.0000,経路未発見,78
4466,0.1072,-11.9693,0.0000,経路未発見,43
4467,0.1072,-11.9320,0.0000,経路未発見,33
4468,0.1071,-12.0040,0.0000,経路未発見,93
4469,0.1071,-12.0253,0.0000,経路未発見,39
4470,0.1070,-12.1173,0.0000,経路未発見,51
4471,0.1069,-12.1800,0.0000,経路未発見,56
4472,0.1069,-12.1813,0.0000,経路未発見,28
4473,0.1068,-12.1893,0.0000,経路未発見,31
4474,0.1068,-12.1240,0.0000,経路未発見,32
4475,0.1067,-12.0960,0.0000,経路未発見,45
4476,0.1067,-12.0520,0.0000,経路未発見,32
4477,0.1066,-11.9907,0.0000,経路未発見,17
4478,0.1066,-12.0267,0.0000,経路未発見,45
4479,0.1065,-12.0680,0.0000,経路未発見,27
4480,0.1065,-12.1240,0.0000,経路未発見,47
4481,0.1064,-12.0600,0.0000,経路未発見,44
4482,0.1064,-12.1360,0.0000,経路未発見,61
4483,0.1063,-11.3493,0.0333,経路未発見,59
4484,0.1063,-11.3480,0.0333,経路未発見,45
4485,0.1062,-11.2613,0.0333,経路未発見,22
4486,0.1062,-11.2987,0.0333,経路未発見,53
4487,0.1061,-11.2693,0.0333,経路未発見,54
4488,0.1060,-11.3360,0.0333,経路未発見,29
4489,0.1060,-11.3693,0.0333,経路未発見,34
4490,0.1059,-11.3307,0.0333,経路未発見,37
4491,0.1059,-11.4200,0.0333,経路未発見,47
4492,0.1058,-11.3040,0.0333,経路未発見,44
4493,0.1058,-11.3000,0.0333,経路未発見,25
4494,0.1057,-11.2613,0.0333,経路未発見,44
4495,0.1057,-11.2467,0.0333,経路未発見,41
4496,0.1056,-11.3307,0.0333,経路未発見,50
4497,0.1056,-11.3387,0.0333,経路未発見,35
4498,0.1055,-11.2373,0.0333,経路未発見,25
4499,0.1055,-11.1880,0.0333,経路未発見,42
4500,0.1054,-11.2000,0.0333,経路未発見,35
4501,0.1054,-11.2227,0.0333,経路未発見,52
4502,0.1053,-11.3107,0.0333,経路未発見,50
4503,0.1053,-11.3013,0.0333,経路未発見,30
4504,0.1052,-11.2880,0.0333,経路未発見,22
4505,0.1051,-11.2840,0.0333,経路未発見,40
4506,0.1051,-11.3053,0.0333,経路未発見,76
4507,0.1050,-11.4800,0.0333,経路未発見,49
4508,0.1050,-11.4907,0.0333,経路未発見,53
4509,0.1049,-11.4200,0.0333,経路未発見,41
4510,0.1049,-11.3173,0.0333,経路未発見,22
4511,0.1048,-11.3640,0.0333,経路未発見,74
4512,0.1048,-11.3413,0.0333,経路未発見,42
4513,0.1047,-11.9720,0.0000,経路未発見,35
4514,0.1047,-11.9307,0.0000,経路未発見,39
4515,0.1046,-12.0027,0.0000,経路未発見,49
4516,0.1046,-12.1067,0.0000,経路未発見,52
4517,0.1045,-12.0533,0.0000,経路未発見,38
4518,0.1045,-11.9947,0.0000,経路未発見,35
4519,0.1044,-12.0253,0.0000,経路未発見,21
4520,0.1044,-12.0160,0.0000,経路未発見,21
4521,0.1043,-12.0107,0.0000,経路未発見,43
4522,0.1043,-12.0413,0.0000,経路未発見,42
4523,0.1042,-12.0747,0.0000,経路未発見,36
4524,0.1042,-12.1747,0.0000,経路未発見,44
4525,0.1041,-12.1307,0.0000,経路未発見,34
4526,0.1040,-12.0360,0.0000,経路未発見,58
4527,0.1040,-12.0400,0.0000,経路未発見,32
4528,0.1039,-12.0627,0.0000,経路未発見,47
4529,0.1039,-12.0760,0.0000,経路未発見,37
4530,0.1038,-12.0453,0.0000,経路未発見,33
4531,0.1038,-12.0013,0.0000,経路未発見,59
4532,0.1037,-12.0120,0.0000,経路未発見,35
4533,0.1037,-12.1120,0.0000,経路未発見,52
4534,0.1036,-12.1960,0.0000,経路未発見,87
4535,0.1036,-12.2027,0.0000,経路未発見,74
4536,0.1035,-12.2240,0.0000,経路未発見,45
4537,0.1035,-12.1267,0.0000,経路未発見,36
4538,0.1034,-12.1160,0.0000,経路未発見,64
4539,0.1034,-12.2120,0.0000,経路未発見,29
4540,0.1033,-12.2093,0.0000,経路未発見,24
4541,0.1033,-12.1453,0.0000,経路未発見,37
4542,0.1032,-12.2067,0.0000,経路未発見,68
4543,0.1032,-12.2027,0.0000,経路未発見,30
4544,0.1031,-12.2120,0.0000,経路未発見,33
4545,0.1031,-12.2707,0.0000,経路未発見,32
4546,0.1030,-12.1080,0.0000,経路未発見,40
4547,0.1030,-12.1560,0.0000,経路未発見,51
4548,0.1029,-12.1893,0.0000,経路未発見,39
4549,0.1029,-12.1387,0.0000,経路未発見,29
4550,0.1028,-12.2787,0.0000,経路未発見,77
4551,0.1028,-12.2400,0.0000,経路未発見,31
4552,0.1027,-12.1933,0.0000,経路未発見,32
4553,0.1027,-12.2893,0.0000,経路未発見,85
4554,0.1026,-12.2133,0.0000,経路未発見,39
4555,0.1026,-12.1613,0.0000,経路未発見,31
4556,0.1025,-12.1413,0.0000,経路未発見,53
4557,0.1024,-12.1547,0.0000,経路未発見,35
4558,0.1024,-12.2947,0.0000,経路未発見,47
4559,0.1023,-12.3440,0.0000,経路未発見,60
4560,0.1023,-12.3667,0.0000,経路未発見,32
4561,0.1022,-12.2480,0.0000,経路未発見,34
4562,0.1022,-12.1773,0.0000,経路未発見,38
4563,0.1021,-12.0627,0.0000,経路未発見,32
4564,0.1021,-11.9387,0.0000,経路未発見,30
4565,0.1020,-11.9040,0.0000,経路未発見,36
4566,0.1020,-11.9120,0.0000,経路未発見,51
4567,0.1019,-11.9107,0.0000,経路未発見,52
4568,0.1019,-11.9360,0.0000,経路未発見,66
4569,0.1018,-11.8693,0.0000,経路未発見,43
4570,0.1018,-11.8893,0.0000,経路未発見,33
4571,0.1017,-11.8520,0.0000,経路未発見,25
4572,0.1017,-11.7213,0.0000,経路未発見,28
4573,0.1016,-11.7600,0.0000,経路未発見,38
4574,0.1016,-11.7507,0.0000,経路未発見,39
4575,0.1015,-11.6627,0.0000,経路未発見,42
4576,0.1015,-11.6160,0.0000,経路未発見,26
4577,0.1014,-11.6920,0.0000,経路未発見,48
4578,0.1014,-11.7520,0.0000,経路未発見,39
4579,0.1013,-11.9227,0.0000,経路未発見,45
4580,0.1013,-11.7600,0.0000,経路未発見,25
4581,0.1012,-11.7707,0.0000,経路未発見,28
4582,0.1012,-11.8360,0.0000,経路未発見,45
4583,0.1011,-11.7173,0.0000,経路未発見,32
4584,0.1011,-11.7093,0.0000,経路未発見,37
4585,0.1010,-11.7200,0.0000,経路未発見,35
4586,0.1010,-11.6840,0.0000,経路未発見,28
4587,0.1009,-11.6973,0.0000,経路未発見,52
4588,0.1009,-11.5293,0.0000,経路未発見,32
4589,0.1008,-11.4493,0.0000,経路未発見,31
4590,0.1008,-11.4933,0.0000,経路未発見,44
4591,0.1007,-11.4973,0.0000,経路未発見,35
4592,0.1007,-11.4560,0.0000,経路未発見,32
4593,0.1006,-11.4813,0.0000,経路未発見,49
4594,0.1006,-11.5120,0.0000,経路未発見,25
4595,0.1005,-11.5200,0.0000,経路未発見,46
4596,0.1005,-11.4867,0.0000,経路未発見,43
4597,0.1004,-11.5640,0.0000,経路未発見,53
4598,0.1004,-11.5547,0.0000,経路未発見,34
4599,0.1003,-11.5453,0.0000,経路未発見,38
4600,0.1003,-11.5467,0.0000,経路未発見,36
4601,0.1002,-11.5680,0.0000,経路未発見,37
4602,0.1002,-11.5933,0.0000,経路未発見,37
4603,0.1001,-11.6107,0.0000,経路未発見,26
4604,0.1001,-11.6360,0.0000,経路未発見,37
4605,0.1000,-11.6760,0.0000,経路未発見,30
4606,0.1000,-11.7920,0.0000,経路未発見,39
4607,0.0999,-11.6680,0.0000,経路未発見,27
4608,0.0999,-11.6787,0.0000,経路未発見,44
4609,0.0998,-11.5373,0.0000,経路未発見,35
4610,0.0998,-11.6027,0.0000,経路未発見,41
4611,0.0997,-11.5667,0.0000,経路未発見,33
4612,0.0997,-11.6093,0.0000,経路未発見,53
4613,0.0996,-11.6107,0.0000,経路未発見,43
4614,0.0996,-11.6013,0.0000,経路未発見,43
4615,0.0995,-11.6360,0.0000,経路未発見,46
4616,0.0995,-11.7453,0.0000,経路未発見,36
4617,0.0994,-11.7000,0.0000,経路未発見,22
4618,0.0994,-11.7347,0.0000,経路未発見,39
4619,0.0993,-11.8867,0.0000,経路未発見,37
4620,0.0993,-11.7760,0.0000,経路未発見,29
4621,0.0992,-11.8040,0.0000,経路未発見,39
4622,0.0992,-11.8627,0.0000,経路未発見,38
4623,0.0991,-11.9973,0.0000,経路未発見,53
4624,0.0991,-11.9573,0.0000,経路未発見,25
4625,0.0990,-11.9587,0.0000,経路未発見,37
4626,0.0990,-11.9653,0.0000,経路未発見,50
4627,0.0989,-11.8693,0.0000,経路未発見,42
4628,0.0989,-11.9187,0.0000,経路未発見,46
4629,0.0988,-11.9080,0.0000,経路未発見,34
4630,0.0988,-11.9427,0.0000,経路未発見,39
4631,0.0987,-11.9893,0.0000,経路未発見,32
4632,0.0987,-12.0333,0.0000,経路未発見,61
4633,0.0986,-11.9800,0.0000,経路未発見,25
4634,0.0986,-12.0693,0.0000,経路未発見,48
4635,0.0985,-12.1333,0.0000,経路未発見,58
4636,0.0985,-12.0267,0.0000,経路未発見,35
4637,0.0984,-12.0707,0.0000,経路未発見,65
4638,0.0984,-11.9853,0.0000,経路未発見,41
4639,0.0983,-11.9640,0.0000,経路未発見,42
4640,0.0983,-11.9307,0.0000,経路未発見,30
4641,0.0982,-11.9867,0.0000,経路未発見,37
4642,0.0982,-11.9253,0.0000,経路未発見,42
4643,0.0981,-11.9707,0.0000,経路未発見,65
4644,0.0981,-11.9853,0.0000,経路未発見,30
4645,0.0980,-12.4013,0.0000,経路未発見,93
4646,0.0980,-12.3440,0.0000,経路未発見,27
4647,0.0979,-12.5880,0.0000,経路未発見,81
4648,0.0979,-12.5867,0.0000,経路未発見,36
4649,0.0978,-12.7213,0.0000,経路未発見,117
4650,0.0978,-12.8293,0.0000,経路未発見,43
4651,0.0977,-12.8053,0.0000,経路未発見,25
4652,0.0977,-12.7573,0.0000,経路未発見,36
4653,0.0976,-12.6027,0.0000,経路未発見,36
4654,0.0976,-12.6987,0.0000,経路未発見,39
4655,0.0975,-12.7480,0.0000,経路未発見,49
4656,0.0975,-12.7067,0.0000,経路未発見,25
4657,0.0975,-12.9787,0.0000,経路未発見,75
4658,0.0974,-12.8973,0.0000,経路未発見,33
4659,0.0974,-12.9587,0.0000,経路未発見,41
4660,0.0973,-13.1000,0.0000,経路未発見,64
4661,0.0973,-13.0533,0.0000,経路未発見,26
4662,0.0972,-13.0067,0.0000,経路未発見,28
4663,0.0972,-13.0747,0.0000,経路未発見,39
4664,0.0971,-13.0547,0.0000,経路未発見,32
4665,0.0971,-12.9493,0.0000,経路未発見,39
4666,0.0970,-13.0067,0.0000,経路未発見,53
4667,0.0970,-12.9960,0.0000,経路未発見,49
4668,0.0969,-12.9600,0.0000,経路未発見,20
4669,0.0969,-13.0160,0.0000,経路未発見,69
4670,0.0968,-12.9987,0.0000,経路未発見,26
4671,0.0968,-12.9507,0.0000,経路未発見,35
4672,0.0967,-12.9267,0.0000,経路未発見,32
4673,0.0967,-12.9987,0.0000,経路未発見,46
4674,0.0966,-13.2800,0.0000,経路未発見,71
4675,0.0966,-12.8973,0.0000,経路未発見,69
4676,0.0965,-12.9827,0.0000,経路未発見,48
4677,0.0965,-12.8907,0.0000,経路未発見,55
4678,0.0964,-12.8987,0.0000,経路未発見,42
4679,0.0964,-12.6707,0.0000,経路未発見,48
4680,0.0963,-12.5747,0.0000,経路未発見,32
4681,0.0963,-12.6600,0.0000,経路未発見,42
4682,0.0962,-12.7173,0.0000,経路未発見,43
4683,0.0962,-12.7507,0.0000,経路未発見,40
4684,0.0961,-12.6400,0.0000,経路未発見,24
4685,0.0961,-12.6373,0.0000,経路未発見,36
4686,0.0960,-12.6853,0.0000,経路未発見,34
4687,0.0960,-12.5733,0.0000,経路未発見,43
4688,0.0960,-12.6560,0.0000,経路未発見,52
4689,0.0959,-12.6613,0.0000,経路未発見,42
4690,0.0959,-12.4760,0.0000,経路未発見,31
4691,0.0958,-12.4693,0.0000,経路未発見,30
4692,0.0958,-12.5160,0.0000,経路未発見,61
4693,0.0957,-12.4827,0.0000,経路未発見,50
4694,0.0957,-12.4333,0.0000,経路未発見,42
4695,0.0956,-12.4187,0.0000,経路未発見,30
4696,0.0956,-12.3867,0.0000,経路未発見,33
4697,0.0955,-12.3187,0.0000,経路未発見,27
4698,0.0955,-12.3933,0.0000,経路未発見,30
4699,0.0954,-12.3307,0.0000,経路未発見,35
4700,0.0954,-12.3440,0.0000,経路未発見,36
4701,0.0953,-12.3400,0.0000,経路未発見,19
4702,0.0953,-12.5067,0.0000,経路未発見,51
4703,0.0952,-12.4293,0.0000,経路未発見,42
4704,0.0952,-12.1373,0.0000,経路未発見,44
4705,0.0951,-12.1133,0.0000,経路未発見,51
4706,0.0951,-12.1093,0.0000,経路未発見,62
4707,0.0950,-12.0067,0.0000,経路未発見,27
4708,0.0950,-12.0507,0.0000,経路未発見,42
4709,0.0949,-12.0320,0.0000,経路未発見,34
4710,0.0949,-12.0147,0.0000,経路未発見,25
4711,0.0949,-11.9707,0.0000,経路未発見,46
4712,0.0948,-11.9560,0.0000,経路未発見,37
4713,0.0948,-11.9027,0.0000,経路未発見,23
4714,0.0947,-12.0320,0.0000,経路未発見,49
4715,0.0947,-11.9787,0.0000,経路未発見,42
4716,0.0946,-12.0733,0.0000,経路未発見,45
4717,0.0946,-11.9587,0.0000,経路未発見,50
4718,0.0945,-11.8707,0.0000,経路未発見,44
4719,0.0945,-11.8413,0.0000,経路未発見,39
4720,0.0944,-11.8733,0.0000,経路未発見,43
4721,0.0944,-11.9067,0.0000,経路未発見,34
4722,0.0943,-11.8093,0.0000,経路未発見,21
4723,0.0943,-11.7973,0.0000,経路未発見,39
4724,0.0942,-11.8227,0.0000,経路未発見,40
4725,0.0942,-11.7920,0.0000,経路未発見,21
4726,0.0941,-11.7947,0.0000,経路未発見,35
4727,0.0941,-11.8347,0.0000,経路未発見,61
4728,0.0941,-11.8160,0.0000,経路未発見,54
4729,0.0940,-11.8507,0.0000,経路未発見,46
4730,0.0940,-11.9467,0.0000,経路未発見,74
4731,0.0939,-11.9747,0.0000,経路未発見,30
4732,0.0939,-11.9547,0.0000,経路未発見,57
4733,0.0938,-12.0600,0.0000,経路未発見,46
4734,0.0938,-12.0760,0.0000,経路未発見,33
4735,0.0937,-12.0587,0.0000,経路未発見,40
4736,0.0937,-11.9787,0.0000,経路未発見,52
4737,0.0936,-12.0013,0.0000,経路未発見,34
4738,0.0936,-11.9240,0.0000,経路未発見,38
4739,0.0935,-11.9880,0.0000,経路未発見,39
4740,0.0935,-12.0573,0.0000,経路未発見,54
4741,0.0934,-12.0933,0.0000,経路未発見,45
4742,0.0934,-12.1347,0.0000,経路未発見,47
4743,0.0933,-12.1680,0.0000,経路未発見,27
4744,0.0933,-12.1653,0.0000,経路未発見,47
4745,0.0933,-12.1987,0.0000,経路未発見,42
4746,0.0932,-12.0560,0.0000,経路未発見,25
4747,0.0932,-12.1120,0.0000,経路未発見,38
4748,0.0931,-12.2640,0.0000,経路未発見,62
4749,0.0931,-12.2920,0.0000,経路未発見,39
4750,0.0930,-12.2600,0.0000,経路未発見,27
4751,0.0930,-12.3413,0.0000,経路未発見,55
4752,0.0929,-12.3520,0.0000,経路未発見,25
4753,0.0929,-12.4307,0.0000,経路未発見,51
4754,0.0928,-12.4573,0.0000,経路未発見,91
4755,0.0928,-12.5587,0.0000,経路未発見,28
4756,0.0927,-12.5693,0.0000,経路未発見,47
4757,0.0927,-12.5387,0.0000,経路未発見,36
4758,0.0927,-12.5507,0.0000,経路未発見,42
4759,0.0926,-12.5440,0.0000,経路未発見,58
4760,0.0926,-12.4013,0.0000,経路未発見,27
4761,0.0925,-12.3667,0.0000,経路未発見,31
4762,0.0925,-12.2827,0.0000,経路未発見,35
4763,0.0924,-12.1307,0.0000,経路未発見,36
4764,0.0924,-12.1013,0.0000,経路未発見,27
4765,0.0923,-12.0387,0.0000,経路未発見,22
4766,0.0923,-12.0453,0.0000,経路未発見,29
4767,0.0922,-11.9533,0.0000,経路未発見,21
4768,0.0922,-12.0133,0.0000,経路未発見,39
4769,0.0921,-11.9640,0.0000,経路未発見,46
4770,0.0921,-11.9013,0.0000,経路未発見,28
4771,0.0921,-11.8480,0.0000,経路未発見,50
4772,0.0920,-11.7493,0.0000,経路未発見,35
4773,0.0920,-11.7720,0.0000,経路未発見,27
4774,0.0919,-11.6773,0.0000,経路未発見,25
4775,0.0919,-11.7213,0.0000,経路未発見,46
4776,0.0918,-11.7387,0.0000,経路未発見,25
4777,0.0918,-11.6587,0.0000,経路未発見,28
4778,0.0917,-11.5307,0.0000,経路未発見,35
4779,0.0917,-11.5293,0.0000,経路未発見,40
4780,0.0916,-11.5360,0.0000,経路未発見,30
4781,0.0916,-11.4787,0.0000,経路未発見,48
4782,0.0915,-11.5853,0.0000,経路未発見,70
4783,0.0915,-11.5267,0.0000,経路未発見,41
4784,0.0915,-11.4947,0.0000,経路未発見,33
4785,0.0914,-11.4160,0.0000,経路未発見,32
4786,0.0914,-11.3520,0.0000,経路未発見,26
4787,0.0913,-11.4080,0.0000,経路未発見,39
4788,0.0913,-11.4000,0.0000,経路未発見,40
4789,0.0912,-11.4600,0.0000,経路未発見,63
4790,0.0912,-11.5480,0.0000,経路未発見,42
4791,0.0911,-11.5880,0.0000,経路未発見,38
4792,0.0911,-11.5053,0.0000,経路未発見,30
4793,0.0910,-11.5867,0.0000,経路未発見,68
4794,0.0910,-11.5960,0.0000,経路未発見,43
4795,0.0910,-11.6627,0.0000,経路未発見,33
4796,0.0909,-11.6373,0.0000,経路未発見,38
4797,0.0909,-11.6773,0.0000,経路未発見,39
4798,0.0908,-11.6787,0.0000,経路未発見,38
4799,0.0908,-11.6773,0.0000,経路未発見,67
4800,0.0907,-11.8040,0.0000,経路未発見,94
4801,0.0907,-11.9773,0.0000,経路未発見,50
4802,0.0906,-11.9893,0.0000,経路未発見,34
4803,0.0906,-11.9347,0.0000,経路未発見,26
4804,0.0905,-12.0373,0.0000,経路未発見,65
4805,0.0905,-12.0440,0.0000,経路未発見,61
4806,0.0905,-12.0253,0.0000,経路未発見,26
4807,0.0904,-12.0040,0.0000,経路未発見,38
4808,0.0904,-11.9933,0.0000,経路未発見,47
4809,0.0903,-11.9813,0.0000,経路未発見,56
4810,0.0903,-11.9880,0.0000,経路未発見,26
4811,0.0902,-11.9667,0.0000,経路未発見,29
4812,0.0902,-11.8587,0.0000,経路未発見,30
4813,0.0901,-11.8213,0.0000,経路未発見,36
4814,0.0901,-11.8627,0.0000,経路未発見,42
4815,0.0900,-11.8773,0.0000,経路未発見,33
4816,0.0900,-12.0920,0.0000,経路未発見,74
4817,0.0900,-12.0560,0.0000,経路未発見,45
4818,0.0899,-12.1560,0.0000,経路未発見,64
4819,0.0899,-12.1093,0.0000,経路未発見,27
4820,0.0898,-12.1240,0.0000,経路未発見,29
4821,0.0898,-12.0600,0.0000,経路未発見,25
4822,0.0897,-12.2080,0.0000,経路未発見,28
4823,0.0897,-12.2093,0.0000,経路未発見,56
4824,0.0896,-12.2133,0.0000,経路未発見,33
4825,0.0896,-12.1667,0.0000,経路未発見,31
4826,0.0896,-12.1800,0.0000,経路未発見,37
4827,0.0895,-12.2600,0.0000,経路未発見,84
4828,0.0895,-12.2253,0.0000,経路未発見,35
4829,0.0894,-12.1973,0.0000,経路未発見,44
4830,0.0894,-12.1253,0.0000,経路未発見,29
4831,0.0893,-12.1600,0.0000,経路未発見,69
4832,0.0893,-12.1440,0.0000,経路未発見,30
4833,0.0892,-12.2067,0.0000,経路未発見,29
4834,0.0892,-12.1493,0.0000,経路未発見,36
4835,0.0892,-12.1360,0.0000,経路未発見,51
4836,0.0891,-12.1773,0.0000,経路未発見,47
4837,0.0891,-12.2200,0.0000,経路未発見,40
4838,0.0890,-12.2613,0.0000,経路未発見,41
4839,0.0890,-12.3547,0.0000,経路未発見,118
4840,0.0889,-12.3653,0.0000,経路未発見,30
4841,0.0889,-12.3320,0.0000,経路未発見,36
4842,0.0888,-12.4267,0.0000,経路未発見,68
4843,0.0888,-12.4373,0.0000,経路未発見,40
4844,0.0888,-12.3867,0.0000,経路未発見,50
4845,0.0887,-12.4267,0.0000,経路未発見,40
4846,0.0887,-12.2440,0.0000,経路未発見,31
4847,0.0886,-12.2813,0.0000,経路未発見,39
4848,0.0886,-12.2413,0.0000,経路未発見,48
4849,0.0885,-12.2573,0.0000,経路未発見,41
4850,0.0885,-12.2640,0.0000,経路未発見,42
4851,0.0884,-12.3773,0.0000,経路未発見,34
4852,0.0884,-12.3587,0.0000,経路未発見,48
4853,0.0884,-12.3093,0.0000,経路未発見,39
4854,0.0883,-12.4373,0.0000,経路未発見,44
4855,0.0883,-12.6320,0.0000,経路未発見,58
4856,0.0882,-12.6507,0.0000,経路未発見,39
4857,0.0882,-12.6893,0.0000,経路未発見,50
4858,0.0881,-12.7480,0.0000,経路未発見,44
4859,0.0881,-12.8493,0.0000,経路未発見,43
4860,0.0880,-12.9320,0.0000,経路未発見,44
4861,0.0880,-12.7053,0.0000,経路未発見,40
4862,0.0880,-12.8253,0.0000,経路未発見,39
4863,0.0879,-12.7613,0.0000,経路未発見,23
4864,0.0879,-12.6853,0.0000,経路未発見,23
4865,0.0878,-12.6773,0.0000,経路未発見,30
4866,0.0878,-12.7053,0.0000,経路未発見,47
4867,0.0877,-12.7053,0.0000,経路未発見,39
4868,0.0877,-12.8187,0.0000,経路未発見,40
4869,0.0876,-12.7307,0.0000,経路未発見,36
4870,0.0876,-12.7387,0.0000,経路未発見,36
4871,0.0876,-12.7320,0.0000,経路未発見,37
4872,0.0875,-12.7573,0.0000,経路未発見,46
4873,0.0875,-12.8600,0.0000,経路未発見,42
4874,0.0874,-12.8760,0.0000,経路未発見,78
4875,0.0874,-12.9493,0.0000,経路未発見,55
4876,0.0873,-12.9347,0.0000,経路未発見,33
4877,0.0873,-12.8947,0.0000,経路未発見,39
4878,0.0873,-12.8280,0.0000,経路未発見,37
4879,0.0872,-12.7387,0.0000,経路未発見,23
4880,0.0872,-12.6467,0.0000,経路未発見,26
4881,0.0871,-12.5653,0.0000,経路未発見,33
4882,0.0871,-12.4293,0.0000,経路未発見,31
4883,0.0870,-12.5213,0.0000,経路未発見,65
4884,0.0870,-12.4893,0.0000,経路未発見,78
4885,0.0869,-12.3480,0.0000,経路未発見,44
4886,0.0869,-12.2773,0.0000,経路未発見,19
4887,0.0869,-12.1227,0.0000,経路未発見,22
4888,0.0868,-12.0200,0.0000,経路未発見,31
4889,0.0868,-11.9187,0.0000,経路未発見,32
4890,0.0867,-11.8720,0.0000,経路未発見,54
4891,0.0867,-11.9573,0.0000,経路未発見,46
4892,0.0866,-11.8933,0.0000,経路未発見,34
4893,0.0866,-12.1467,0.0000,経路未発見,65
4894,0.0866,-12.1840,0.0000,経路未発見,28
4895,0.0865,-12.2120,0.0000,経路未発見,99
4896,0.0865,-12.2587,0.0000,経路未発見,45
4897,0.0864,-12.2293,0.0000,経路未発見,33
4898,0.0864,-12.1080,0.0000,経路未発見,39
4899,0.0863,-12.0613,0.0000,経路未発見,23
4900,0.0863,-12.0907,0.0000,経路未発見,46
4901,0.0863,-12.0720,0.0000,経路未発見,23
4902,0.0862,-12.0347,0.0000,経路未発見,45
4903,0.0862,-12.0480,0.0000,経路未発見,41
4904,0.0861,-11.9373,0.0000,経路未発見,24
4905,0.0861,-11.9493,0.0000,経路未発見,50
4906,0.0860,-11.9867,0.0000,経路未発見,49
4907,0.0860,-12.0067,0.0000,経路未発見,60
4908,0.0860,-12.0933,0.0000,経路未発見,58
4909,0.0859,-12.1533,0.0000,経路未発見,35
4910,0.0859,-12.1853,0.0000,経路未発見,31
4911,0.0858,-12.2013,0.0000,経路未発見,34
4912,0.0858,-12.2427,0.0000,経路未発見,37
4913,0.0857,-12.1200,0.0000,経路未発見,19
4914,0.0857,-12.1533,0.0000,経路未発見,40
4915,0.0857,-12.1653,0.0000,経路未発見,36
4916,0.0856,-12.2080,0.0000,経路未発見,36
4917,0.0856,-12.2333,0.0000,経路未発見,31
4918,0.0855,-12.2787,0.0000,経路未発見,34
4919,0.0855,-12.4493,0.0000,経路未発見,49
4920,0.0854,-12.4893,0.0000,経路未発見,45
4921,0.0854,-12.4333,0.0000,経路未発見,58
4922,0.0854,-12.5693,0.0000,経路未発見,51
4923,0.0853,-12.4240,0.0000,経路未発見,52
4924,0.0853,-12.4453,0.0000,経路未発見,39
4925,0.0852,-12.3173,0.0000,経路未発見,22
4926,0.0852,-12.3147,0.0000,経路未発見,113
4927,0.0851,-12.3147,0.0000,経路未発見,18
4928,0.0851,-12.2427,0.0000,経路未発見,31
4929,0.0851,-12.2293,0.0000,経路未発見,32
4930,0.0850,-12.1600,0.0000,経路未発見,21
4931,0.0850,-12.1973,0.0000,経路未発見,28
4932,0.0849,-12.2253,0.0000,経路未発見,72
4933,0.0849,-12.1280,0.0000,経路未発見,35
4934,0.0848,-12.2120,0.0000,経路未発見,31
4935,0.0848,-12.1293,0.0000,経路未発見,38
4936,0.0848,-12.2053,0.0000,経路未発見,50
4937,0.0847,-12.1360,0.0000,経路未発見,24
4938,0.0847,-12.0480,0.0000,経路未発見,49
4939,0.0846,-12.0627,0.0000,経路未発見,33
4940,0.0846,-12.1800,0.0000,経路未発見,46
4941,0.0845,-12.1640,0.0000,経路未発見,33
4942,0.0845,-12.1800,0.0000,経路未発見,49
4943,0.0845,-12.2120,0.0000,経路未発見,35
4944,0.0844,-12.1747,0.0000,経路未発見,54
4945,0.0844,-12.1720,0.0000,経路未発見,49
4946,0.0843,-12.2160,0.0000,経路未発見,36
4947,0.0843,-12.4027,0.0000,経路未発見,183
4948,0.0843,-12.4373,0.0000,経路未発見,44
4949,0.0842,-12.2880,0.0000,経路未発見,37
4950,0.0842,-12.1760,0.0000,経路未発見,38
4951,0.0841,-12.1933,0.0000,経路未発見,50
4952,0.0841,-12.0200,0.0000,経路未発見,40
4953,0.0840,-11.9787,0.0000,経路未発見,65
4954,0.0840,-11.9960,0.0000,経路未発見,36
4955,0.0840,-12.0387,0.0000,経路未発見,27
4956,0.0839,-12.0693,0.0000,経路未発見,50
4957,0.0839,-12.0813,0.0000,経路未発見,39
4958,0.0838,-12.1973,0.0000,経路未発見,58
4959,0.0838,-12.2813,0.0000,経路未発見,93
4960,0.0837,-12.4547,0.0000,経路未発見,51
4961,0.0837,-12.4520,0.0000,経路未発見,45
4962,0.0837,-12.3813,0.0000,経路未発見,40
4963,0.0836,-12.4067,0.0000,経路未発見,44
4964,0.0836,-12.4947,0.0000,経路未発見,43
4965,0.0835,-12.4507,0.0000,経路未発見,34
4966,0.0835,-12.4200,0.0000,経路未発見,72
4967,0.0835,-12.5680,0.0000,経路未発見,83
4968,0.0834,-12.5453,0.0000,経路未発見,38
4969,0.0834,-12.5920,0.0000,経路未発見,42
4970,0.0833,-12.4733,0.0000,経路未発見,33
4971,0.0833,-12.5000,0.0000,経路未発見,38
4972,0.0832,-12.5280,0.0000,経路未発見,49
4973,0.0832,-12.4880,0.0000,経路未発見,36
4974,0.0832,-12.3787,0.0000,経路未発見,37
4975,0.0831,-12.4200,0.0000,経路未発見,43
4976,0.0831,-12.3720,0.0000,経路未発見,27
4977,0.0830,-12.3413,0.0000,経路未発見,46
4978,0.0830,-12.2747,0.0000,経路未発見,33
4979,0.0830,-12.2333,0.0000,経路未発見,52
4980,0.0829,-12.2533,0.0000,経路未発見,47
4981,0.0829,-12.2507,0.0000,経路未発見,52
4982,0.0828,-12.2720,0.0000,経路未発見,45
4983,0.0828,-12.2307,0.0000,経路未発見,25
4984,0.0827,-12.3973,0.0000,経路未発見,79
4985,0.0827,-12.4067,0.0000,経路未発見,47
4986,0.0827,-12.3267,0.0000,経路未発見,43
4987,0.0826,-12.4160,0.0000,経路未発見,47
4988,0.0826,-12.4213,0.0000,経路未発見,36
4989,0.0825,-12.3853,0.0000,経路未発見,45
4990,0.0825,-12.2120,0.0000,経路未発見,25
4991,0.0825,-12.2373,0.0000,経路未発見,24
4992,0.0824,-12.2453,0.0000,経路未発見,35
4993,0.0824,-12.1973,0.0000,経路未発見,35
4994,0.0823,-12.0640,0.0000,経路未発見,35
4995,0.0823,-12.1280,0.0000,経路未発見,44
4996,0.0823,-12.0307,0.0000,経路未発見,24
4997,0.0822,-11.9093,0.0000,経路未発見,36
4998,0.0822,-11.9840,0.0000,経路未発見,36
4999,0.0821,-11.9480,0.0000,経路未発見,33
5000,0.0821,-12.0587,0.0000,経路未発見,86
5001,0.0820,-12.0760,0.0000,経路未発見,34
5002,0.0820,-12.0280,0.0000,経路未発見,32
5003,0.0820,-12.0693,0.0000,経路未発見,27
5004,0.0819,-12.2760,0.0000,経路未発見,83
5005,0.0819,-12.2600,0.0000,経路未発見,39
5006,0.0818,-12.3133,0.0000,経路未発見,76
5007,0.0818,-12.2627,0.0000,経路未発見,39
5008,0.0818,-12.3027,0.0000,経路未発見,40
5009,0.0817,-12.3987,0.0000,経路未発見,41
5010,0.0817,-12.4560,0.0000,経路未発見,35
5011,0.0816,-12.5773,0.0000,経路未発見,46
5012,0.0816,-12.5680,0.0000,経路未発見,32
5013,0.0816,-12.6040,0.0000,経路未発見,61
5014,0.0815,-12.3760,0.0000,経路未発見,28
5015,0.0815,-12.4253,0.0000,経路未発見,67
5016,0.0814,-12.4147,0.0000,経路未発見,39
5017,0.0814,-12.3120,0.0000,経路未発見,34
5018,0.0814,-12.1693,0.0000,経路未発見,19
5019,0.0813,-12.1027,0.0000,経路未発見,26
5020,0.0813,-12.1133,0.0000,経路未発見,29
5021,0.0812,-12.1480,0.0000,経路未発見,34
5022,0.0812,-12.1227,0.0000,経路未発見,29
5023,0.0812,-12.1640,0.0000,経路未発見,27
5024,0.0811,-12.2053,0.0000,経路未発見,49
5025,0.0811,-12.2547,0.0000,経路未発見,44
5026,0.0810,-12.3120,0.0000,経路未発見,38
5027,0.0810,-12.3533,0.0000,経路未発見,38
5028,0.0809,-12.2707,0.0000,経路未発見,36
5029,0.0809,-12.2987,0.0000,経路未発見,83
5030,0.0809,-12.3000,0.0000,経路未発見,66
5031,0.0808,-12.3373,0.0000,経路未発見,54
5032,0.0808,-12.4160,0.0000,経路未発見,75
5033,0.0807,-12.3707,0.0000,経路未発見,27
5034,0.0807,-12.1853,0.0000,経路未発見,49
5035,0.0807,-12.1067,0.0000,経路未発見,36
5036,0.0806,-12.1200,0.0000,経路未発見,35
5037,0.0806,-12.0333,0.0000,経路未発見,37
5038,0.0805,-11.9947,0.0000,経路未発見,36
5039,0.0805,-11.8867,0.0000,経路未発見,20
5040,0.0805,-11.8773,0.0000,経路未発見,37
5041,0.0804,-11.8027,0.0000,経路未発見,74
5042,0.0804,-11.8893,0.0000,経路未発見,80
5043,0.0803,-11.9507,0.0000,経路未発見,49
5044,0.0803,-11.9720,0.0000,経路未発見,33
5045,0.0803,-12.0347,0.0000,経路未発見,51
5046,0.0802,-12.1187,0.0000,経路未発見,46
5047,0.0802,-12.0947,0.0000,経路未発見,35
5048,0.0801,-12.1493,0.0000,経路未発見,39
5049,0.0801,-12.2867,0.0000,経路未発見,42
5050,0.0801,-12.2933,0.0000,経路未発見,25
5051,0.0800,-12.3427,0.0000,経路未発見,42
5052,0.0800,-12.4107,0.0000,経路未発見,43
5053,0.0799,-12.3920,0.0000,経路未発見,38
5054,0.0799,-12.4227,0.0000,経路未発見,43
5055,0.0799,-12.3440,0.0000,経路未発見,41
5056,0.0798,-12.3333,0.0000,経路未発見,30
5057,0.0798,-12.2987,0.0000,経路未発見,35
5058,0.0797,-12.3427,0.0000,経路未発見,29
5059,0.0797,-12.3760,0.0000,経路未発見,44
5060,0.0797,-12.2680,0.0000,経路未発見,29
5061,0.0796,-12.2720,0.0000,経路未発見,82
5062,0.0796,-12.2787,0.0000,経路未発見,58
5063,0.0795,-12.5040,0.0000,経路未発見,56
5064,0.0795,-12.5253,0.0000,経路未発見,61
5065,0.0795,-12.5573,0.0000,経路未発見,64
5066,0.0794,-12.5093,0.0000,経路未発見,26
5067,0.0794,-12.4893,0.0000,経路未発見,28
5068,0.0793,-12.5560,0.0000,経路未発見,75
5069,0.0793,-12.6867,0.0000,経路未発見,49
5070,0.0793,-12.6773,0.0000,経路未発見,43
5071,0.0792,-12.6200,0.0000,経路未発見,40
5072,0.0792,-12.5040,0.0000,経路未発見,33
5073,0.0791,-12.3920,0.0000,経路未発見,31
5074,0.0791,-12.3933,0.0000,経路未発見,47
5075,0.0791,-12.2840,0.0000,経路未発見,41
5076,0.0790,-12.3027,0.0000,経路未発見,53
5077,0.0790,-12.3120,0.0000,経路未発見,40
5078,0.0789,-12.3027,0.0000,経路未発見,34
5079,0.0789,-12.2000,0.0000,経路未発見,40
5080,0.0789,-12.3040,0.0000,経路未発見,48
5081,0.0788,-12.1680,0.0000,経路未発見,25
5082,0.0788,-12.1840,0.0000,経路未発見,52
5083,0.0788,-12.1960,0.0000,経路未発見,42
5084,0.0787,-12.1680,0.0000,経路未発見,70
5085,0.0787,-12.1173,0.0000,経路未発見,26
5086,0.0786,-12.1987,0.0000,経路未発見,43
5087,0.0786,-12.2093,0.0000,経路未発見,43
5088,0.0786,-12.3333,0.0000,経路未発見,47
5089,0.0785,-12.2067,0.0000,経路未発見,32
5090,0.0785,-12.1747,0.0000,経路未発見,20
5091,0.0784,-12.1200,0.0000,経路未発見,35
5092,0.0784,-12.0280,0.0000,経路未発見,44
5093,0.0784,-11.8120,0.0000,経路未発見,32
5094,0.0783,-11.7547,0.0000,経路未発見,28
5095,0.0783,-11.7693,0.0000,経路未発見,61
5096,0.0782,-11.8373,0.0000,経路未発見,48
5097,0.0782,-11.8787,0.0000,経路未発見,38
5098,0.0782,-11.8013,0.0000,経路未発見,32
5099,0.0781,-11.7667,0.0000,経路未発見,42
5100,0.0781,-11.8000,0.0000,経路未発見,51
5101,0.0780,-11.7587,0.0000,経路未発見,27
5102,0.0780,-11.8627,0.0000,経路未発見,45
5103,0.0780,-12.1147,0.0000,経路未発見,85
5104,0.0779,-12.0840,0.0000,経路未発見,30
5105,0.0779,-12.0760,0.0000,経路未発見,32
5106,0.0779,-11.9533,0.0000,経路未発見,37
5107,0.0778,-12.0253,0.0000,経路未発見,44
5108,0.0778,-12.0333,0.0000,経路未発見,32
5109,0.0777,-12.0240,0.0000,経路未発見,31
5110,0.0777,-11.9760,0.0000,経路未発見,51
5111,0.0777,-11.9667,0.0000,経路未発見,24
5112,0.0776,-11.8853,0.0000,経路未発見,39
5113,0.0776,-11.9293,0.0000,経路未発見,69
5114,0.0775,-11.9293,0.0000,経路未発見,51
5115,0.0775,-11.9067,0.0000,経路未発見,27
5116,0.0775,-11.9200,0.0000,経路未発見,45
5117,0.0774,-11.9453,0.0000,経路未発見,49
5118,0.0774,-11.7667,0.0000,経路未発見,28
5119,0.0773,-11.8373,0.0000,経路未発見,40
5120,0.0773,-11.9787,0.0000,経路未発見,45
5121,0.0773,-11.9387,0.0000,経路未発見,28
5122,0.0772,-11.9840,0.0000,経路未発見,40
5123,0.0772,-11.9640,0.0000,経路未発見,31
5124,0.0772,-12.1053,0.0000,経路未発見,49
5125,0.0771,-12.0387,0.0000,経路未発見,27
5126,0.0771,-11.9813,0.0000,経路未発見,38
5127,0.0770,-11.9213,0.0000,経路未発見,26
5128,0.0770,-11.9773,0.0000,経路未発見,47
5129,0.0770,-11.9787,0.0000,経路未発見,45
5130,0.0769,-11.8560,0.0000,経路未発見,25
5131,0.0769,-11.9520,0.0000,経路未発見,48
5132,0.0768,-11.8240,0.0000,経路未発見,15
5133,0.0768,-11.5640,0.0000,経路未発見,25
5134,0.0768,-11.6280,0.0000,経路未発見,43
5135,0.0767,-11.7027,0.0000,経路未発見,60
5136,0.0767,-11.6973,0.0000,経路未発見,41
5137,0.0767,-11.6413,0.0000,経路未発見,56
5138,0.0766,-11.6787,0.0000,経路未発見,44
5139,0.0766,-11.7320,0.0000,経路未発見,52
5140,0.0765,-11.7187,0.0000,経路未発見,41
5141,0.0765,-11.8333,0.0000,経路未発見,44
5142,0.0765,-11.9347,0.0000,経路未発見,57
5143,0.0764,-11.8693,0.0000,経路未発見,30
5144,0.0764,-11.8653,0.0000,経路未発見,50
5145,0.0763,-11.9253,0.0000,経路未発見,35
5146,0.0763,-11.8147,0.0000,経路未発見,41
5147,0.0763,-11.7827,0.0000,経路未発見,29
5148,0.0762,-11.8507,0.0000,経路未発見,69
5149,0.0762,-11.8853,0.0000,経路未発見,67
5150,0.0762,-11.8853,0.0000,経路未発見,57
5151,0.0761,-11.8960,0.0000,経路未発見,40
5152,0.0761,-11.8400,0.0000,経路未発見,36
5153,0.0760,-11.8787,0.0000,経路未発見,38
5154,0.0760,-11.8080,0.0000,経路未発見,40
5155,0.0760,-11.8840,0.0000,経路未発見,43
5156,0.0759,-11.8387,0.0000,経路未発見,30
5157,0.0759,-11.8653,0.0000,経路未発見,38
5158,0.0759,-11.8387,0.0000,経路未発見,35
5159,0.0758,-11.8147,0.0000,経路未発見,38
5160,0.0758,-11.9040,0.0000,経路未発見,55
5161,0.0757,-11.9227,0.0000,経路未発見,43
5162,0.0757,-11.9987,0.0000,経路未発見,36
5163,0.0757,-12.1240,0.0000,経路未発見,38
5164,0.0756,-12.1573,0.0000,経路未発見,47
5165,0.0756,-12.0947,0.0000,経路未発見,35
5166,0.0756,-12.0787,0.0000,経路未発見,29
5167,0.0755,-12.0693,0.0000,経路未発見,39
5168,0.0755,-12.0227,0.0000,経路未発見,31
5169,0.0754,-11.9960,0.0000,経路未発見,40
5170,0.0754,-12.0707,0.0000,経路未発見,62
5171,0.0754,-12.0027,0.0000,経路未発見,30
5172,0.0753,-11.9507,0.0000,経路未発見,44
5173,0.0753,-11.9360,0.0000,経路未発見,36
5174,0.0752,-11.9053,0.0000,経路未発見,29
5175,0.0752,-11.9267,0.0000,経路未発見,43
5176,0.0752,-12.0867,0.0000,経路未発見,62
5177,0.0751,-12.0587,0.0000,経路未発見,25
5178,0.0751,-12.0187,0.0000,経路未発見,32
5179,0.0751,-11.9760,0.0000,経路未発見,69
5180,0.0750,-11.9213,0.0000,経路未発見,40
5181,0.0750,-12.0133,0.0000,経路未発見,45
5182,0.0749,-12.0840,0.0000,経路未発見,57
5183,0.0749,-12.1187,0.0000,経路未発見,38
5184,0.0749,-12.1560,0.0000,経路未発見,61
5185,0.0748,-12.1400,0.0000,経路未発見,39
5186,0.0748,-12.1893,0.0000,経路未発見,54
5187,0.0748,-12.2853,0.0000,経路未発見,44
5188,0.0747,-12.2920,0.0000,経路未発見,53
5189,0.0747,-12.2760,0.0000,経路未発見,46
5190,0.0746,-12.2640,0.0000,経路未発見,48
5191,0.0746,-12.1773,0.0000,経路未発見,30
5192,0.0746,-12.1240,0.0000,経路未発見,30
5193,0.0745,-11.9907,0.0000,経路未発見,27
5194,0.0745,-12.0653,0.0000,経路未発見,49
5195,0.0745,-12.1267,0.0000,経路未発見,42
5196,0.0744,-12.1427,0.0000,経路未発見,41
5197,0.0744,-12.1920,0.0000,経路未発見,43
5198,0.0744,-12.2627,0.0000,経路未発見,43
5199,0.0743,-12.1907,0.0000,経路未発見,33
5200,0.0743,-12.0653,0.0000,経路未発見,30
5201,0.0742,-12.0187,0.0000,経路未発見,24
5202,0.0742,-12.0133,0.0000,経路未発見,32
5203,0.0742,-12.0520,0.0000,経路未発見,44
5204,0.0741,-12.0613,0.0000,経路未発見,42
5205,0.0741,-12.0120,0.0000,経路未発見,27
5206,0.0741,-11.8680,0.0000,経路未発見,38
5207,0.0740,-12.0360,0.0000,経路未発見,47
5208,0.0740,-11.9973,0.0000,経路未発見,24
5209,0.0739,-12.0053,0.0000,経路未発見,56
5210,0.0739,-12.1853,0.0000,経路未発見,59
5211,0.0739,-12.2213,0.0000,経路未発見,56
5212,0.0738,-12.1373,0.0000,経路未発見,30
5213,0.0738,-12.0920,0.0000,経路未発見,38
5214,0.0738,-12.0413,0.0000,経路未発見,42
5215,0.0737,-12.0973,0.0000,経路未発見,39
5216,0.0737,-12.0240,0.0000,経路未発見,24
5217,0.0736,-11.9560,0.0000,経路未発見,42
5218,0.0736,-12.0413,0.0000,経路未発見,33
5219,0.0736,-12.0613,0.0000,経路未発見,39
5220,0.0735,-12.1093,0.0000,経路未発見,45
5221,0.0735,-12.0640,0.0000,経路未発見,27
5222,0.0735,-12.1373,0.0000,経路未発見,40
5223,0.0734,-12.2747,0.0000,経路未発見,39
5224,0.0734,-12.1933,0.0000,経路未発見,36
5225,0.0734,-12.1693,0.0000,経路未発見,40
5226,0.0733,-12.2480,0.0000,経路未発見,64
5227,0.0733,-12.1520,0.0000,経路未発見,22
5228,0.0732,-12.0440,0.0000,経路未発見,26
5229,0.0732,-12.1507,0.0000,経路未発見,35
5230,0.0732,-12.2040,0.0000,経路未発見,32
5231,0.0731,-12.3280,0.0000,経路未発見,45
5232,0.0731,-12.4227,0.0000,経路未発見,82
5233,0.0731,-12.4107,0.0000,経路未発見,36
5234,0.0730,-12.3507,0.0000,経路未発見,22
5235,0.0730,-12.4560,0.0000,経路未発見,46
5236,0.0730,-12.5000,0.0000,経路未発見,61
5237,0.0729,-12.3560,0.0000,経路未発見,35
5238,0.0729,-12.3747,0.0000,経路未発見,34
5239,0.0728,-12.3760,0.0000,経路未発見,51
5240,0.0728,-12.1307,0.0000,経路未発見,36
5241,0.0728,-12.0187,0.0000,経路未発見,44
5242,0.0727,-12.1267,0.0000,経路未発見,55
5243,0.0727,-12.1427,0.0000,経路未発見,46
5244,0.0727,-12.1893,0.0000,経路未発見,52
5245,0.0726,-12.1160,0.0000,経路未発見,40
5246,0.0726,-12.3520,0.0000,経路未発見,53
5247,0.0726,-12.4480,0.0000,経路未発見,52
5248,0.0725,-12.3107,0.0000,経路未発見,28
5249,0.0725,-12.2440,0.0000,経路未発見,28
5250,0.0724,-12.1827,0.0000,経路未発見,53
5251,0.0724,-12.2467,0.0000,経路未発見,40
5252,0.0724,-12.3480,0.0000,経路未発見,44
5253,0.0723,-12.2867,0.0000,経路未発見,51
5254,0.0723,-12.3027,0.0000,経路未発見,48
5255,0.0723,-12.2533,0.0000,経路未発見,39
5256,0.0722,-12.2093,0.0000,経路未発見,43
5257,0.0722,-12.2200,0.0000,経路未発見,26
5258,0.0722,-12.3333,0.0000,経路未発見,63
5259,0.0721,-12.3573,0.0000,経路未発見,41
5260,0.0721,-12.3293,0.0000,経路未発見,28
5261,0.0720,-12.2827,0.0000,経路未発見,55
5262,0.0720,-12.2413,0.0000,経路未発見,45
5263,0.0720,-12.2760,0.0000,経路未発見,40
5264,0.0719,-12.3133,0.0000,経路未発見,38
5265,0.0719,-12.2760,0.0000,経路未発見,38
5266,0.0719,-12.2427,0.0000,経路未発見,57
5267,0.0718,-12.3053,0.0000,経路未発見,45
5268,0.0718,-12.3693,0.0000,経路未発見,51
5269,0.0718,-12.2840,0.0000,経路未発見,26
5270,0.0717,-12.3467,0.0000,経路未発見,38
5271,0.0717,-12.3893,0.0000,経路未発見,41
5272,0.0716,-12.3373,0.0000,経路未発見,37
5273,0.0716,-12.3320,0.0000,経路未発見,46
5274,0.0716,-12.3187,0.0000,経路未発見,38
5275,0.0715,-12.3040,0.0000,経路未発見,34
5276,0.0715,-12.0600,0.0000,経路未発見,18
5277,0.0715,-11.9160,0.0000,経路未発見,25
5278,0.0714,-11.9240,0.0000,経路未発見,26
5279,0.0714,-12.0347,0.0000,経路未発見,52
5280,0.0714,-12.0640,0.0000,経路未発見,33
5281,0.0713,-12.0653,0.0000,経路未発見,43
5282,0.0713,-11.9187,0.0000,経路未発見,41
5283,0.0713,-11.9400,0.0000,経路未発見,36
5284,0.0712,-11.8973,0.0000,経路未発見,39
5285,0.0712,-12.0040,0.0000,経路未発見,46
5286,0.0711,-11.9520,0.0000,経路未発見,34
5287,0.0711,-11.9800,0.0000,経路未発見,37
5288,0.0711,-11.9733,0.0000,経路未発見,40
5289,0.0710,-11.9027,0.0000,経路未発見,48
5290,0.0710,-11.9133,0.0000,経路未発見,40
5291,0.0710,-11.9307,0.0000,経路未発見,54
5292,0.0709,-11.8507,0.0000,経路未発見,38
5293,0.0709,-11.8307,0.0000,経路未発見,49
5294,0.0709,-11.8013,0.0000,経路未発見,24
5295,0.0708,-11.8280,0.0000,経路未発見,65
5296,0.0708,-11.8307,0.0000,経路未発見,51
5297,0.0708,-11.8027,0.0000,経路未発見,31
5298,0.0707,-11.9293,0.0000,経路未発見,56
5299,0.0707,-11.9280,0.0000,経路未発見,27
5300,0.0707,-11.8827,0.0000,経路未発見,39
5301,0.0706,-11.8173,0.0000,経路未発見,33
5302,0.0706,-11.8787,0.0000,経路未発見,37
5303,0.0705,-11.9493,0.0000,経路未発見,36
5304,0.0705,-11.9213,0.0000,経路未発見,34
5305,0.0705,-12.0067,0.0000,経路未発見,44
5306,0.0704,-12.0493,0.0000,経路未発見,34
5307,0.0704,-12.0667,0.0000,経路未発見,32
5308,0.0704,-12.1520,0.0000,経路未発見,55
5309,0.0703,-12.1667,0.0000,経路未発見,45
5310,0.0703,-12.1653,0.0000,経路未発見,34
5311,0.0703,-12.1520,0.0000,経路未発見,26
5312,0.0702,-12.2307,0.0000,経路未発見,48
5313,0.0702,-12.2560,0.0000,経路未発見,45
5314,0.0702,-12.1947,0.0000,経路未発見,24
5315,0.0701,-12.1853,0.0000,経路未発見,75
5316,0.0701,-12.3280,0.0000,経路未発見,47
5317,0.0701,-12.3027,0.0000,経路未発見,24
5318,0.0700,-12.3067,0.0000,経路未発見,41
5319,0.0700,-12.3320,0.0000,経路未発見,50
5320,0.0700,-12.4093,0.0000,経路未発見,40
5321,0.0699,-12.3427,0.0000,経路未発見,24
5322,0.0699,-12.3893,0.0000,経路未発見,75
5323,0.0698,-12.3933,0.0000,経路未発見,47
5324,0.0698,-12.4507,0.0000,経路未発見,46
5325,0.0698,-12.3453,0.0000,経路未発見,27
5326,0.0697,-12.2813,0.0000,経路未発見,19
5327,0.0697,-12.2147,0.0000,経路未発見,23
5328,0.0697,-12.0760,0.0000,経路未発見,44
5329,0.0696,-12.0947,0.0000,経路未発見,29
5330,0.0696,-12.1333,0.0000,経路未発見,36
5331,0.0696,-12.1720,0.0000,経路未発見,40
5332,0.0695,-12.1893,0.0000,経路未発見,38
5333,0.0695,-12.1000,0.0000,経路未発見,32
5334,0.0695,-12.0800,0.0000,経路未発見,41
5335,0.0694,-12.0293,0.0000,経路未発見,45
5336,0.0694,-12.0467,0.0000,経路未発見,41
5337,0.0694,-12.0853,0.0000,経路未発見,55
5338,0.0693,-12.0707,0.0000,経路未発見,50
5339,0.0693,-11.9800,0.0000,経路未発見,35
5340,0.0693,-12.0533,0.0000,経路未発見,65
5341,0.0692,-12.0613,0.0000,経路未発見,43
5342,0.0692,-11.9920,0.0000,経路未発見,39
5343,0.0692,-11.9000,0.0000,経路未発見,36
5344,0.0691,-11.9160,0.0000,経路未発見,32
5345,0.0691,-11.8747,0.0000,経路未発見,81
5346,0.0690,-11.7360,0.0000,経路未発見,27
5347,0.0690,-11.8000,0.0000,経路未発見,30
5348,0.0690,-11.6893,0.0000,経路未発見,26
5349,0.0689,-11.6627,0.0000,経路未発見,41
5350,0.0689,-11.5493,0.0000,経路未発見,34
5351,0.0689,-11.5240,0.0000,経路未発見,26
5352,0.0688,-11.5000,0.0000,経路未発見,27
5353,0.0688,-11.4667,0.0000,経路未発見,39
5354,0.0688,-11.4493,0.0000,経路未発見,35
5355,0.0687,-11.5267,0.0000,経路未発見,67
5356,0.0687,-11.7267,0.0000,経路未発見,46
5357,0.0687,-11.9173,0.0000,経路未発見,41
5358,0.0686,-11.9387,0.0000,経路未発見,53
5359,0.0686,-12.0720,0.0000,経路未発見,49
5360,0.0686,-12.0387,0.0000,経路未発見,47
5361,0.0685,-12.0093,0.0000,経路未発見,34
5362,0.0685,-12.2547,0.0000,経路未発見,94
5363,0.0685,-12.3053,0.0000,経路未発見,47
5364,0.0684,-12.2960,0.0000,経路未発見,36
5365,0.0684,-12.3013,0.0000,経路未発見,45
5366,0.0684,-12.2907,0.0000,経路未発見,41
5367,0.0683,-12.4467,0.0000,経路未発見,81
5368,0.0683,-11.9307,0.0333,経路未発見,96
5369,0.0683,-11.9000,0.0333,経路未発見,29
5370,0.0682,-11.8733,0.0333,経路未発見,40
5371,0.0682,-11.8573,0.0333,経路未発見,58
5372,0.0682,-11.8253,0.0333,経路未発見,34
5373,0.0681,-11.8653,0.0333,経路未発見,39
5374,0.0681,-11.9693,0.0333,経路未発見,72
5375,0.0681,-12.0107,0.0333,経路未発見,38
5376,0.0680,-11.9893,0.0333,経路未発見,23
5377,0.0680,-11.9360,0.0333,経路未発見,28
5378,0.0680,-11.9773,0.0333,経路未発見,28
5379,0.0679,-11.9627,0.0333,経路未発見,32
5380,0.0679,-12.0293,0.0333,経路未発見,41
5381,0.0678,-12.0467,0.0333,経路未発見,22
5382,0.0678,-12.0240,0.0333,経路未発見,42
5383,0.0678,-12.0640,0.0333,経路未発見,46
5384,0.0677,-12.0933,0.0333,経路未発見,41
5385,0.0677,-12.1707,0.0333,経路未発見,39
5386,0.0677,-12.1627,0.0333,経路未発見,59
5387,0.0676,-12.0360,0.0333,経路未発見,36
5388,0.0676,-11.9373,0.0333,経路未発見,21
5389,0.0676,-11.7840,0.0333,経路未発見,24
5390,0.0675,-11.8760,0.0333,経路未発見,37
5391,0.0675,-11.9453,0.0333,経路未発見,41
5392,0.0675,-11.5520,0.0333,経路未発見,28
5393,0.0674,-11.5387,0.0333,経路未発見,45
5394,0.0674,-11.4973,0.0333,経路未発見,26
5395,0.0674,-11.5440,0.0333,経路未発見,43
5396,0.0673,-11.5213,0.0333,経路未発見,30
5397,0.0673,-11.3853,0.0333,経路未発見,53
5398,0.0673,-11.9227,0.0000,経路未発見,51
5399,0.0672,-11.9787,0.0000,経路未発見,33
5400,0.0672,-12.0347,0.0000,経路未発見,63
5401,0.0672,-11.9893,0.0000,経路未発見,28
5402,0.0671,-12.0453,0.0000,経路未発見,53
5403,0.0671,-12.1187,0.0000,経路未発見,61
5404,0.0671,-12.0853,0.0000,経路未発見,60
5405,0.0670,-12.0173,0.0000,経路未発見,45
5406,0.0670,-12.0520,0.0000,経路未発見,37
5407,0.0670,-12.0493,0.0000,経路未発見,34
5408,0.0669,-12.0707,0.0000,経路未発見,48
5409,0.0669,-12.0400,0.0000,経路未発見,23
5410,0.0669,-12.1347,0.0000,経路未発見,73
5411,0.0668,-12.1293,0.0000,経路未発見,29
5412,0.0668,-12.1373,0.0000,経路未発見,37
5413,0.0668,-12.0760,0.0000,経路未発見,31
5414,0.0667,-12.0507,0.0000,経路未発見,43
5415,0.0667,-11.9587,0.0000,経路未発見,41
5416,0.0667,-11.9000,0.0000,経路未発見,42
5417,0.0666,-11.9467,0.0000,経路未発見,46
5418,0.0666,-12.0107,0.0000,経路未発見,27
5419,0.0666,-12.1267,0.0000,経路未発見,44
5420,0.0665,-11.9893,0.0000,経路未発見,25
5421,0.0665,-11.9853,0.0000,経路未発見,51
5422,0.0665,-12.0227,0.0000,経路未発見,29
5423,0.0664,-12.1013,0.0000,経路未発見,59
5424,0.0664,-12.2947,0.0000,経路未発見,46
5425,0.0664,-12.2293,0.0000,経路未発見,62
5426,0.0663,-12.4267,0.0000,経路未発見,88
5427,0.0663,-12.8907,0.0000,経路未発見,157
5428,0.0663,-12.8080,0.0000,経路未発見,31
5429,0.0662,-12.7533,0.0000,経路未発見,28
5430,0.0662,-12.6333,0.0000,経路未発見,42
5431,0.0662,-12.6960,0.0000,経路未発見,65
5432,0.0661,-12.7720,0.0000,経路未発見,89
5433,0.0661,-12.7160,0.0000,経路未発見,85
5434,0.0661,-12.6320,0.0000,経路未発見,30
5435,0.0660,-12.6347,0.0000,経路未発見,56
5436,0.0660,-12.6533,0.0000,経路未発見,39
5437,0.0660,-12.7200,0.0000,経路未発見,34
5438,0.0659,-12.7613,0.0000,経路未発見,50
5439,0.0659,-12.7893,0.0000,経路未発見,34
5440,0.0659,-12.7133,0.0000,経路未発見,56
5441,0.0658,-12.7893,0.0000,経路未発見,72
5442,0.0658,-12.7787,0.0000,経路未発見,40
5443,0.0658,-12.9600,0.0000,経路未発見,48
5444,0.0657,-12.9773,0.0000,経路未発見,47
5445,0.0657,-12.9200,0.0000,経路未発見,27
5446,0.0657,-13.0493,0.0000,経路未発見,105
5447,0.0656,-12.9573,0.0000,経路未発見,33
5448,0.0656,-12.9387,0.0000,経路未発見,43
5449,0.0656,-12.9520,0.0000,経路未発見,53
5450,0.0655,-13.0120,0.0000,経路未発見,41
5451,0.0655,-13.0013,0.0000,経路未発見,42
5452,0.0655,-13.0200,0.0000,経路未発見,58
5453,0.0654,-12.9987,0.0000,経路未発見,43
5454,0.0654,-12.8267,0.0000,経路未発見,38
5455,0.0654,-12.9040,0.0000,経路未発見,35
5456,0.0654,-12.7307,0.0000,経路未発見,33
5457,0.0653,-12.2840,0.0000,経路未発見,73
5458,0.0653,-12.3440,0.0000,経路未発見,44
5459,0.0653,-12.4107,0.0000,経路未発見,32
5460,0.0652,-12.3920,0.0000,経路未発見,36
5461,0.0652,-12.3520,0.0000,経路未発見,35
5462,0.0652,-12.2200,0.0000,経路未発見,30
5463,0.0651,-12.1693,0.0000,経路未発見,39
5464,0.0651,-12.2707,0.0000,経路未発見,60
5465,0.0651,-11.6267,0.0333,経路未発見,108
5466,0.0650,-11.5987,0.0333,経路未発見,40
5467,0.0650,-11.4947,0.0333,経路未発見,83
5468,0.0650,-11.5480,0.0333,経路未発見,44
5469,0.0649,-11.6293,0.0333,経路未発見,97
5470,0.0649,-11.6520,0.0333,経路未発見,48
5471,0.0649,-11.5587,0.0333,経路未発見,22
5472,0.0648,-11.6147,0.0333,経路未発見,48
5473,0.0648,-11.4933,0.0333,経路未発見,51
5474,0.0648,-11.4720,0.0333,経路未発見,42
5475,0.0647,-11.4600,0.0333,経路未発見,28
5476,0.0647,-11.3613,0.0333,経路未発見,44
5477,0.0647,-11.3973,0.0333,経路未発見,35
5478,0.0646,-11.3920,0.0333,経路未発見,39
5479,0.0646,-11.3240,0.0333,経路未発見,47
5480,0.0646,-11.4040,0.0333,経路未発見,86
5481,0.0645,-11.4120,0.0333,経路未発見,44
5482,0.0645,-11.3907,0.0333,経路未発見,35
5483,0.0645,-11.3680,0.0333,経路未発見,36
5484,0.0644,-11.3947,0.0333,経路未発見,38
5485,0.0644,-11.3333,0.0333,経路未発見,43
5486,0.0644,-11.3280,0.0333,経路未発見,29
5487,0.0643,-11.3187,0.0333,経路未発見,36
5488,0.0643,-11.4080,0.0333,経路未発見,84
5489,0.0643,-11.3987,0.0333,経路未発見,50
5490,0.0642,-11.4373,0.0333,経路未発見,80
5491,0.0642,-11.4973,0.0333,経路未発見,44
5492,0.0642,-11.5427,0.0333,経路未発見,45
5493,0.0642,-11.6453,0.0333,経路未発見,76
5494,0.0641,-11.6253,0.0333,経路未発見,42
5495,0.0641,-12.2853,0.0000,経路未発見,44
5496,0.0641,-12.3627,0.0000,経路未発見,36
5497,0.0640,-12.6280,0.0000,経路未発見,134
5498,0.0640,-12.5947,0.0000,経路未発見,85
5499,0.0640,-12.4973,0.0000,経路未発見,26
5500,0.0639,-12.4680,0.0000,経路未発見,56
5501,0.0639,-12.5520,0.0000,経路未発見,64
5502,0.0639,-12.5373,0.0000,経路未発見,50
5503,0.0638,-12.6133,0.0000,経路未発見,52
5504,0.0638,-12.6187,0.0000,経路未発見,46
5505,0.0638,-12.7987,0.0000,経路未発見,53
5506,0.0637,-12.7920,0.0000,経路未発見,52
5507,0.0637,-12.8573,0.0000,経路未発見,43
5508,0.0637,-12.8560,0.0000,経路未発見,25
5509,0.0636,-12.9013,0.0000,経路未発見,62
5510,0.0636,-12.8427,0.0000,経路未発見,81
5511,0.0636,-12.7773,0.0000,経路未発見,36
5512,0.0635,-12.7853,0.0000,経路未発見,37
5513,0.0635,-12.7400,0.0000,経路未発見,33
5514,0.0635,-12.7933,0.0000,経路未発見,41
5515,0.0635,-12.8987,0.0000,経路未発見,47
5516,0.0634,-12.9787,0.0000,経路未発見,62
5517,0.0634,-12.9080,0.0000,経路未発見,31
5518,0.0634,-12.7653,0.0000,経路未発見,38
5519,0.0633,-12.7867,0.0000,経路未発見,46
5520,0.0633,-12.8173,0.0000,経路未発見,45
5521,0.0633,-12.7693,0.0000,経路未発見,42
5522,0.0632,-12.7613,0.0000,経路未発見,50
5523,0.0632,-12.7147,0.0000,経路未発見,42
5524,0.0632,-12.7853,0.0000,経路未発見,36
5525,0.0631,-12.7853,0.0000,経路未発見,40
5526,0.0631,-12.7133,0.0000,経路未発見,32
5527,0.0631,-12.5427,0.0000,経路未発見,56
5528,0.0630,-12.5773,0.0000,経路未発見,39
5529,0.0630,-12.6240,0.0000,経路未発見,48
5530,0.0630,-12.6173,0.0000,経路未発見,41
5531,0.0629,-12.5867,0.0000,経路未発見,35
5532,0.0629,-12.6427,0.0000,経路未発見,81
5533,0.0629,-12.5000,0.0000,経路未発見,32
5534,0.0629,-12.5240,0.0000,経路未発見,45
5535,0.0628,-12.4387,0.0000,経路未発見,43
5536,0.0628,-12.2960,0.0000,経路未発見,28
5537,0.0628,-12.1960,0.0000,経路未発見,32
5538,0.0627,-12.3707,0.0000,経路未発見,73
5539,0.0627,-12.3373,0.0000,経路未発見,38
5540,0.0627,-12.2520,0.0000,経路未発見,24
5541,0.0626,-12.2720,0.0000,経路未発見,45
5542,0.0626,-12.3680,0.0000,経路未発見,47
5543,0.0626,-12.4107,0.0000,経路未発見,42
5544,0.0625,-12.3573,0.0000,経路未発見,35
5545,0.0625,-12.2173,0.0000,経路未発見,44
5546,0.0625,-12.1160,0.0000,経路未発見,28
5547,0.0624,-12.2600,0.0000,経路未発見,77
5548,0.0624,-12.3347,0.0000,経路未発見,40
5549,0.0624,-12.3880,0.0000,経路未発見,48
5550,0.0623,-12.2813,0.0000,経路未発見,27
5551,0.0623,-12.5307,0.0000,経路未発見,88
5552,0.0623,-12.5120,0.0000,経路未発見,33
5553,0.0623,-12.5893,0.0000,経路未発見,55
5554,0.0622,-12.5520,0.0000,経路未発見,44
5555,0.0622,-12.5840,0.0000,経路未発見,45
5556,0.0622,-12.5907,0.0000,経路未発見,39
5557,0.0621,-12.6307,0.0000,経路未発見,39
5558,0.0621,-12.5120,0.0000,経路未発見,44
5559,0.0621,-12.5653,0.0000,経路未発見,41
5560,0.0620,-12.5000,0.0000,経路未発見,37
5561,0.0620,-12.4920,0.0000,経路未発見,29
5562,0.0620,-12.5467,0.0000,経路未発見,43
5563,0.0619,-12.5347,0.0000,経路未発見,25
5564,0.0619,-12.5200,0.0000,経路未発見,36
5565,0.0619,-12.4413,0.0000,経路未発見,32
5566,0.0619,-12.4733,0.0000,経路未発見,40
5567,0.0618,-12.5547,0.0000,経路未発見,48
5568,0.0618,-12.5347,0.0000,経路未発見,72
5569,0.0618,-12.4853,0.0000,経路未発見,38
5570,0.0617,-12.5560,0.0000,経路未発見,36
5571,0.0617,-12.6147,0.0000,経路未発見,54
5572,0.0617,-11.8760,0.0333,経路未発見,92
5573,0.0616,-11.8880,0.0333,経路未発見,37
5574,0.0616,-12.1720,0.0333,経路未発見,112
5575,0.0616,-12.2560,0.0333,経路未発見,47
5576,0.0615,-12.3560,0.0333,経路未発見,43
5577,0.0615,-12.4227,0.0333,経路未発見,51
5578,0.0615,-12.3640,0.0333,経路未発見,27
5579,0.0615,-11.6640,0.0667,経路未発見,105
5580,0.0614,-11.6907,0.0667,経路未発見,51
5581,0.0614,-11.2520,0.1000,経路未発見,179
5582,0.0614,-11.3160,0.1000,経路未発見,69
5583,0.0613,-11.2333,0.1000,経路未発見,39
5584,0.0613,-11.2880,0.1000,経路未発見,64
5585,0.0613,-11.2067,0.1000,経路未発見,29
5586,0.0612,-11.2400,0.1000,経路未発見,43
5587,0.0612,-11.7920,0.1000,経路未発見,121
5588,0.0612,-11.8413,0.1000,経路未発見,41
5589,0.0611,-11.7653,0.1000,経路未発見,36
5590,0.0611,-11.8640,0.1000,経路未発見,70
5591,0.0611,-11.9467,0.1000,経路未発見,48
5592,0.0611,-11.7960,0.1000,経路未発見,43
5593,0.0610,-11.8280,0.1000,経路未発見,33
5594,0.0610,-11.8267,0.1000,経路未発見,52
5595,0.0610,-11.9613,0.1000,経路未発見,100
5596,0.0609,-11.9853,0.1000,経路未発見,36
5597,0.0609,-12.0627,0.1000,経路未発見,97
5598,0.0609,-11.9493,0.1000,経路未発見,46
5599,0.0608,-11.9760,0.1000,経路未発見,39
5600,0.0608,-11.9667,0.1000,経路未発見,28
5601,0.0608,-11.9213,0.1000,経路未発見,44
5602,0.0607,-12.6667,0.0667,経路未発見,50
5603,0.0607,-12.5653,0.0667,経路未発見,23
5604,0.0607,-12.2680,0.0667,経路未発見,29
5605,0.0607,-12.2320,0.1000,経路未発見,180
5606,0.0606,-12.1720,0.1000,経路未発見,46
5607,0.0606,-11.9520,0.1000,経路未発見,22
5608,0.0606,-12.1053,0.1000,経路未発見,44
5609,0.0605,-12.7040,0.0667,経路未発見,29
5610,0.0605,-12.7987,0.0667,経路未発見,71
5611,0.0605,-13.0147,0.0333,経路未発見,39
5612,0.0604,-13.0053,0.0333,経路未発見,64
5613,0.0604,-12.9307,0.0333,経路未発見,21
5614,0.0604,-12.8493,0.0333,経路未発見,42
5615,0.0604,-13.0573,0.0333,経路未発見,101
5616,0.0603,-13.0093,0.0333,経路未発見,96
5617,0.0603,-12.4507,0.0333,経路未発見,56
5618,0.0603,-12.3787,0.0333,経路未発見,37
5619,0.0602,-12.4333,0.0333,経路未発見,40
5620,0.0602,-12.4013,0.0333,経路未発見,44
5621,0.0602,-12.3240,0.0333,経路未発見,29
5622,0.0601,-12.4387,0.0333,経路未発見,53
5623,0.0601,-12.4947,0.0333,経路未発見,77
5624,0.0601,-12.4827,0.0333,経路未発見,30
5625,0.0601,-12.5280,0.0333,経路未発見,84
5626,0.0600,-12.5173,0.0333,経路未発見,38
5627,0.0600,-12.4400,0.0333,経路未発見,49
5628,0.0600,-12.3693,0.0333,経路未発見,26
5629,0.0599,-12.3480,0.0333,経路未発見,46
5630,0.0599,-12.3053,0.0333,経路未発見,30
5631,0.0599,-12.2840,0.0333,経路未発見,43
5632,0.0598,-12.1947,0.0333,経路未発見,35
5633,0.0598,-12.2000,0.0333,経路未発見,27
5634,0.0598,-12.2093,0.0333,経路未発見,41
5635,0.0598,-12.2107,0.0000,経路未発見,33
5636,0.0597,-12.2307,0.0000,経路未発見,29
5637,0.0597,-12.2387,0.0000,経路未発見,28
5638,0.0597,-12.1040,0.0000,経路未発見,33
5639,0.0596,-12.1040,0.0000,経路未発見,45
5640,0.0596,-12.0187,0.0000,経路未発見,37
5641,0.0596,-11.9693,0.0000,経路未発見,31
5642,0.0595,-11.8973,0.0000,経路未発見,37
5643,0.0595,-11.9707,0.0000,経路未発見,36
5644,0.0595,-11.8880,0.0000,経路未発見,30
5645,0.0595,-11.7053,0.0000,経路未発見,49
5646,0.0594,-11.6933,0.0000,経路未発見,27
5647,0.0594,-11.6000,0.0000,経路未発見,28
5648,0.0594,-11.6240,0.0000,経路未発見,43
5649,0.0593,-11.6333,0.0000,経路未発見,46
5650,0.0593,-11.6400,0.0000,経路未発見,63
5651,0.0593,-11.6027,0.0000,経路未発見,24
5652,0.0592,-11.4520,0.0000,経路未発見,26
5653,0.0592,-11.5453,0.0000,経路未発見,101
5654,0.0592,-11.5827,0.0000,経路未発見,67
5655,0.0592,-11.4293,0.0000,経路未発見,33
5656,0.0591,-11.4400,0.0000,経路未発見,43
5657,0.0591,-11.3907,0.0000,経路未発見,36
5658,0.0591,-11.4760,0.0000,経路未発見,36
5659,0.0590,-11.5813,0.0000,経路未発見,38
5660,0.0590,-11.5720,0.0000,経路未発見,25
5661,0.0590,-11.7440,0.0000,経路未発見,56
5662,0.0590,-11.7920,0.0000,経路未発見,48
5663,0.0589,-11.4013,0.0333,経路未発見,117
5664,0.0589,-11.3507,0.0333,経路未発見,23
5665,0.0589,-11.4147,0.0333,経路未発見,65
5666,0.0588,-11.4453,0.0333,経路未発見,46
5667,0.0588,-11.4413,0.0333,経路未発見,27
5668,0.0588,-11.4053,0.0333,経路未発見,31
5669,0.0587,-11.3720,0.0333,経路未発見,34
5670,0.0587,-11.3987,0.0333,経路未発見,38
5671,0.0587,-11.4760,0.0333,経路未発見,39
5672,0.0587,-11.7173,0.0333,経路未発見,97
5673,0.0586,-11.6507,0.0333,経路未発見,32
5674,0.0586,-11.7387,0.0333,経路未発見,46
5675,0.0586,-11.7680,0.0333,経路未発見,33
5676,0.0585,-11.8307,0.0333,経路未発見,45
5677,0.0585,-12.0187,0.0333,経路未発見,68
5678,0.0585,-12.0827,0.0333,経路未発見,61
5679,0.0585,-12.0613,0.0333,経路未発見,42
5680,0.0584,-12.1547,0.0333,経路未発見,118
5681,0.0584,-12.1853,0.0333,経路未発見,37
5682,0.0584,-12.2333,0.0333,経路未発見,31
5683,0.0583,-12.1067,0.0333,経路未発見,30
5684,0.0583,-12.0973,0.0333,経路未発見,53
5685,0.0583,-12.0867,0.0333,経路未発見,32
5686,0.0583,-12.1400,0.0333,経路未発見,64
5687,0.0582,-12.1347,0.0333,経路未発見,33
5688,0.0582,-12.1120,0.0333,経路未発見,99
5689,0.0582,-12.1227,0.0333,経路未発見,46
5690,0.0581,-12.1600,0.0333,経路未発見,41
5691,0.0581,-12.1427,0.0333,経路未発見,48
5692,0.0581,-12.0640,0.0333,経路未発見,41
5693,0.0580,-12.6053,0.0000,経路未発見,34
5694,0.0580,-12.6387,0.0000,経路未発見,34
5695,0.0580,-12.5853,0.0000,経路未発見,44
5696,0.0580,-12.5587,0.0000,経路未発見,45
5697,0.0579,-12.6853,0.0000,経路未発見,55
5698,0.0579,-12.6760,0.0000,経路未発見,30
5699,0.0579,-12.7280,0.0000,経路未発見,63
5700,0.0578,-12.6920,0.0000,経路未発見,36
5701,0.0578,-12.6840,0.0000,経路未発見,60
5702,0.0578,-12.5187,0.0000,経路未発見,42
5703,0.0578,-12.6560,0.0000,経路未発見,71
5704,0.0577,-12.5947,0.0000,経路未発見,31
5705,0.0577,-12.6067,0.0000,経路未発見,60
5706,0.0577,-12.5413,0.0000,経路未発見,25
5707,0.0576,-12.4120,0.0000,経路未発見,65
5708,0.0576,-12.3840,0.0000,経路未発見,37
5709,0.0576,-12.4573,0.0000,経路未発見,77
5710,0.0576,-12.3493,0.0000,経路未発見,46
5711,0.0575,-12.4240,0.0000,経路未発見,39
5712,0.0575,-12.3787,0.0000,経路未発見,32
5713,0.0575,-12.3880,0.0000,経路未発見,38
5714,0.0574,-12.4093,0.0000,経路未発見,45
5715,0.0574,-12.4413,0.0000,経路未発見,37
5716,0.0574,-12.3240,0.0000,経路未発見,26
5717,0.0574,-12.4920,0.0000,経路未発見,107
5718,0.0573,-12.4733,0.0000,経路未発見,45
5719,0.0573,-12.4200,0.0000,経路未発見,33
5720,0.0573,-12.5053,0.0000,経路未発見,63
5721,0.0572,-12.3653,0.0000,経路未発見,22
5722,0.0572,-12.3920,0.0000,経路未発見,38
5723,0.0572,-12.3800,0.0000,経路未発見,54
5724,0.0572,-12.4573,0.0000,経路未発見,50
5725,0.0571,-12.4893,0.0000,経路未発見,49
5726,0.0571,-12.3427,0.0000,経路未発見,66
5727,0.0571,-12.3973,0.0000,経路未発見,44
5728,0.0570,-12.4960,0.0000,経路未発見,95
5729,0.0570,-12.5627,0.0000,経路未発見,76
5730,0.0570,-12.5160,0.0000,経路未発見,18
5731,0.0570,-12.6067,0.0000,経路未発見,93
5732,0.0569,-12.5533,0.0000,経路未発見,37
5733,0.0569,-12.4720,0.0000,経路未発見,83
5734,0.0569,-12.5120,0.0000,経路未発見,34
5735,0.0568,-12.4227,0.0000,経路未発見,53
5736,0.0568,-12.4267,0.0000,経路未発見,26
5737,0.0568,-12.4947,0.0000,経路未発見,60
5738,0.0568,-12.4307,0.0000,経路未発見,32
5739,0.0567,-12.3520,0.0000,経路未発見,33
5740,0.0567,-12.4133,0.0000,経路未発見,42
5741,0.0567,-12.3360,0.0000,経路未発見,39
5742,0.0566,-12.4000,0.0000,経路未発見,41
5743,0.0566,-12.4320,0.0000,経路未発見,62
5744,0.0566,-12.3827,0.0000,経路未発見,38
5745,0.0566,-12.4227,0.0000,経路未発見,67
5746,0.0565,-12.4680,0.0000,経路未発見,29
5747,0.0565,-12.3293,0.0000,経路未発見,59
5748,0.0565,-12.2973,0.0000,経路未発見,29
5749,0.0564,-12.2133,0.0000,経路未発見,22
5750,0.0564,-12.1600,0.0000,経路未発見,46
5751,0.0564,-12.2373,0.0000,経路未発見,37
5752,0.0564,-12.2960,0.0000,経路未発見,36
5753,0.0563,-12.2640,0.0000,経路未発見,41
5754,0.0563,-12.2613,0.0000,経路未発見,40
5755,0.0563,-12.1747,0.0000,経路未発見,29
5756,0.0562,-12.3867,0.0000,経路未発見,42
5757,0.0562,-12.2627,0.0000,経路未発見,37
5758,0.0562,-12.2907,0.0000,経路未発見,42
5759,0.0562,-12.1787,0.0000,経路未発見,29
5760,0.0561,-12.2587,0.0000,経路未発見,67
5761,0.0561,-12.2560,0.0000,経路未発見,49
5762,0.0561,-12.2347,0.0000,経路未発見,32
5763,0.0560,-12.2240,0.0000,経路未発見,47
5764,0.0560,-12.1960,0.0000,経路未発見,46
5765,0.0560,-12.2680,0.0000,経路未発見,59
5766,0.0560,-12.3973,0.0000,経路未発見,56
5767,0.0559,-12.4453,0.0000,経路未発見,110
5768,0.0559,-12.5760,0.0000,経路未発見,78
5769,0.0559,-12.5587,0.0000,経路未発見,34
5770,0.0559,-12.4773,0.0000,経路未発見,37
5771,0.0558,-12.5920,0.0000,経路未発見,77
5772,0.0558,-12.6253,0.0000,経路未発見,34
5773,0.0558,-12.5733,0.0000,経路未発見,40
5774,0.0557,-12.5627,0.0000,経路未発見,37
5775,0.0557,-12.5373,0.0000,経路未発見,78
5776,0.0557,-12.5267,0.0000,経路未発見,36
5777,0.0557,-12.4880,0.0000,経路未発見,35
5778,0.0556,-12.4867,0.0000,経路未発見,30
5779,0.0556,-12.5000,0.0000,経路未発見,32
5780,0.0556,-12.4947,0.0000,経路未発見,50
5781,0.0555,-12.4587,0.0000,経路未発見,47
5782,0.0555,-12.4813,0.0000,経路未発見,89
5783,0.0555,-12.4147,0.0000,経路未発見,30
5784,0.0555,-12.4413,0.0000,経路未発見,76
5785,0.0554,-12.4560,0.0000,経路未発見,53
5786,0.0554,-12.3453,0.0000,経路未発見,34
5787,0.0554,-12.4987,0.0000,経路未発見,47
5788,0.0554,-12.3760,0.0000,経路未発見,24
5789,0.0553,-12.3867,0.0000,経路未発見,33
5790,0.0553,-12.3973,0.0000,経路未発見,36
5791,0.0553,-12.2947,0.0000,経路未発見,47
5792,0.0552,-12.4467,0.0000,経路未発見,71
5793,0.0552,-12.4440,0.0000,経路未発見,41
5794,0.0552,-12.4667,0.0000,経路未発見,57
5795,0.0552,-12.5320,0.0000,経路未発見,49
5796,0.0551,-12.5653,0.0000,経路未発見,102
5797,0.0551,-12.4173,0.0000,経路未発見,76
5798,0.0551,-12.3040,0.0000,経路未発見,43
5799,0.0550,-12.2947,0.0000,経路未発見,60
5800,0.0550,-12.2893,0.0000,経路未発見,33
5801,0.0550,-12.1267,0.0000,経路未発見,19
5802,0.0550,-12.0840,0.0000,経路未発見,48
5803,0.0549,-12.1693,0.0000,経路未発見,78
5804,0.0549,-12.3080,0.0000,経路未発見,45
5805,0.0549,-12.2600,0.0000,経路未発見,37
5806,0.0549,-12.2547,0.0000,経路未発見,40
5807,0.0548,-12.2547,0.0000,経路未発見,35
5808,0.0548,-12.1693,0.0000,経路未発見,70
5809,0.0548,-12.2387,0.0000,経路未発見,38
5810,0.0547,-12.1800,0.0000,経路未発見,29
5811,0.0547,-12.1027,0.0000,経路未発見,27
5812,0.0547,-11.9947,0.0000,経路未発見,33
5813,0.0547,-11.9987,0.0000,経路未発見,50
5814,0.0546,-11.9960,0.0000,経路未発見,75
5815,0.0546,-12.0360,0.0000,経路未発見,37
5816,0.0546,-12.0027,0.0000,経路未発見,23
5817,0.0546,-11.8093,0.0000,経路未発見,38
5818,0.0545,-11.7987,0.0000,経路未発見,27
5819,0.0545,-11.8533,0.0000,経路未発見,57
5820,0.0545,-11.9107,0.0000,経路未発見,58
5821,0.0544,-11.8467,0.0000,経路未発見,30
5822,0.0544,-11.8133,0.0000,経路未発見,42
5823,0.0544,-11.9520,0.0000,経路未発見,80
5824,0.0544,-12.0173,0.0000,経路未発見,42
5825,0.0543,-11.8853,0.0000,経路未発見,49
5826,0.0543,-11.7480,0.0000,経路未発見,28
5827,0.0543,-11.8400,0.0000,経路未発見,53
5828,0.0543,-11.8253,0.0000,経路未発見,30
5829,0.0542,-11.9280,0.0000,経路未発見,66
5830,0.0542,-11.9600,0.0000,経路未発見,38
5831,0.0542,-12.0920,0.0000,経路未発見,67
5832,0.0541,-12.0867,0.0000,経路未発見,36
5833,0.0541,-12.0387,0.0000,経路未発見,38
5834,0.0541,-11.9547,0.0000,経路未発見,106
5835,0.0541,-12.1067,0.0000,経路未発見,56
5836,0.0540,-12.1480,0.0000,経路未発見,39
5837,0.0540,-12.1147,0.0000,経路未発見,28
5838,0.0540,-12.3560,0.0000,経路未発見,45
5839,0.0540,-12.3040,0.0000,経路未発見,39
5840,0.0539,-12.3627,0.0000,経路未発見,42
5841,0.0539,-12.4240,0.0000,経路未発見,87
5842,0.0539,-12.4427,0.0000,経路未発見,36
5843,0.0539,-12.4440,0.0000,経路未発見,62
5844,0.0538,-12.5080,0.0000,経路未発見,108
5845,0.0538,-12.4880,0.0000,経路未発見,47
5846,0.0538,-12.5080,0.0000,経路未発見,28
5847,0.0537,-12.5360,0.0000,経路未発見,49
5848,0.0537,-12.6587,0.0000,経路未発見,34
5849,0.0537,-12.6027,0.0000,経路未発見,34
5850,0.0537,-12.5027,0.0000,経路未発見,31
5851,0.0536,-12.6840,0.0000,経路未発見,125
5852,0.0536,-12.6147,0.0000,経路未発見,52
5853,0.0536,-12.5093,0.0000,経路未発見,41
5854,0.0536,-12.5200,0.0000,経路未発見,89
5855,0.0535,-12.6227,0.0000,経路未発見,56
5856,0.0535,-12.6427,0.0000,経路未発見,48
5857,0.0535,-12.5160,0.0000,経路未発見,26
5858,0.0534,-12.6360,0.0000,経路未発見,74
5859,0.0534,-12.5587,0.0000,経路未発見,42
5860,0.0534,-12.5067,0.0000,経路未発見,39
5861,0.0534,-12.5773,0.0000,経路未発見,68
5862,0.0533,-12.6320,0.0000,経路未発見,40
5863,0.0533,-12.6627,0.0000,経路未発見,70
5864,0.0533,-12.5867,0.0000,経路未発見,21
5865,0.0533,-12.4387,0.0000,経路未発見,31
5866,0.0532,-12.4653,0.0000,経路未発見,75
5867,0.0532,-12.5507,0.0000,経路未発見,54
5868,0.0532,-12.3867,0.0000,経路未発見,28
5869,0.0532,-12.4467,0.0000,経路未発見,33
5870,0.0531,-12.4280,0.0000,経路未発見,36
5871,0.0531,-12.3640,0.0000,経路未発見,29
5872,0.0531,-12.3560,0.0000,経路未発見,45
5873,0.0530,-12.3547,0.0000,経路未発見,50
5874,0.0530,-12.2440,0.0000,経路未発見,41
5875,0.0530,-12.2720,0.0000,経路未発見,51
5876,0.0530,-12.3280,0.0000,経路未発見,39
5877,0.0529,-12.3973,0.0000,経路未発見,68
5878,0.0529,-12.3160,0.0000,経路未発見,48
5879,0.0529,-12.4187,0.0000,経路未発見,80
5880,0.0529,-12.4853,0.0000,経路未発見,46
5881,0.0528,-12.4160,0.0000,経路未発見,69
5882,0.0528,-12.4280,0.0000,経路未発見,63
5883,0.0528,-12.4240,0.0000,経路未発見,40
5884,0.0528,-12.3893,0.0000,経路未発見,43
5885,0.0527,-12.2773,0.0000,経路未発見,28
5886,0.0527,-12.2827,0.0000,経路未発見,41
5887,0.0527,-12.3120,0.0000,経路未発見,25
5888,0.0527,-12.2160,0.0000,経路未発見,48
5889,0.0526,-12.1587,0.0000,経路未発見,28
5890,0.0526,-12.1840,0.0000,経路未発見,41
5891,0.0526,-12.0840,0.0000,経路未発見,55
5892,0.0525,-12.0053,0.0000,経路未発見,45
5893,0.0525,-11.9360,0.0000,経路未発見,41
5894,0.0525,-11.9640,0.0000,経路未発見,44
5895,0.0525,-11.9280,0.0000,経路未発見,25
5896,0.0524,-11.8960,0.0000,経路未発見,42
5897,0.0524,-11.9693,0.0000,経路未発見,68
5898,0.0524,-12.0040,0.0000,経路未発見,35
5899,0.0524,-12.0800,0.0000,経路未発見,70
5900,0.0523,-12.1240,0.0000,経路未発見,104
5901,0.0523,-12.1520,0.0000,経路未発見,49
5902,0.0523,-12.1680,0.0000,経路未発見,38
5903,0.0523,-12.2800,0.0000,経路未発見,92
5904,0.0522,-12.2760,0.0000,経路未発見,51
5905,0.0522,-12.2507,0.0000,経路未発見,41
5906,0.0522,-12.2880,0.0000,経路未発見,95
5907,0.0522,-12.2587,0.0000,経路未発見,54
5908,0.0521,-12.2787,0.0000,経路未発見,31
5909,0.0521,-12.1840,0.0000,経路未発見,36
5910,0.0521,-12.1293,0.0000,経路未発見,45
5911,0.0521,-12.2267,0.0000,経路未発見,100
5912,0.0520,-11.8320,0.0333,経路未発見,114
5913,0.0520,-11.8880,0.0333,経路未発見,48
5914,0.0520,-11.9720,0.0333,経路未発見,94
5915,0.0519,-12.1813,0.0333,経路未発見,140
5916,0.0519,-12.2427,0.0333,経路未発見,53
5917,0.0519,-12.2827,0.0333,経路未発見,43
5918,0.0519,-12.2960,0.0333,経路未発見,78
5919,0.0518,-12.2720,0.0333,経路未発見,22
5920,0.0518,-12.2667,0.0333,経路未発見,37
5921,0.0518,-12.2253,0.0333,経路未発見,45
5922,0.0518,-12.3307,0.0333,経路未発見,74
5923,0.0517,-12.3747,0.0333,経路未発見,38
5924,0.0517,-12.3773,0.0333,経路未発見,38
5925,0.0517,-12.4267,0.0333,経路未発見,52
5926,0.0517,-12.4560,0.0333,経路未発見,73
5927,0.0516,-12.4067,0.0333,経路未発見,56
5928,0.0516,-12.4733,0.0333,経路未発見,62
5929,0.0516,-12.3240,0.0333,経路未発見,33
5930,0.0516,-12.3427,0.0333,経路未発見,58
5931,0.0515,-12.3707,0.0333,経路未発見,56
5932,0.0515,-12.3640,0.0333,経路未発見,46
5933,0.0515,-12.2880,0.0333,経路未発見,37
5934,0.0515,-12.2600,0.0333,経路未発見,59
5935,0.0514,-12.3240,0.0333,経路未発見,83
5936,0.0514,-12.3320,0.0333,経路未発見,89
5937,0.0514,-12.3080,0.0333,経路未発見,49
5938,0.0514,-12.3587,0.0333,経路未発見,46
5939,0.0513,-12.4440,0.0333,経路未発見,94
5940,0.0513,-12.4347,0.0333,経路未発見,33
5941,0.0513,-12.3720,0.0333,経路未発見,67
5942,0.0513,-12.7707,0.0000,経路未発見,64
5943,0.0512,-12.6680,0.0000,経路未発見,30
5944,0.0512,-12.5027,0.0000,経路未発見,50
5945,0.0512,-12.3653,0.0000,経路未発見,67
5946,0.0511,-12.2853,0.0000,経路未発見,31
5947,0.0511,-12.3320,0.0000,経路未発見,53
5948,0.0511,-12.3440,0.0000,経路未発見,38
5949,0.0511,-12.4213,0.0000,経路未発見,84
5950,0.0510,-12.4227,0.0000,経路未発見,37
5951,0.0510,-12.4347,0.0000,経路未発見,69
5952,0.0510,-12.4533,0.0000,経路未発見,59
5953,0.0510,-12.5347,0.0000,経路未発見,83
5954,0.0509,-12.5587,0.0000,経路未発見,49
5955,0.0509,-12.6347,0.0000,経路未発見,57
5956,0.0509,-12.7933,0.0000,経路未発見,76
5957,0.0509,-12.8373,0.0000,経路未発見,92
5958,0.0508,-12.9160,0.0000,経路未発見,57
5959,0.0508,-12.9480,0.0000,経路未発見,65
5960,0.0508,-12.9173,0.0000,経路未発見,48
5961,0.0508,-12.9760,0.0000,経路未発見,42
5962,0.0507,-12.9613,0.0000,経路未発見,45
5963,0.0507,-12.9333,0.0000,経路未発見,37
5964,0.0507,-13.0093,0.0000,経路未発見,81
5965,0.0507,-12.9867,0.0000,経路未発見,44
5966,0.0506,-12.9027,0.0000,経路未発見,39
5967,0.0506,-12.9413,0.0000,経路未発見,42
5968,0.0506,-12.9227,0.0000,経路未発見,47
5969,0.0506,-12.8853,0.0000,経路未発見,50
5970,0.0505,-12.9067,0.0000,経路未発見,49
5971,0.0505,-12.1253,0.0333,経路未発見,87
5972,0.0505,-12.0787,0.0333,経路未発見,30
5973,0.0505,-12.0680,0.0333,経路未発見,37
5974,0.0504,-12.1053,0.0333,経路未発見,32
5975,0.0504,-12.0493,0.0333,経路未発見,32
5976,0.0504,-12.0773,0.0333,経路未発見,31
5977,0.0504,-12.0213,0.0333,経路未発見,42
5978,0.0503,-11.9493,0.0333,経路未発見,31
5979,0.0503,-12.0107,0.0333,経路未発見,69
5980,0.0503,-12.0507,0.0333,経路未発見,47
5981,0.0503,-12.1640,0.0333,経路未発見,70
5982,0.0502,-12.0333,0.0333,経路未発見,34
5983,0.0502,-11.9320,0.0333,経路未発見,36
5984,0.0502,-11.9787,0.0333,経路未発見,83
5985,0.0502,-11.9053,0.0333,経路未発見,35
5986,0.0501,-11.8147,0.0333,経路未発見,132
5987,0.0501,-11.6880,0.0333,経路未発見,40
5988,0.0501,-11.5373,0.0333,経路未発見,46
5989,0.0501,-12.2107,0.0667,経路未発見,193
5990,0.0500,-12.2133,0.0667,経路未発見,42
5991,0.0500,-12.1893,0.0667,経路未発見,79
5992,0.0500,-12.2200,0.0667,経路未発見,32
5993,0.0500,-12.2947,0.0667,経路未発見,123
5994,0.0499,-12.2453,0.0667,経路未発見,60
5995,0.0499,-12.2240,0.0667,経路未発見,47
5996,0.0499,-12.2853,0.0667,経路未発見,62
5997,0.0499,-12.2440,0.0667,経路未発見,40
5998,0.0498,-12.1840,0.0667,経路未発見,38
5999,0.0498,-12.1027,0.0667,経路未発見,25
6000,0.0498,-12.1787,0.0667,経路未発見,42
6001,0.0498,-12.9507,0.0333,経路未発見,46
6002,0.0497,-12.4280,0.0667,経路未発見,100
6003,0.0497,-12.4547,0.0667,経路未発見,34
6004,0.0497,-12.5280,0.0667,経路未発見,46
6005,0.0497,-12.5627,0.0667,経路未発見,70
6006,0.0496,-12.6733,0.0667,経路未発見,94
6007,0.0496,-12.6827,0.0667,経路未発見,47
6008,0.0496,-12.8400,0.0667,経路未発見,100
6009,0.0496,-12.9680,0.0667,経路未発見,78
6010,0.0495,-13.0453,0.0667,経路未発見,47
6011,0.0495,-12.8813,0.0667,経路未発見,30
6012,0.0495,-12.8987,0.0667,経路未発見,41
6013,0.0495,-12.8867,0.0667,経路未発見,41
6014,0.0494,-12.8400,0.0667,経路未発見,41
6015,0.0494,-12.8053,0.0667,経路未発見,28
6016,0.0494,-12.6827,0.0667,経路未発見,40
6017,0.0494,-12.7747,0.0667,経路未発見,74
6018,0.0493,-12.8040,0.0667,経路未発見,26
6019,0.0493,-12.1400,0.0333,経路未発見,58
6020,0.0493,-12.1320,0.0333,経路未発見,60
6021,0.0493,-12.1333,0.0333,経路未発見,97
6022,0.0492,-12.1560,0.0333,経路未発見,42
6023,0.0492,-12.0627,0.0333,経路未発見,38
6024,0.0492,-12.0267,0.0333,経路未発見,42
6025,0.0492,-12.0453,0.0333,経路未発見,41
6026,0.0491,-12.1040,0.0333,経路未発見,41
6027,0.0491,-12.1440,0.0333,経路未発見,63
6028,0.0491,-12.1240,0.0333,経路未発見,33
6029,0.0491,-11.6693,0.0667,経路未発見,181
6030,0.0490,-11.6573,0.0667,経路未発見,93
6031,0.0490,-11.5200,0.0667,経路未発見,26
6032,0.0490,-12.0533,0.0333,経路未発見,101
6033,0.0490,-12.0853,0.0333,経路未発見,50
6034,0.0489,-11.9947,0.0333,経路未発見,55
6035,0.0489,-12.0133,0.0333,経路未発見,41
6036,0.0489,-11.8693,0.0333,経路未発見,31
6037,0.0489,-11.9173,0.0333,経路未発見,89
6038,0.0488,-11.7893,0.0333,経路未発見,33
6039,0.0488,-11.7227,0.0333,経路未発見,110
6040,0.0488,-11.6907,0.0333,経路未発見,42
6041,0.0488,-11.7773,0.0333,経路未発見,46
6042,0.0488,-11.8453,0.0333,経路未発見,60
6043,0.0487,-11.7933,0.0333,経路未発見,27
6044,0.0487,-11.8320,0.0333,経路未発見,68
6045,0.0487,-11.8587,0.0333,経路未発見,40
6046,0.0487,-11.9213,0.0333,経路未発見,51
6047,0.0486,-11.8453,0.0333,経路未発見,33
6048,0.0486,-11.8813,0.0333,経路未発見,43
6049,0.0486,-11.9440,0.0333,経路未発見,54
6050,0.0486,-11.9920,0.0333,経路未発見,38
6051,0.0485,-11.9213,0.0333,経路未発見,41
6052,0.0485,-12.0253,0.0333,経路未発見,63
6053,0.0485,-12.0440,0.0333,経路未発見,37
6054,0.0485,-12.1493,0.0333,経路未発見,46
6055,0.0484,-12.0787,0.0333,経路未発見,36
6056,0.0484,-11.2880,0.0667,経路未発見,98
6057,0.0484,-11.2733,0.0667,経路未発見,34
6058,0.0484,-11.2800,0.0667,経路未発見,40
6059,0.0483,-11.7280,0.0333,経路未発見,22
6060,0.0483,-11.7107,0.0333,経路未発見,39
6061,0.0483,-11.7707,0.0333,経路未発見,31
6062,0.0483,-11.7520,0.0333,経路未発見,68
6063,0.0482,-11.7147,0.0333,経路未発見,45
6064,0.0482,-11.7267,0.0333,経路未発見,71
6065,0.0482,-11.6707,0.0333,経路未発見,34
6066,0.0482,-11.7667,0.0333,経路未発見,100
6067,0.0481,-11.7973,0.0333,経路未発見,50
6068,0.0481,-11.9440,0.0333,経路未発見,85
6069,0.0481,-11.8440,0.0333,経路未発見,48
6070,0.0481,-11.8333,0.0333,経路未発見,108
6071,0.0480,-11.8653,0.0333,経路未発見,40
6072,0.0480,-11.7680,0.0333,経路未発見,31
6073,0.0480,-11.8387,0.0333,経路未発見,47
6074,0.0480,-11.8067,0.0333,経路未発見,76
6075,0.0480,-11.8547,0.0333,経路未発見,50
6076,0.0479,-11.8027,0.0333,経路未発見,44
6077,0.0479,-11.8973,0.0333,経路未発見,40
6078,0.0479,-11.8293,0.0333,経路未発見,36
6079,0.0479,-11.7493,0.0333,経路未発見,56
6080,0.0478,-11.7040,0.0333,経路未発見,47
6081,0.0478,-11.6880,0.0333,経路未発見,33
6082,0.0478,-11.5053,0.0333,経路未発見,28
6083,0.0478,-11.5680,0.0333,経路未発見,60
6084,0.0477,-11.4787,0.0333,経路未発見,43
6085,0.0477,-11.5880,0.0333,経路未発見,105
6086,0.0477,-12.2827,0.0000,経路未発見,49
6087,0.0477,-12.2360,0.0000,経路未発見,51
6088,0.0476,-12.2493,0.0000,経路未発見,42
6089,0.0476,-12.3387,0.0000,経路未発見,37
6090,0.0476,-12.2907,0.0000,経路未発見,27
6091,0.0476,-12.2360,0.0000,経路未発見,30
6092,0.0475,-12.2093,0.0000,経路未発見,28
6093,0.0475,-12.2413,0.0000,経路未発見,35
6094,0.0475,-12.3880,0.0000,経路未発見,105
6095,0.0475,-12.4480,0.0000,経路未発見,31
6096,0.0475,-12.3133,0.0000,経路未発見,23
6097,0.0474,-12.2253,0.0000,経路未発見,42
6098,0.0474,-12.0653,0.0000,経路未発見,23
6099,0.0474,-12.0920,0.0000,経路未発見,42
6100,0.0474,-12.0933,0.0000,経路未発見,92
6101,0.0473,-11.9987,0.0000,経路未発見,60
6102,0.0473,-12.0400,0.0000,経路未発見,40
6103,0.0473,-12.1227,0.0000,経路未発見,44
6104,0.0473,-12.1680,0.0000,経路未発見,40
6105,0.0472,-12.1600,0.0000,経路未発見,51
6106,0.0472,-12.1960,0.0000,経路未発見,46
6107,0.0472,-12.0787,0.0000,経路未発見,33
6108,0.0472,-12.1853,0.0000,経路未発見,47
6109,0.0471,-12.1760,0.0000,経路未発見,42
6110,0.0471,-12.2880,0.0000,経路未発見,100
6111,0.0471,-12.3053,0.0000,経路未発見,36
6112,0.0471,-12.3373,0.0000,経路未発見,44
6113,0.0471,-12.1413,0.0000,経路未発見,68
6114,0.0470,-12.1920,0.0000,経路未発見,38
6115,0.0470,-12.1093,0.0000,経路未発見,37
6116,0.0470,-12.1880,0.0000,経路未発見,57
6117,0.0470,-12.2080,0.0000,経路未発見,37
6118,0.0469,-12.1947,0.0000,経路未発見,32
6119,0.0469,-12.0973,0.0000,経路未発見,20
6120,0.0469,-12.0987,0.0000,経路未発見,37
6121,0.0469,-12.2067,0.0000,経路未発見,47
6122,0.0468,-12.2080,0.0000,経路未発見,27
6123,0.0468,-12.1840,0.0000,経路未発見,36
6124,0.0468,-12.0400,0.0000,経路未発見,37
6125,0.0468,-11.9573,0.0000,経路未発見,23
6126,0.0467,-12.1227,0.0000,経路未発見,58
6127,0.0467,-12.1187,0.0000,経路未発見,41
6128,0.0467,-12.1360,0.0000,経路未発見,38
6129,0.0467,-12.0893,0.0000,経路未発見,75
6130,0.0467,-12.0587,0.0000,経路未発見,50
6131,0.0466,-12.0960,0.0000,経路未発見,53
6132,0.0466,-12.1907,0.0000,経路未発見,48
6133,0.0466,-12.3027,0.0000,経路未発見,122
6134,0.0466,-12.2253,0.0000,経路未発見,43
6135,0.0465,-12.2667,0.0000,経路未発見,49
6136,0.0465,-12.2227,0.0000,経路未発見,50
6137,0.0465,-12.2560,0.0000,経路未発見,37
6138,0.0465,-12.1480,0.0000,経路未発見,37
6139,0.0464,-12.1813,0.0000,経路未発見,54
6140,0.0464,-12.1253,0.0000,経路未発見,38
6141,0.0464,-11.4187,0.0333,経路未発見,74
6142,0.0464,-11.5333,0.0333,経路未発見,62
6143,0.0463,-11.6987,0.0333,経路未発見,42
6144,0.0463,-11.6453,0.0333,経路未発見,60
6145,0.0463,-11.6213,0.0333,経路未発見,50
6146,0.0463,-11.6227,0.0333,経路未発見,40
6147,0.0463,-11.6307,0.0333,経路未発見,43
6148,0.0462,-11.6880,0.0333,経路未発見,50
6149,0.0462,-11.8280,0.0333,経路未発見,34
6150,0.0462,-11.7987,0.0333,経路未発見,38
6151,0.0462,-11.7533,0.0333,経路未発見,52
6152,0.0461,-11.7960,0.0333,経路未発見,55
6153,0.0461,-11.9267,0.0333,経路未発見,63
6154,0.0461,-11.9427,0.0333,経路未発見,34
6155,0.0461,-12.0160,0.0333,経路未発見,30
6156,0.0460,-11.8867,0.0333,経路未発見,36
6157,0.0460,-11.9147,0.0333,経路未発見,37
6158,0.0460,-11.9733,0.0333,経路未発見,43
6159,0.0460,-11.9760,0.0333,経路未発見,41
6160,0.0460,-12.0333,0.0333,経路未発見,42
6161,0.0459,-12.0027,0.0333,経路未発見,35
6162,0.0459,-11.9160,0.0333,経路未発見,70
6163,0.0459,-11.7413,0.0333,経路未発見,44
6164,0.0459,-11.7480,0.0333,経路未発見,67
6165,0.0458,-11.6253,0.0333,経路未発見,27
6166,0.0458,-11.6680,0.0333,経路未発見,47
6167,0.0458,-11.6893,0.0333,経路未発見,49
6168,0.0458,-11.7333,0.0333,経路未発見,41
6169,0.0458,-11.8707,0.0333,経路未発見,84
6170,0.0457,-11.8653,0.0333,経路未発見,54
6171,0.0457,-12.5587,0.0000,経路未発見,30
6172,0.0457,-12.4760,0.0000,経路未発見,30
6173,0.0457,-12.5973,0.0000,経路未発見,82
6174,0.0456,-12.5813,0.0000,経路未発見,36
6175,0.0456,-12.5733,0.0000,経路未発見,29
6176,0.0456,-12.4547,0.0000,経路未発見,30
6177,0.0456,-12.3787,0.0000,経路未発見,27
6178,0.0455,-12.3680,0.0000,経路未発見,46
6179,0.0455,-12.3813,0.0000,経路未発見,82
6180,0.0455,-12.4000,0.0000,経路未発見,26
6181,0.0455,-12.3760,0.0000,経路未発見,34
6182,0.0455,-12.3600,0.0000,経路未発見,39
6183,0.0454,-12.1587,0.0000,経路未発見,28
6184,0.0454,-12.1000,0.0000,経路未発見,106
6185,0.0454,-12.0667,0.0000,経路未発見,45
6186,0.0454,-12.1507,0.0000,経路未発見,47
6187,0.0453,-12.1987,0.0000,経路未発見,57
6188,0.0453,-12.2560,0.0000,経路未発見,46
6189,0.0453,-12.3800,0.0000,経路未発見,44
6190,0.0453,-12.2213,0.0000,経路未発見,25
6191,0.0453,-12.2587,0.0000,経路未発見,48
6192,0.0452,-12.1933,0.0000,経路未発見,27
6193,0.0452,-12.1773,0.0000,経路未発見,44
6194,0.0452,-12.1867,0.0000,経路未発見,36
6195,0.0452,-12.2880,0.0000,経路未発見,49
6196,0.0451,-12.3080,0.0000,経路未発見,41
6197,0.0451,-12.2280,0.0000,経路未発見,24
6198,0.0451,-12.2173,0.0000,経路未発見,56
6199,0.0451,-12.1240,0.0000,経路未発見,43
6200,0.0450,-11.9933,0.0000,経路未発見,25
6201,0.0450,-12.0147,0.0000,経路未発見,38
6202,0.0450,-11.9800,0.0000,経路未発見,42
6203,0.0450,-11.8480,0.0000,経路未発見,34
6204,0.0450,-11.9867,0.0000,経路未発見,111
6205,0.0449,-12.0000,0.0000,経路未発見,50
6206,0.0449,-12.0573,0.0000,経路未発見,52
6207,0.0449,-12.1587,0.0000,経路未発見,64
6208,0.0449,-12.1627,0.0000,経路未発見,70
6209,0.0448,-12.0480,0.0000,経路未発見,35
6210,0.0448,-12.0693,0.0000,経路未発見,57
6211,0.0448,-12.0760,0.0000,経路未発見,29
6212,0.0448,-12.0373,0.0000,経路未発見,24
6213,0.0448,-12.0933,0.0000,経路未発見,46
6214,0.0447,-12.1280,0.0000,経路未発見,35
6215,0.0447,-12.1947,0.0000,経路未発見,42
6216,0.0447,-12.1040,0.0000,経路未発見,37
6217,0.0447,-12.0520,0.0000,経路未発見,39
6218,0.0446,-11.9573,0.0000,経路未発見,35
6219,0.0446,-11.8693,0.0000,経路未発見,47
6220,0.0446,-11.9573,0.0000,経路未発見,40
6221,0.0446,-11.9760,0.0000,経路未発見,47
6222,0.0446,-12.0560,0.0000,経路未発見,41
6223,0.0445,-11.9920,0.0000,経路未発見,31
6224,0.0445,-12.0227,0.0000,経路未発見,38
6225,0.0445,-12.0373,0.0000,経路未発見,43
6226,0.0445,-11.9547,0.0000,経路未発見,33
6227,0.0444,-12.0907,0.0000,経路未発見,52
6228,0.0444,-12.0960,0.0000,経路未発見,45
6229,0.0444,-12.0040,0.0000,経路未発見,33
6230,0.0444,-12.0667,0.0000,経路未発見,39
6231,0.0444,-12.2173,0.0000,経路未発見,65
6232,0.0443,-12.2693,0.0000,経路未発見,64
6233,0.0443,-12.2213,0.0000,経路未発見,36
6234,0.0443,-12.1613,0.0000,経路未発見,63
6235,0.0443,-12.1787,0.0000,経路未発見,95
6236,0.0442,-12.2120,0.0000,経路未発見,56
6237,0.0442,-12.1587,0.0000,経路未発見,32
6238,0.0442,-12.2827,0.0000,経路未発見,129
6239,0.0442,-12.3680,0.0000,経路未発見,60
6240,0.0442,-12.4067,0.0000,経路未発見,53
6241,0.0441,-12.3920,0.0000,経路未発見,32
6242,0.0441,-12.6240,0.0000,経路未発見,115
6243,0.0441,-12.6907,0.0000,経路未発見,99
6244,0.0441,-12.8013,0.0000,経路未発見,78
6245,0.0440,-12.7653,0.0000,経路未発見,47
6246,0.0440,-12.7640,0.0000,経路未発見,34
6247,0.0440,-12.7707,0.0000,経路未発見,42
6248,0.0440,-12.8627,0.0000,経路未発見,44
6249,0.0440,-12.8600,0.0000,経路未発見,53
6250,0.0439,-12.9280,0.0000,経路未発見,68
6251,0.0439,-12.9507,0.0000,経路未発見,73
6252,0.0439,-12.8960,0.0000,経路未発見,32
6253,0.0439,-12.9253,0.0000,経路未発見,45
6254,0.0438,-12.8747,0.0000,経路未発見,27
6255,0.0438,-12.7853,0.0000,経路未発見,39
6256,0.0438,-12.7680,0.0000,経路未発見,26
6257,0.0438,-12.8053,0.0000,経路未発見,105
6258,0.0438,-12.8653,0.0000,経路未発見,50
6259,0.0437,-12.9493,0.0000,経路未発見,72
6260,0.0437,-12.9653,0.0000,経路未発見,36
6261,0.0437,-12.8333,0.0000,経路未発見,37
6262,0.0437,-12.8520,0.0000,経路未発見,67
6263,0.0436,-12.8840,0.0000,経路未発見,37
6264,0.0436,-12.9000,0.0000,経路未発見,36
6265,0.0436,-12.9107,0.0000,経路未発見,35
6266,0.0436,-12.9200,0.0000,経路未発見,42
6267,0.0436,-12.9893,0.0000,経路未発見,34
6268,0.0435,-12.8800,0.0000,経路未発見,44
6269,0.0435,-12.8640,0.0000,経路未発見,38
6270,0.0435,-12.9413,0.0000,経路未発見,77
6271,0.0435,-13.0320,0.0000,経路未発見,62
6272,0.0435,-12.8400,0.0000,経路未発見,34
6273,0.0434,-12.8560,0.0000,経路未発見,71
6274,0.0434,-12.8147,0.0000,経路未発見,45
6275,0.0434,-12.7627,0.0000,経路未発見,37
6276,0.0434,-12.9293,0.0000,経路未発見,123
6277,0.0433,-12.9293,0.0000,経路未発見,43
6278,0.0433,-12.8880,0.0000,経路未発見,65
6279,0.0433,-12.7773,0.0000,経路未発見,22
6280,0.0433,-12.6453,0.0000,経路未発見,35
6281,0.0433,-12.6320,0.0000,経路未発見,60
6282,0.0432,-12.6240,0.0000,経路未発見,34
6283,0.0432,-12.6600,0.0000,経路未発見,36
6284,0.0432,-12.7480,0.0000,経路未発見,59
6285,0.0432,-12.8453,0.0000,経路未発見,49
6286,0.0432,-12.9653,0.0000,経路未発見,74
6287,0.0431,-12.8520,0.0000,経路未発見,40
6288,0.0431,-12.8880,0.0000,経路未発見,103
6289,0.0431,-12.8707,0.0000,経路未発見,44
6290,0.0431,-12.7907,0.0000,経路未発見,30
6291,0.0430,-12.8320,0.0000,経路未発見,94
6292,0.0430,-12.7653,0.0000,経路未発見,43
6293,0.0430,-12.7333,0.0000,経路未発見,40
6294,0.0430,-11.9720,0.0333,経路未発見,85
6295,0.0430,-12.0627,0.0333,経路未発見,83
6296,0.0429,-11.9560,0.0333,経路未発見,27
6297,0.0429,-11.9120,0.0333,経路未発見,45
6298,0.0429,-11.8653,0.0333,経路未発見,74
6299,0.0429,-11.8573,0.0333,経路未発見,82
6300,0.0428,-11.6960,0.0333,経路未発見,34
6301,0.0428,-11.5653,0.0333,経路未発見,29
6302,0.0428,-11.6040,0.0333,経路未発見,42
6303,0.0428,-11.5787,0.0333,経路未発見,45
6304,0.0428,-11.4853,0.0333,経路未発見,40
6305,0.0427,-11.4707,0.0333,経路未発見,28
6306,0.0427,-11.3267,0.0333,経路未発見,45
6307,0.0427,-11.4373,0.0333,経路未発見,70
6308,0.0427,-11.4693,0.0333,経路未発見,59
6309,0.0427,-11.5173,0.0333,経路未発見,42
6310,0.0426,-11.5827,0.0333,経路未発見,40
6311,0.0426,-11.4987,0.0333,経路未発見,33
6312,0.0426,-11.5853,0.0333,経路未発見,60
6313,0.0426,-11.5133,0.0333,経路未発見,28
6314,0.0426,-11.5280,0.0333,経路未発見,59
6315,0.0425,-11.4347,0.0333,経路未発見,29
6316,0.0425,-11.3213,0.0333,経路未発見,29
6317,0.0425,-11.3987,0.0333,経路未発見,36
6318,0.0425,-11.2093,0.0333,経路未発見,18
6319,0.0424,-11.1653,0.0333,経路未発見,44
6320,0.0424,-11.3467,0.0333,経路未発見,131
6321,0.0424,-11.2760,0.0333,経路未発見,38
6322,0.0424,-11.3773,0.0333,経路未発見,46
6323,0.0424,-11.3747,0.0333,経路未発見,34
6324,0.0423,-12.0827,0.0000,経路未発見,78
6325,0.0423,-11.9480,0.0000,経路未発見,38
6326,0.0423,-11.9413,0.0000,経路未発見,28
6327,0.0423,-11.9973,0.0000,経路未発見,53
6328,0.0423,-12.0627,0.0000,経路未発見,55
6329,0.0422,-12.0507,0.0000,経路未発見,51
6330,0.0422,-12.0627,0.0000,経路未発見,49
6331,0.0422,-12.2320,0.0000,経路未発見,55
6332,0.0422,-12.2733,0.0000,経路未発見,73
6333,0.0421,-12.1720,0.0000,経路未発見,27
6334,0.0421,-12.2427,0.0000,経路未発見,53
6335,0.0421,-12.2800,0.0000,経路未発見,33
6336,0.0421,-12.2800,0.0000,経路未発見,35
6337,0.0421,-12.1640,0.0000,経路未発見,54
6338,0.0420,-12.0893,0.0000,経路未発見,41
6339,0.0420,-12.0640,0.0000,経路未発見,33
6340,0.0420,-12.1360,0.0000,経路未発見,113
6341,0.0420,-12.1720,0.0000,経路未発見,39
6342,0.0420,-12.1440,0.0000,経路未発見,51
6343,0.0419,-12.2240,0.0000,経路未発見,38
6344,0.0419,-12.2080,0.0000,経路未発見,86
6345,0.0419,-12.1667,0.0000,経路未発見,23
6346,0.0419,-12.1760,0.0000,経路未発見,34
6347,0.0419,-12.0827,0.0000,経路未発見,32
6348,0.0418,-12.1133,0.0000,経路未発見,27
6349,0.0418,-12.1600,0.0000,経路未発見,62
6350,0.0418,-12.0000,0.0000,経路未発見,34
6351,0.0418,-12.0133,0.0000,経路未発見,22
6352,0.0417,-11.9813,0.0000,経路未発見,41
6353,0.0417,-12.0333,0.0000,経路未発見,37
6354,0.0417,-12.0320,0.0000,経路未発見,36
6355,0.0417,-12.1373,0.0000,経路未発見,42
6356,0.0417,-12.1680,0.0000,経路未発見,41
6357,0.0416,-12.1653,0.0000,経路未発見,44
6358,0.0416,-12.1240,0.0000,経路未発見,69
6359,0.0416,-12.2227,0.0000,経路未発見,107
6360,0.0416,-12.2227,0.0000,経路未発見,34
6361,0.0416,-12.0907,0.0000,経路未発見,38
6362,0.0415,-12.0067,0.0000,経路未発見,33
6363,0.0415,-12.0067,0.0000,経路未発見,23
6364,0.0415,-12.0147,0.0000,経路未発見,43
6365,0.0415,-12.0133,0.0000,経路未発見,30
6366,0.0415,-11.9613,0.0000,経路未発見,24
6367,0.0414,-12.0200,0.0000,経路未発見,99
6368,0.0414,-11.9653,0.0000,経路未発見,21
6369,0.0414,-12.0760,0.0000,経路未発見,77
6370,0.0414,-11.9373,0.0000,経路未発見,25
6371,0.0414,-11.9933,0.0000,経路未発見,35
6372,0.0413,-11.9827,0.0000,経路未発見,51
6373,0.0413,-11.9053,0.0000,経路未発見,26
6374,0.0413,-11.8600,0.0000,経路未発見,37
6375,0.0413,-12.0013,0.0000,経路未発見,79
6376,0.0413,-11.9880,0.0000,経路未発見,28
6377,0.0412,-12.0413,0.0000,経路未発見,68
6378,0.0412,-12.0920,0.0000,経路未発見,53
6379,0.0412,-12.1160,0.0000,経路未発見,45
6380,0.0412,-12.2053,0.0000,経路未発見,49
6381,0.0411,-12.1720,0.0000,経路未発見,29
6382,0.0411,-12.1360,0.0000,経路未発見,60
6383,0.0411,-12.0493,0.0000,経路未発見,24
6384,0.0411,-12.0080,0.0000,経路未発見,30
6385,0.0411,-11.9360,0.0000,経路未発見,42
6386,0.0410,-11.9053,0.0000,経路未発見,28
6387,0.0410,-11.8693,0.0000,経路未発見,61
6388,0.0410,-11.8320,0.0000,経路未発見,40
6389,0.0410,-11.9987,0.0000,経路未発見,112
6390,0.0410,-12.0320,0.0000,経路未発見,34
6391,0.0409,-12.0387,0.0000,経路未発見,44
6392,0.0409,-12.2187,0.0000,経路未発見,125
6393,0.0409,-12.3053,0.0000,経路未発見,55
6394,0.0409,-12.1960,0.0000,経路未発見,27
6395,0.0409,-12.2000,0.0000,経路未発見,46
6396,0.0408,-12.2013,0.0000,経路未発見,23
6397,0.0408,-12.1640,0.0000,経路未発見,54
6398,0.0408,-12.4013,0.0000,経路未発見,61
6399,0.0408,-11.8973,0.0333,経路未発見,140
6400,0.0408,-11.9253,0.0333,経路未発見,36
6401,0.0407,-11.9000,0.0333,経路未発見,40
6402,0.0407,-11.8653,0.0333,経路未発見,25
6403,0.0407,-12.0067,0.0333,経路未発見,51
6404,0.0407,-12.0880,0.0333,経路未発見,70
6405,0.0407,-12.1000,0.0333,経路未発見,98
6406,0.0406,-12.2333,0.0333,経路未発見,72
6407,0.0406,-12.1467,0.0333,経路未発見,24
6408,0.0406,-12.1347,0.0333,経路未発見,31
6409,0.0406,-12.1840,0.0333,経路未発見,84
6410,0.0406,-12.1507,0.0333,経路未発見,49
6411,0.0405,-12.2013,0.0333,経路未発見,44
6412,0.0405,-12.1680,0.0333,経路未発見,32
6413,0.0405,-12.1813,0.0333,経路未発見,30
6414,0.0405,-12.2253,0.0333,経路未発見,38
6415,0.0405,-12.2520,0.0333,経路未発見,66
6416,0.0404,-12.2640,0.0333,経路未発見,27
6417,0.0404,-12.2200,0.0333,経路未発見,33
6418,0.0404,-12.2227,0.0333,経路未発見,31
6419,0.0404,-11.9360,0.0333,経路未発見,39
6420,0.0404,-11.8960,0.0333,経路未発見,38
6421,0.0403,-11.9213,0.0333,経路未発見,54
6422,0.0403,-11.7680,0.0333,経路未発見,34
6423,0.0403,-11.7453,0.0333,経路未発見,64
6424,0.0403,-11.8253,0.0333,経路未発見,69
6425,0.0403,-11.8333,0.0333,経路未発見,37
6426,0.0402,-11.9200,0.0333,経路未発見,32
6427,0.0402,-11.9773,0.0333,経路未発見,50
6428,0.0402,-11.2693,0.0667,経路未発見,112
6429,0.0402,-11.7733,0.0333,経路未発見,79
6430,0.0402,-11.7533,0.0333,経路未発見,27
6431,0.0401,-11.7413,0.0333,経路未発見,65
6432,0.0401,-11.7133,0.0333,経路未発見,25
6433,0.0401,-11.6773,0.0333,経路未発見,60
6434,0.0401,-11.5600,0.0333,経路未発見,31
6435,0.0401,-11.4733,0.0333,経路未発見,34
6436,0.0400,-11.3960,0.0333,経路未発見,47
6437,0.0400,-11.4280,0.0333,経路未発見,29
6438,0.0400,-11.4800,0.0333,経路未発見,45
6439,0.0400,-11.3733,0.0333,経路未発見,28
6440,0.0400,-11.3360,0.0333,経路未発見,76
6441,0.0399,-11.3773,0.0333,経路未発見,50
6442,0.0399,-11.3360,0.0333,経路未発見,30
6443,0.0399,-11.4227,0.0333,経路未発見,58
6444,0.0399,-11.4227,0.0333,経路未発見,57
6445,0.0399,-11.4173,0.0333,経路未発見,42
6446,0.0398,-11.5680,0.0333,経路未発見,58
6447,0.0398,-11.5533,0.0333,経路未発見,39
6448,0.0398,-11.6053,0.0333,経路未発見,40
6449,0.0398,-11.6027,0.0333,経路未発見,41
6450,0.0398,-12.1947,0.0333,経路未発見,157
6451,0.0397,-12.3200,0.0333,経路未発見,106
6452,0.0397,-12.3773,0.0333,経路未発見,90
6453,0.0397,-12.4080,0.0333,経路未発見,42
6454,0.0397,-12.4400,0.0333,経路未発見,66
6455,0.0397,-12.4200,0.0333,経路未発見,63
6456,0.0396,-12.3587,0.0333,経路未発見,72
6457,0.0396,-12.2907,0.0333,経路未発見,66
6458,0.0396,-12.7613,0.0000,経路未発見,29
6459,0.0396,-12.6773,0.0000,経路未発見,37
6460,0.0396,-12.6707,0.0000,経路未発見,27
6461,0.0395,-12.7120,0.0000,経路未発見,67
6462,0.0395,-12.7893,0.0000,経路未発見,44
6463,0.0395,-12.8267,0.0000,経路未発見,85
6464,0.0395,-12.9067,0.0000,経路未発見,65
6465,0.0395,-12.8640,0.0000,経路未発見,29
6466,0.0394,-12.8387,0.0000,経路未発見,61
6467,0.0394,-12.9253,0.0000,経路未発見,73
6468,0.0394,-12.9067,0.0000,経路未発見,34
6469,0.0394,-12.9053,0.0000,経路未発見,36
6470,0.0394,-12.8827,0.0000,経路未発見,33
6471,0.0393,-12.8000,0.0000,経路未発見,38
6472,0.0393,-12.8867,0.0000,経路未発見,54
6473,0.0393,-12.8573,0.0000,経路未発見,44
6474,0.0393,-12.8240,0.0000,経路未発見,57
6475,0.0393,-12.8693,0.0000,経路未発見,104
6476,0.0392,-12.7787,0.0000,経路未発見,87
6477,0.0392,-12.7613,0.0000,経路未発見,32
6478,0.0392,-12.7067,0.0000,経路未発見,36
6479,0.0392,-12.6840,0.0000,経路未発見,37
6480,0.0392,-12.0987,0.0000,経路未発見,38
6481,0.0391,-12.0187,0.0000,経路未発見,42
6482,0.0391,-11.9400,0.0000,経路未発見,45
6483,0.0391,-11.9253,0.0000,経路未発見,52
6484,0.0391,-11.9133,0.0000,経路未発見,85
6485,0.0391,-11.9853,0.0000,経路未発見,83
6486,0.0390,-12.0320,0.0000,経路未発見,46
6487,0.0390,-12.0307,0.0000,経路未発見,55
6488,0.0390,-12.0373,0.0000,経路未発見,28
6489,0.0390,-12.0413,0.0000,経路未発見,35
6490,0.0390,-12.0560,0.0000,経路未発見,44
6491,0.0389,-11.9680,0.0000,経路未発見,40
6492,0.0389,-11.9160,0.0000,経路未発見,34
6493,0.0389,-11.7760,0.0000,経路未発見,28
6494,0.0389,-11.7307,0.0000,経路未発見,49
6495,0.0389,-11.7907,0.0000,経路未発見,45
6496,0.0388,-11.8453,0.0000,経路未発見,61
6497,0.0388,-11.7720,0.0000,経路未発見,39
6498,0.0388,-11.7253,0.0000,経路未発見,36
6499,0.0388,-11.7840,0.0000,経路未発見,38
6500,0.0388,-11.8120,0.0000,経路未発見,37
6501,0.0388,-11.8853,0.0000,経路未発見,45
6502,0.0387,-11.9413,0.0000,経路未発見,104
6503,0.0387,-11.9213,0.0000,経路未発見,42
6504,0.0387,-11.9333,0.0000,経路未発見,73
6505,0.0387,-11.9667,0.0000,経路未発見,104
6506,0.0387,-12.0040,0.0000,経路未発見,79
6507,0.0386,-12.1347,0.0000,経路未発見,89
6508,0.0386,-12.1307,0.0000,経路未発見,35
6509,0.0386,-12.3520,0.0000,経路未発見,126
6510,0.0386,-12.3973,0.0000,経路未発見,40
6511,0.0386,-12.2853,0.0000,経路未発見,27
6512,0.0385,-12.3720,0.0000,経路未発見,89
6513,0.0385,-12.2907,0.0000,経路未発見,28
6514,0.0385,-12.3653,0.0000,経路未発見,106
6515,0.0385,-12.7253,0.0000,経路未発見,113
6516,0.0385,-12.8027,0.0000,経路未発見,85
6517,0.0384,-12.7707,0.0000,経路未発見,39
6518,0.0384,-12.8853,0.0000,経路未発見,34
6519,0.0384,-12.8680,0.0000,経路未発見,35
6520,0.0384,-12.9933,0.0000,経路未発見,107
6521,0.0384,-13.1960,0.0000,経路未発見,130
6522,0.0383,-13.3240,0.0000,経路未発見,69
6523,0.0383,-13.5267,0.0000,経路未発見,157
6524,0.0383,-13.5333,0.0000,経路未発見,56
6525,0.0383,-13.5253,0.0000,経路未発見,55
6526,0.0383,-13.4720,0.0000,経路未発見,45
6527,0.0383,-13.4733,0.0000,経路未発見,34
6528,0.0382,-13.4800,0.0000,経路未発見,43
6529,0.0382,-13.4267,0.0000,経路未発見,45
6530,0.0382,-13.4840,0.0000,経路未発見,51
6531,0.0382,-13.5000,0.0000,経路未発見,78
6532,0.0382,-13.5013,0.0000,経路未発見,84
6533,0.0381,-13.5573,0.0000,経路未発見,46
6534,0.0381,-13.5120,0.0000,経路未発見,34
6535,0.0381,-13.6480,0.0000,経路未発見,112
6536,0.0381,-13.6067,0.0000,経路未発見,35
6537,0.0381,-14.0707,0.0000,経路未発見,147
6538,0.0380,-14.1280,0.0000,経路未発見,27
6539,0.0380,-13.9173,0.0000,経路未発見,37
6540,0.0380,-13.9173,0.0000,経路未発見,64
6541,0.0380,-14.0773,0.0000,経路未発見,87
6542,0.0380,-14.0973,0.0000,経路未発見,44
6543,0.0379,-14.1413,0.0000,経路未発見,39
6544,0.0379,-14.0440,0.0000,経路未発見,38
6545,0.0379,-13.6427,0.0000,経路未発見,44
6546,0.0379,-13.5773,0.0000,経路未発見,86
6547,0.0379,-13.6253,0.0000,経路未発見,60
6548,0.0379,-13.5120,0.0000,経路未発見,24
6549,0.0378,-13.5627,0.0000,経路未発見,34
6550,0.0378,-13.5053,0.0000,経路未発見,35
6551,0.0378,-13.3707,0.0000,経路未発見,78
6552,0.0378,-13.2347,0.0000,経路未発見,28
6553,0.0378,-13.0627,0.0000,経路未発見,30
6554,0.0377,-12.9800,0.0000,経路未発見,25
6555,0.0377,-13.0107,0.0000,経路未発見,90
6556,0.0377,-13.0480,0.0000,経路未発見,38
6557,0.0377,-13.0493,0.0000,経路未発見,56
6558,0.0377,-13.0213,0.0000,経路未発見,28
6559,0.0376,-12.9973,0.0000,経路未発見,30
6560,0.0376,-12.9320,0.0000,経路未発見,42
6561,0.0376,-12.8653,0.0000,経路未発見,49
6562,0.0376,-12.7987,0.0000,経路未発見,53
6563,0.0376,-12.9387,0.0000,経路未発見,111
6564,0.0375,-12.9747,0.0000,経路未発見,32
6565,0.0375,-12.7627,0.0000,経路未発見,56
6566,0.0375,-12.8867,0.0000,経路未発見,112
6567,0.0375,-12.3680,0.0000,経路未発見,44
6568,0.0375,-12.2867,0.0000,経路未発見,25
6569,0.0375,-12.2840,0.0000,経路未発見,92
6570,0.0374,-12.3080,0.0000,経路未発見,71
6571,0.0374,-12.2240,0.0000,経路未発見,40
6572,0.0374,-12.1920,0.0000,経路未発見,63
6573,0.0374,-12.2227,0.0000,経路未発見,53
6574,0.0374,-12.2440,0.0000,経路未発見,97
6575,0.0373,-12.2573,0.0000,経路未発見,56
6576,0.0373,-12.2920,0.0000,経路未発見,68
6577,0.0373,-12.2213,0.0000,経路未発見,25
6578,0.0373,-12.3093,0.0000,経路未発見,67
6579,0.0373,-12.2680,0.0000,経路未発見,44
6580,0.0373,-12.1440,0.0000,経路未発見,26
6581,0.0372,-12.0800,0.0000,経路未発見,36
6582,0.0372,-12.0800,0.0000,経路未発見,32
6583,0.0372,-12.1480,0.0000,経路未発見,52
6584,0.0372,-12.1933,0.0000,経路未発見,43
6585,0.0372,-12.2507,0.0000,経路未発見,75
6586,0.0371,-12.2827,0.0000,経路未発見,46
6587,0.0371,-12.3093,0.0000,経路未発見,49
6588,0.0371,-12.4360,0.0000,経路未発見,71
6589,0.0371,-12.5507,0.0000,経路未発見,54
6590,0.0371,-12.6560,0.0000,経路未発見,78
6591,0.0370,-12.6173,0.0000,経路未発見,26
6592,0.0370,-12.6347,0.0000,経路未発見,64
6593,0.0370,-12.5347,0.0000,経路未発見,53
6594,0.0370,-12.5640,0.0000,経路未発見,81
6595,0.0370,-12.5267,0.0000,経路未発見,35
6596,0.0370,-12.3960,0.0000,経路未発見,70
6597,0.0369,-12.4200,0.0000,経路未発見,78
6598,0.0369,-12.6333,0.0000,経路未発見,62
6599,0.0369,-12.6373,0.0000,経路未発見,29
6600,0.0369,-12.6627,0.0000,経路未発見,53
6601,0.0369,-12.5907,0.0000,経路未発見,28
6602,0.0368,-12.5213,0.0000,経路未発見,37
6603,0.0368,-12.5107,0.0000,経路未発見,45
6604,0.0368,-12.4200,0.0000,経路未発見,26
6605,0.0368,-12.4547,0.0000,経路未発見,42
6606,0.0368,-12.3307,0.0000,経路未発見,19
6607,0.0368,-12.3493,0.0000,経路未発見,34
6608,0.0367,-12.5360,0.0000,経路未発見,97
6609,0.0367,-12.7307,0.0000,経路未発見,92
6610,0.0367,-12.7973,0.0000,経路未発見,44
6611,0.0367,-12.8840,0.0000,経路未発見,65
6612,0.0367,-12.8827,0.0000,経路未発見,33
6613,0.0366,-12.8027,0.0000,経路未発見,34
6614,0.0366,-12.9173,0.0000,経路未発見,95
6615,0.0366,-12.8720,0.0000,経路未発見,68
6616,0.0366,-12.7920,0.0000,経路未発見,40
6617,0.0366,-12.8493,0.0000,経路未発見,40
6618,0.0365,-12.7560,0.0000,経路未発見,39
6619,0.0365,-12.6813,0.0000,経路未発見,52
6620,0.0365,-12.6360,0.0000,経路未発見,31
6621,0.0365,-12.6893,0.0000,経路未発見,28
6622,0.0365,-12.6267,0.0000,経路未発見,27
6623,0.0365,-12.5827,0.0000,経路未発見,82
6624,0.0364,-12.5880,0.0000,経路未発見,35
6625,0.0364,-12.6187,0.0000,経路未発見,38
6626,0.0364,-12.7307,0.0000,経路未発見,104
6627,0.0364,-12.7493,0.0000,経路未発見,38
6628,0.0364,-12.5840,0.0000,経路未発見,53
6629,0.0363,-12.5880,0.0000,経路未発見,38
6630,0.0363,-12.5187,0.0000,経路未発見,63
6631,0.0363,-12.5040,0.0000,経路未発見,23
6632,0.0363,-12.6600,0.0000,経路未発見,74
6633,0.0363,-12.6453,0.0000,経路未発見,36
6634,0.0363,-12.8320,0.0000,経路未発見,59
6635,0.0362,-12.7987,0.0000,経路未発見,34
6636,0.0362,-12.8667,0.0000,経路未発見,37
6637,0.0362,-12.9293,0.0000,経路未発見,116
6638,0.0362,-12.6480,0.0000,経路未発見,28
6639,0.0362,-12.4507,0.0000,経路未発見,42
6640,0.0361,-12.5387,0.0000,経路未発見,53
6641,0.0361,-12.5027,0.0000,経路未発見,47
6642,0.0361,-12.5867,0.0000,経路未発見,40
6643,0.0361,-12.6120,0.0000,経路未発見,36
6644,0.0361,-12.5800,0.0000,経路未発見,48
6645,0.0361,-12.5307,0.0000,経路未発見,40
6646,0.0360,-12.5747,0.0000,経路未発見,49
6647,0.0360,-12.5387,0.0000,経路未発見,90
6648,0.0360,-12.5573,0.0000,経路未発見,27
6649,0.0360,-12.4880,0.0000,経路未発見,27
6650,0.0360,-12.5107,0.0000,経路未発見,43
6651,0.0360,-12.4640,0.0000,経路未発見,33
6652,0.0359,-12.5107,0.0000,経路未発見,52
6653,0.0359,-12.5493,0.0000,経路未発見,81
6654,0.0359,-12.5360,0.0000,経路未発見,75
6655,0.0359,-12.4720,0.0000,経路未発見,36
6656,0.0359,-12.4173,0.0000,経路未発見,49
6657,0.0358,-12.4147,0.0000,経路未発見,55
6658,0.0358,-12.4360,0.0000,経路未発見,42
6659,0.0358,-12.5933,0.0000,経路未発見,140
6660,0.0358,-12.5853,0.0000,経路未発見,37
6661,0.0358,-12.6160,0.0000,経路未発見,36
6662,0.0358,-12.5040,0.0000,経路未発見,53
6663,0.0357,-12.4893,0.0000,経路未発見,42
6664,0.0357,-12.3480,0.0000,経路未発見,64
6665,0.0357,-12.3280,0.0000,経路未発見,89
6666,0.0357,-12.4173,0.0000,経路未発見,67
6667,0.0357,-12.3387,0.0000,経路未発見,30
6668,0.0356,-12.4333,0.0000,経路未発見,63
6669,0.0356,-12.4160,0.0000,経路未発見,35
6670,0.0356,-12.3013,0.0000,経路未発見,32
6671,0.0356,-12.2467,0.0000,経路未発見,39
6672,0.0356,-12.2667,0.0000,経路未発見,38
6673,0.0356,-12.2400,0.0000,経路未発見,35
6674,0.0355,-12.2053,0.0000,経路未発見,41
6675,0.0355,-12.3147,0.0000,経路未発見,134
6676,0.0355,-12.2573,0.0000,経路未発見,34
6677,0.0355,-12.2787,0.0000,経路未発見,51
6678,0.0355,-12.3507,0.0000,経路未発見,69
6679,0.0355,-12.4853,0.0000,経路未発見,81
6680,0.0354,-12.3827,0.0000,経路未発見,46
6681,0.0354,-12.5040,0.0000,経路未発見,82
6682,0.0354,-12.4680,0.0000,経路未発見,31
6683,0.0354,-12.4653,0.0000,経路未発見,47
6684,0.0354,-12.5373,0.0000,経路未発見,63
6685,0.0353,-12.5973,0.0000,経路未発見,60
6686,0.0353,-12.4747,0.0000,経路未発見,27
6687,0.0353,-12.3600,0.0000,経路未発見,31
6688,0.0353,-12.3840,0.0000,経路未発見,89
6689,0.0353,-12.2627,0.0000,経路未発見,76
6690,0.0353,-12.3347,0.0000,経路未発見,97
6691,0.0352,-12.4080,0.0000,経路未発見,90
6692,0.0352,-12.4200,0.0000,経路未発見,48
6693,0.0352,-12.4960,0.0000,経路未発見,82
6694,0.0352,-12.5067,0.0000,経路未発見,48
6695,0.0352,-12.5427,0.0000,経路未発見,74
6696,0.0352,-12.4400,0.0000,経路未発見,28
6697,0.0351,-12.4120,0.0000,経路未発見,30
6698,0.0351,-12.4760,0.0000,経路未発見,60
6699,0.0351,-12.4920,0.0000,経路未発見,47
6700,0.0351,-12.5987,0.0000,経路未発見,93
6701,0.0351,-12.6373,0.0000,経路未発見,71
6702,0.0350,-12.6253,0.0000,経路未発見,97
6703,0.0350,-12.6613,0.0000,経路未発見,56
6704,0.0350,-12.6347,0.0000,経路未発見,48
6705,0.0350,-12.4987,0.0000,経路未発見,43
6706,0.0350,-12.5653,0.0000,経路未発見,54
6707,0.0350,-12.5440,0.0000,経路未発見,50
6708,0.0349,-12.4040,0.0000,経路未発見,24
6709,0.0349,-12.4253,0.0000,経路未発見,58
6710,0.0349,-12.5600,0.0000,経路未発見,86
6711,0.0349,-12.6000,0.0000,経路未発見,111
6712,0.0349,-12.6707,0.0000,経路未発見,40
6713,0.0349,-12.5533,0.0000,経路未発見,28
6714,0.0348,-12.5533,0.0000,経路未発見,60
6715,0.0348,-11.7760,0.0333,経路未発見,73
6716,0.0348,-11.1320,0.0667,経路未発見,75
6717,0.0348,-11.1347,0.0667,経路未発見,29
6718,0.0348,-11.0867,0.0667,経路未発見,32
6719,0.0347,-11.0973,0.0667,経路未発見,59
6720,0.0347,-10.9920,0.0667,経路未発見,37
6721,0.0347,-10.9387,0.0667,経路未発見,34
6722,0.0347,-11.0120,0.0667,経路未発見,110
6723,0.0347,-10.9920,0.0667,経路未発見,42
6724,0.0347,-11.0173,0.0667,経路未発見,54
6725,0.0346,-10.9627,0.0667,経路未発見,46
6726,0.0346,-10.9547,0.0667,経路未発見,33
6727,0.0346,-11.0253,0.0667,経路未発見,39
6728,0.0346,-10.8707,0.0667,経路未発見,29
6729,0.0346,-11.0813,0.0667,経路未発見,137
6730,0.0346,-10.9947,0.0667,経路未発見,30
6731,0.0345,-10.9413,0.0667,経路未発見,30
6732,0.0345,-10.9240,0.0667,経路未発見,67
6733,0.0345,-10.2467,0.1000,経路未発見,78
6734,0.0345,-10.2907,0.1000,経路未発見,48
6735,0.0345,-10.2613,0.1000,経路未発見,29
6736,0.0345,-10.4133,0.1000,経路未発見,119
6737,0.0344,-10.4680,0.1000,経路未発見,104
6738,0.0344,-10.6720,0.1000,経路未発見,48
6739,0.0344,-10.5747,0.1000,経路未発見,72
6740,0.0344,-10.5627,0.1000,経路未発見,40
6741,0.0344,-10.4613,0.1000,経路未発見,34
6742,0.0344,-9.7560,0.1333,経路未発見,96
6743,0.0343,-10.0040,0.1333,経路未発見,113
6744,0.0343,-9.8293,0.1333,経路未発見,81
6745,0.0343,-10.6693,0.1000,経路未発見,40
6746,0.0343,-11.4680,0.0667,経路未発見,85
6747,0.0343,-11.5853,0.0667,経路未発見,60
6748,0.0342,-11.6267,0.0667,経路未発見,42
6749,0.0342,-11.6320,0.0667,経路未発見,67
6750,0.0342,-11.6387,0.0667,経路未発見,25
6751,0.0342,-11.6787,0.0667,経路未発見,40
6752,0.0342,-11.6267,0.0667,経路未発見,70
6753,0.0342,-11.6960,0.0667,経路未発見,67
6754,0.0341,-11.7480,0.0667,経路未発見,87
6755,0.0341,-11.8653,0.0667,経路未発見,104
6756,0.0341,-11.8253,0.0667,経路未発見,22
6757,0.0341,-11.7733,0.0667,経路未発見,33
6758,0.0341,-11.7973,0.0667,経路未発見,28
6759,0.0341,-11.7507,0.0667,経路未発見,131
6760,0.0340,-11.6987,0.0667,経路未発見,97
6761,0.0340,-11.7600,0.0667,経路未発見,85
6762,0.0340,-11.8693,0.0667,経路未発見,64
6763,0.0340,-12.6267,0.0333,経路未発見,83
6764,0.0340,-12.6773,0.0333,経路未発見,92
6765,0.0340,-12.7413,0.0333,経路未発見,77
6766,0.0339,-12.6520,0.0333,経路未発見,48
6767,0.0339,-12.5440,0.0333,経路未発見,84
6768,0.0339,-12.5627,0.0333,経路未発見,121
6769,0.0339,-12.5253,0.0333,経路未発見,59
6770,0.0339,-12.4973,0.0333,経路未発見,40
6771,0.0339,-12.5093,0.0333,経路未発見,64
6772,0.0338,-13.2147,0.0000,経路未発見,59
6773,0.0338,-13.0267,0.0000,経路未発見,88
6774,0.0338,-13.2387,0.0000,経路未発見,90
6775,0.0338,-13.2320,0.0000,経路未発見,72
6776,0.0338,-13.1240,0.0000,経路未発見,33
6777,0.0338,-13.0467,0.0000,経路未発見,59
6778,0.0337,-12.9653,0.0000,経路未発見,49
6779,0.0337,-12.9067,0.0000,経路未発見,24
6780,0.0337,-12.9053,0.0000,経路未発見,37
6781,0.0337,-12.8427,0.0000,経路未発見,38
6782,0.0337,-12.7947,0.0000,経路未発見,60
6783,0.0337,-12.7027,0.0000,経路未発見,42
6784,0.0336,-12.5787,0.0000,経路未発見,30
6785,0.0336,-12.4213,0.0000,経路未発見,24
6786,0.0336,-12.5400,0.0000,経路未発見,43
6787,0.0336,-12.6387,0.0000,経路未発見,64
6788,0.0336,-12.6227,0.0000,経路未発見,35
6789,0.0336,-12.5293,0.0000,経路未発見,67
6790,0.0335,-12.6547,0.0000,経路未発見,99
6791,0.0335,-12.6320,0.0000,経路未発見,49
6792,0.0335,-12.5013,0.0000,経路未発見,69
6793,0.0335,-12.4067,0.0000,経路未発見,45
6794,0.0335,-12.2640,0.0000,経路未発見,35
6795,0.0335,-12.2973,0.0000,経路未発見,54
6796,0.0334,-12.2867,0.0000,経路未発見,40
6797,0.0334,-12.3240,0.0000,経路未発見,57
6798,0.0334,-12.1987,0.0000,経路未発見,37
6799,0.0334,-12.2333,0.0000,経路未発見,42
6800,0.0334,-12.1800,0.0000,経路未発見,109
6801,0.0334,-12.1400,0.0000,経路未発見,34
6802,0.0333,-12.0373,0.0000,経路未発見,34
6803,0.0333,-12.0933,0.0000,経路未発見,73
6804,0.0333,-11.9933,0.0000,経路未発見,45
6805,0.0333,-11.9493,0.0000,経路未発見,40
6806,0.0333,-11.9800,0.0000,経路未発見,58
6807,0.0333,-12.0507,0.0000,経路未発見,72
6808,0.0332,-12.0773,0.0000,経路未発見,34
6809,0.0332,-12.0920,0.0000,経路未発見,40
6810,0.0332,-12.1480,0.0000,経路未発見,60
6811,0.0332,-12.1600,0.0000,経路未発見,37
6812,0.0332,-12.2693,0.0000,経路未発見,69
6813,0.0332,-12.3093,0.0000,経路未発見,74
6814,0.0331,-12.3027,0.0000,経路未発見,35
6815,0.0331,-12.7707,0.0000,経路未発見,154
6816,0.0331,-12.7000,0.0000,経路未発見,31
6817,0.0331,-12.6640,0.0000,経路未発見,89
6818,0.0331,-12.7067,0.0000,経路未発見,36
6819,0.0331,-12.8040,0.0000,経路未発見,50
6820,0.0330,-12.6960,0.0000,経路未発見,31
6821,0.0330,-12.7053,0.0000,経路未発見,43
6822,0.0330,-12.6547,0.0000,経路未発見,27
6823,0.0330,-12.6467,0.0000,経路未発見,37
6824,0.0330,-12.6413,0.0000,経路未発見,31
6825,0.0330,-12.7227,0.0000,経路未発見,92
6826,0.0329,-12.6520,0.0000,経路未発見,79
6827,0.0329,-12.6173,0.0000,経路未発見,35
6828,0.0329,-12.5653,0.0000,経路未発見,31
6829,0.0329,-13.0413,0.0333,経路未発見,167
6830,0.0329,-13.1227,0.0333,経路未発見,59
6831,0.0329,-13.1400,0.0333,経路未発見,45
6832,0.0328,-13.2627,0.0333,経路未発見,89
6833,0.0328,-13.1560,0.0333,経路未発見,41
6834,0.0328,-13.2133,0.0333,経路未発見,92
6835,0.0328,-13.1853,0.0333,経路未発見,40
6836,0.0328,-13.5440,0.0333,経路未発見,151
6837,0.0328,-13.5227,0.0333,経路未発見,80
6838,0.0327,-13.8573,0.0333,経路未発見,276
6839,0.0327,-14.0307,0.0333,経路未発見,143
6840,0.0327,-13.9507,0.0333,経路未発見,27
6841,0.0327,-13.9960,0.0333,経路未発見,73
6842,0.0327,-13.9067,0.0333,経路未発見,42
6843,0.0327,-14.0147,0.0333,経路未発見,107
6844,0.0326,-14.0227,0.0333,経路未発見,33
6845,0.0326,-13.6160,0.0333,経路未発見,39
6846,0.0326,-13.6333,0.0333,経路未発見,42
6847,0.0326,-13.6147,0.0333,経路未発見,52
6848,0.0326,-13.5640,0.0333,経路未発見,22
6849,0.0326,-13.4453,0.0333,経路未発見,51
6850,0.0325,-12.8733,0.0667,経路未発見,95
6851,0.0325,-12.9307,0.0667,経路未発見,61
6852,0.0325,-12.9573,0.0667,経路未発見,32
6853,0.0325,-13.1520,0.0667,経路未発見,89
6854,0.0325,-13.2293,0.0667,経路未発見,55
6855,0.0325,-13.1200,0.0667,経路未発見,58
6856,0.0324,-13.0653,0.0667,経路未発見,27
6857,0.0324,-13.1080,0.0667,経路未発見,71
6858,0.0324,-13.0907,0.0667,経路未発見,35
6859,0.0324,-12.5627,0.0333,経路未発見,32
6860,0.0324,-12.4800,0.0333,経路未発見,51
6861,0.0324,-12.4653,0.0333,経路未発見,32
6862,0.0324,-12.3640,0.0333,経路未発見,27
6863,0.0323,-12.4587,0.0333,経路未発見,76
6864,0.0323,-12.4013,0.0333,経路未発見,42
6865,0.0323,-12.5720,0.0333,経路未発見,119
6866,0.0323,-12.2280,0.0333,経路未発見,48
6867,0.0323,-12.1787,0.0333,経路未発見,40
6868,0.0323,-11.9773,0.0333,経路未発見,65
6869,0.0322,-11.7467,0.0333,経路未発見,22
6870,0.0322,-11.8413,0.0333,経路未発見,54
6871,0.0322,-11.8733,0.0333,経路未発見,61
6872,0.0322,-11.7987,0.0333,経路未発見,28
6873,0.0322,-11.6733,0.0333,経路未発見,42
6874,0.0322,-13.6733,0.0333,経路未発見,437
6875,0.0321,-13.6440,0.0333,経路未発見,36
6876,0.0321,-13.6240,0.0333,経路未発見,80
6877,0.0321,-13.5707,0.0333,経路未発見,35
6878,0.0321,-13.6187,0.0333,経路未発見,46
6879,0.0321,-13.5813,0.0333,経路未発見,54
6880,0.0321,-14.2680,0.0000,経路未発見,55
6881,0.0320,-14.2413,0.0000,経路未発見,44
6882,0.0320,-14.2987,0.0000,経路未発見,58
6883,0.0320,-14.1387,0.0000,経路未発見,48
6884,0.0320,-14.2160,0.0000,経路未発見,59
6885,0.0320,-14.2200,0.0000,経路未発見,47
6886,0.0320,-14.3173,0.0000,経路未発見,52
6887,0.0319,-14.3160,0.0000,経路未発見,60
6888,0.0319,-14.4467,0.0000,経路未発見,52
6889,0.0319,-14.4360,0.0000,経路未発見,28
6890,0.0319,-14.4587,0.0000,経路未発見,79
6891,0.0319,-14.4840,0.0000,経路未発見,45
6892,0.0319,-14.6947,0.0000,経路未発見,98
6893,0.0319,-14.7200,0.0000,経路未発見,75
6894,0.0318,-14.8253,0.0000,経路未発見,97
6895,0.0318,-14.6867,0.0000,経路未発見,57
6896,0.0318,-14.7533,0.0000,経路未発見,76
6897,0.0318,-14.6973,0.0000,経路未発見,25
6898,0.0318,-14.5413,0.0000,経路未発見,30
6899,0.0318,-14.5760,0.0000,経路未発見,32
6900,0.0317,-14.5320,0.0000,経路未発見,46
6901,0.0317,-14.5373,0.0000,経路未発見,57
6902,0.0317,-14.6320,0.0000,経路未発見,43
6903,0.0317,-14.6013,0.0000,経路未発見,44
6904,0.0317,-12.6667,0.0000,経路未発見,81
6905,0.0317,-12.6693,0.0000,経路未発見,38
6906,0.0316,-12.6307,0.0000,経路未発見,21
6907,0.0316,-12.6733,0.0000,経路未発見,48
6908,0.0316,-12.7107,0.0000,経路未発見,36
6909,0.0316,-13.0027,0.0000,経路未発見,97
6910,0.0316,-12.9787,0.0000,経路未発見,45
6911,0.0316,-13.0587,0.0000,経路未発見,85
6912,0.0316,-12.9893,0.0000,経路未発見,44
6913,0.0315,-13.0253,0.0000,経路未発見,82
6914,0.0315,-12.9453,0.0000,経路未発見,99
6915,0.0315,-12.9387,0.0000,経路未発見,64
6916,0.0315,-12.9027,0.0000,経路未発見,78
6917,0.0315,-12.8773,0.0000,経路未発見,47
6918,0.0315,-12.7413,0.0000,経路未発見,31
6919,0.0314,-12.8733,0.0000,経路未発見,40
6920,0.0314,-12.8760,0.0000,経路未発見,53
6921,0.0314,-12.8667,0.0000,経路未発見,68
6922,0.0314,-12.6907,0.0000,経路未発見,69
6923,0.0314,-12.6773,0.0000,経路未発見,122
6924,0.0314,-11.9240,0.0333,経路未発見,112
6925,0.0313,-11.9733,0.0333,経路未発見,77
6926,0.0313,-11.3387,0.0667,経路未発見,125
6927,0.0313,-11.3373,0.0667,経路未発見,22
6928,0.0313,-11.4827,0.0667,経路未発見,89
6929,0.0313,-11.5587,0.0667,経路未発見,107
6930,0.0313,-11.6307,0.0667,経路未発見,58
6931,0.0313,-11.7387,0.0667,経路未発見,149
6932,0.0312,-11.6920,0.0667,経路未発見,41
6933,0.0312,-11.6880,0.0667,経路未発見,47
6934,0.0312,-11.6693,0.0667,経路未発見,43
6935,0.0312,-11.6653,0.0667,経路未発見,45
6936,0.0312,-11.7933,0.0667,経路未発見,63
6937,0.0312,-11.7893,0.0667,経路未発見,35
6938,0.0311,-11.6947,0.0667,経路未発見,24
6939,0.0311,-11.3693,0.0667,経路未発見,31
6940,0.0311,-11.3520,0.0667,経路未発見,42
6941,0.0311,-11.2280,0.0667,経路未発見,33
6942,0.0311,-11.2973,0.0667,経路未発見,46
6943,0.0311,-11.4907,0.0667,経路未発見,168
6944,0.0311,-11.4200,0.0667,経路未発見,98
6945,0.0310,-11.4227,0.0667,経路未発見,31
6946,0.0310,-11.4373,0.0667,経路未発見,102
6947,0.0310,-11.4453,0.0667,経路未発見,53
6948,0.0310,-11.4360,0.0667,経路未発見,30
6949,0.0310,-11.3187,0.0667,経路未発見,33
6950,0.0310,-11.3040,0.0667,経路未発見,40
6951,0.0309,-11.3307,0.0667,経路未発見,61
6952,0.0309,-11.3533,0.0667,経路未発見,44
6953,0.0309,-11.3240,0.0667,経路未発見,81
6954,0.0309,-12.0373,0.0333,経路未発見,43
6955,0.0309,-11.9413,0.0333,経路未発見,78
6956,0.0309,-12.5347,0.0000,経路未発見,42
6957,0.0309,-12.5827,0.0000,経路未発見,50
6958,0.0308,-12.4987,0.0000,経路未発見,81
6959,0.0308,-12.4547,0.0000,経路未発見,45
6960,0.0308,-12.3800,0.0000,経路未発見,40
6961,0.0308,-12.2653,0.0000,経路未発見,67
6962,0.0308,-12.3200,0.0000,経路未発見,50
6963,0.0308,-12.2973,0.0000,経路未発見,21
6964,0.0307,-12.2027,0.0000,経路未発見,21
6965,0.0307,-12.2693,0.0000,経路未発見,45
6966,0.0307,-12.2187,0.0000,経路未発見,48
6967,0.0307,-12.1893,0.0000,経路未発見,29
6968,0.0307,-12.2800,0.0000,経路未発見,53
6969,0.0307,-12.2733,0.0000,経路未発見,28
6970,0.0307,-12.2187,0.0000,経路未発見,33
6971,0.0306,-12.2733,0.0000,経路未発見,104
6972,0.0306,-12.1813,0.0000,経路未発見,29
6973,0.0306,-11.9640,0.0000,経路未発見,87
6974,0.0306,-12.0040,0.0000,経路未発見,59
6975,0.0306,-11.9853,0.0000,経路未発見,72
6976,0.0306,-11.9147,0.0000,経路未発見,31
6977,0.0305,-11.8547,0.0000,経路未発見,29
6978,0.0305,-11.9133,0.0000,経路未発見,67
6979,0.0305,-12.0133,0.0000,経路未発見,56
6980,0.0305,-11.9667,0.0000,経路未発見,34
6981,0.0305,-12.0453,0.0000,経路未発見,107
6982,0.0305,-11.9680,0.0000,経路未発見,33
6983,0.0305,-11.9307,0.0000,経路未発見,40
6984,0.0304,-11.8627,0.0000,経路未発見,83
6985,0.0304,-11.8693,0.0000,経路未発見,85
6986,0.0304,-12.0360,0.0000,経路未発見,243
6987,0.0304,-12.0547,0.0000,経路未発見,37
6988,0.0304,-12.0440,0.0000,経路未発見,73
6989,0.0304,-12.1160,0.0000,経路未発見,118
6990,0.0303,-12.1360,0.0000,経路未発見,45
6991,0.0303,-12.1280,0.0000,経路未発見,48
6992,0.0303,-12.1280,0.0000,経路未発見,42
6993,0.0303,-12.1453,0.0000,経路未発見,35
6994,0.0303,-12.2253,0.0000,経路未発見,39
6995,0.0303,-12.1280,0.0000,経路未発見,20
6996,0.0303,-12.1280,0.0000,経路未発見,48
6997,0.0302,-12.3000,0.0000,経路未発見,134
6998,0.0302,-12.3453,0.0000,経路未発見,77
6999,0.0302,-12.3467,0.0000,経路未発見,31
7000,0.0302,-12.4027,0.0000,経路未発見,36
7001,0.0302,-12.4400,0.0000,経路未発見,117
7002,0.0302,-12.4800,0.0000,経路未発見,52
7003,0.0301,-11.9360,0.0333,経路未発見,120
7004,0.0301,-11.9800,0.0333,経路未発見,43
7005,0.0301,-12.0107,0.0333,経路未発見,34
7006,0.0301,-11.9747,0.0333,経路未発見,18
7007,0.0301,-12.0693,0.0333,経路未発見,56
7008,0.0301,-12.0893,0.0333,経路未発見,80
7009,0.0301,-12.0093,0.0333,経路未発見,38
7010,0.0300,-12.1333,0.0333,経路未発見,89
7011,0.0300,-12.0200,0.0333,経路未発見,42
7012,0.0300,-12.0627,0.0333,経路未発見,61
7013,0.0300,-12.0560,0.0333,経路未発見,37
7014,0.0300,-12.0067,0.0333,経路未発見,35
7015,0.0300,-12.1147,0.0333,経路未発見,134
7016,0.0300,-11.8853,0.0333,経路未発見,43
7017,0.0299,-11.8520,0.0333,経路未発見,49
7018,0.0299,-11.8307,0.0333,経路未発見,44
7019,0.0299,-11.8587,0.0333,経路未発見,101
7020,0.0299,-11.8027,0.0333,経路未発見,30
7021,0.0299,-11.9587,0.0333,経路未発見,80
7022,0.0299,-11.8627,0.0333,経路未発見,51
7023,0.0298,-11.8573,0.0333,経路未発見,35
7024,0.0298,-11.8133,0.0333,経路未発見,30
7025,0.0298,-11.8933,0.0333,経路未発見,38
7026,0.0298,-11.9080,0.0333,経路未発見,86
7027,0.0298,-11.7987,0.0333,経路未発見,67
7028,0.0298,-11.7107,0.0333,経路未発見,33
7029,0.0298,-11.7373,0.0333,経路未発見,43
7030,0.0297,-11.9027,0.0333,経路未発見,101
7031,0.0297,-11.8040,0.0333,経路未発見,41
7032,0.0297,-11.7800,0.0333,経路未発見,33
7033,0.0297,-12.6533,0.0000,経路未発見,229
7034,0.0297,-12.8160,0.0000,経路未発見,152
7035,0.0297,-12.7773,0.0000,経路未発見,29
7036,0.0297,-12.8720,0.0000,経路未発見,56
7037,0.0296,-12.9120,0.0000,経路未発見,52
7038,0.0296,-12.8827,0.0000,経路未発見,38
7039,0.0296,-12.9147,0.0000,経路未発見,51
7040,0.0296,-12.8680,0.0000,経路未発見,42
7041,0.0296,-12.9067,0.0000,経路未発見,42
7042,0.0296,-13.0200,0.0000,経路未発見,114
7043,0.0296,-13.1493,0.0000,経路未発見,40
7044,0.0295,-13.1707,0.0000,経路未発見,36
7045,0.0295,-12.5813,0.0333,経路未発見,144
7046,0.0295,-12.5840,0.0333,経路未発見,52
7047,0.0295,-12.7000,0.0333,経路未発見,107
7048,0.0295,-12.6853,0.0333,経路未発見,89
7049,0.0295,-12.6373,0.0333,経路未発見,98
7050,0.0294,-12.8413,0.0333,経路未発見,141
7051,0.0294,-12.6747,0.0333,経路未発見,52
7052,0.0294,-12.7293,0.0333,経路未発見,51
7053,0.0294,-12.8093,0.0333,経路未発見,89
7054,0.0294,-12.8013,0.0333,経路未発見,28
7055,0.0294,-12.8213,0.0333,経路未発見,85
7056,0.0294,-12.7947,0.0333,経路未発見,37
7057,0.0293,-12.8213,0.0333,経路未発見,63
7058,0.0293,-12.9440,0.0333,経路未発見,87
7059,0.0293,-12.9733,0.0333,経路未発見,53
7060,0.0293,-12.8147,0.0333,経路未発見,40
7061,0.0293,-12.8053,0.0333,経路未発見,40
7062,0.0293,-12.9333,0.0333,経路未発見,93
7063,0.0293,-12.5520,0.0333,経路未発見,41
7064,0.0292,-12.3280,0.0333,経路未発見,35
7065,0.0292,-12.3467,0.0333,経路未発見,92
7066,0.0292,-12.4267,0.0333,経路未発見,54
7067,0.0292,-12.2920,0.0333,経路未発見,29
7068,0.0292,-12.2653,0.0333,経路未発見,37
7069,0.0292,-12.3000,0.0333,経路未発見,85
7070,0.0292,-12.3747,0.0333,経路未発見,96
7071,0.0291,-12.2840,0.0333,経路未発見,24
7072,0.0291,-12.1933,0.0333,経路未発見,93
7073,0.0291,-12.0360,0.0333,経路未発見,37
7074,0.0291,-12.0587,0.0333,経路未発見,47
7075,0.0291,-12.5080,0.0000,経路未発見,35
7076,0.0291,-12.4693,0.0000,経路未発見,29
7077,0.0291,-12.3533,0.0000,経路未発見,41
7078,0.0290,-12.4813,0.0000,経路未発見,121
7079,0.0290,-12.4907,0.0000,経路未発見,49
7080,0.0290,-12.6080,0.0000,経路未発見,191
7081,0.0290,-12.6373,0.0000,経路未発見,66
7082,0.0290,-12.6267,0.0000,経路未発見,43
7083,0.0290,-12.5427,0.0000,経路未発見,45
7084,0.0290,-12.6240,0.0000,経路未発見,40
7085,0.0289,-12.5973,0.0000,経路未発見,54
7086,0.0289,-12.6480,0.0000,経路未発見,72
7087,0.0289,-12.6520,0.0000,経路未発見,104
7088,0.0289,-12.5507,0.0000,経路未発見,41
7089,0.0289,-12.5613,0.0000,経路未発見,74
7090,0.0289,-12.6200,0.0000,経路未発見,120
7091,0.0289,-12.6187,0.0000,経路未発見,73
7092,0.0288,-12.5067,0.0000,経路未発見,45
7093,0.0288,-12.5293,0.0000,経路未発見,41
7094,0.0288,-12.5293,0.0000,経路未発見,95
7095,0.0288,-12.4973,0.0000,経路未発見,36
7096,0.0288,-12.3827,0.0000,経路未発見,41
7097,0.0288,-12.4427,0.0000,経路未発見,49
7098,0.0287,-11.8893,0.0333,経路未発見,108
7099,0.0287,-11.8627,0.0333,経路未発見,66
7100,0.0287,-11.7880,0.0333,経路未発見,65
7101,0.0287,-11.8640,0.0333,経路未発見,55
7102,0.0287,-11.8227,0.0333,経路未発見,39
7103,0.0287,-11.8067,0.0333,経路未発見,33
7104,0.0287,-11.7667,0.0333,経路未発見,52
7105,0.0286,-11.8907,0.0333,経路未発見,102
7106,0.0286,-11.8893,0.0333,経路未発見,34
7107,0.0286,-12.0080,0.0333,経路未発見,125
7108,0.0286,-11.9320,0.0333,経路未発見,58
7109,0.0286,-11.8747,0.0333,経路未発見,42
7110,0.0286,-11.5627,0.0333,経路未発見,35
7111,0.0286,-11.5840,0.0333,経路未発見,71
7112,0.0285,-11.6560,0.0333,経路未発見,94
7113,0.0285,-11.0600,0.0667,経路未発見,103
7114,0.0285,-11.0973,0.0667,経路未発見,85
7115,0.0285,-11.0747,0.0667,経路未発見,35
7116,0.0285,-11.0333,0.0667,経路未発見,55
7117,0.0285,-11.0520,0.0667,経路未発見,98
7118,0.0285,-11.0493,0.0667,経路未発見,43
7119,0.0284,-11.0920,0.0667,経路未発見,99
7120,0.0284,-11.0080,0.0667,経路未発見,70
7121,0.0284,-11.0853,0.0667,経路未発見,57
7122,0.0284,-11.0680,0.0667,経路未発見,38
7123,0.0284,-11.1387,0.0667,経路未発見,97
7124,0.0284,-11.1600,0.0667,経路未発見,41
7125,0.0284,-11.3053,0.0667,経路未発見,125
7126,0.0283,-10.9147,0.1000,経路未発見,143
7127,0.0283,-11.0973,0.1000,経路未発見,101
7128,0.0283,-11.9787,0.0667,経路未発見,179
7129,0.0283,-11.9653,0.0667,経路未発見,47
7130,0.0283,-11.8867,0.0667,経路未発見,31
7131,0.0283,-11.9027,0.0667,経路未発見,48
7132,0.0283,-12.0440,0.0667,経路未発見,77
7133,0.0283,-12.0587,0.0667,経路未発見,38
7134,0.0282,-12.0987,0.0667,経路未発見,63
7135,0.0282,-11.9680,0.0667,経路未発見,34
7136,0.0282,-11.9587,0.0667,経路未発見,29
7137,0.0282,-11.3320,0.1000,経路未発見,108
7138,0.0282,-11.3600,0.1000,経路未発見,56
7139,0.0282,-11.3813,0.1000,経路未発見,42
7140,0.0282,-11.3907,0.1000,経路未発見,29
7141,0.0281,-11.3280,0.1000,経路未発見,37
7142,0.0281,-11.2627,0.1000,経路未発見,58
7143,0.0281,-11.9133,0.0667,経路未発見,46
7144,0.0281,-11.7947,0.0667,経路未発見,28
7145,0.0281,-11.8160,0.0667,経路未発見,82
7146,0.0281,-11.8080,0.0667,経路未発見,40
7147,0.0281,-11.7333,0.0667,経路未発見,45
7148,0.0280,-11.7360,0.0667,経路未発見,41
7149,0.0280,-11.6627,0.0667,経路未発見,37
7150,0.0280,-11.6387,0.0667,経路未発見,28
7151,0.0280,-11.5973,0.0667,経路未発見,43
7152,0.0280,-11.6907,0.0667,経路未発見,31
7153,0.0280,-11.7480,0.0667,経路未発見,115
7154,0.0280,-11.8440,0.0667,経路未発見,59
7155,0.0279,-11.7480,0.0667,経路未発見,94
7156,0.0279,-12.1133,0.0333,経路未発見,40
7157,0.0279,-11.9333,0.0333,経路未発見,47
7158,0.0279,-11.6680,0.0333,経路未発見,36
7159,0.0279,-11.6520,0.0333,経路未発見,58
7160,0.0279,-11.7467,0.0333,経路未発見,113
7161,0.0279,-11.7253,0.0333,経路未発見,60
7162,0.0278,-11.6147,0.0333,経路未発見,80
7163,0.0278,-11.7267,0.0333,経路未発見,42
7164,0.0278,-11.0947,0.0667,経路未発見,80
7165,0.0278,-11.1160,0.0667,経路未発見,42
7166,0.0278,-11.1573,0.0667,経路未発見,31
7167,0.0278,-11.6907,0.0333,経路未発見,39
7168,0.0278,-11.7680,0.0333,経路未発見,140
7169,0.0277,-11.8173,0.0333,経路未発見,98
7170,0.0277,-11.8240,0.0333,経路未発見,67
7171,0.0277,-11.8133,0.0333,経路未発見,29
7172,0.0277,-11.8107,0.0333,経路未発見,44
7173,0.0277,-11.7467,0.0333,経路未発見,40
7174,0.0277,-11.9320,0.0333,経路未発見,42
7175,0.0277,-11.9013,0.0333,経路未発見,85
7176,0.0276,-11.8773,0.0333,経路未発見,41
7177,0.0276,-11.8213,0.0333,経路未発見,26
7178,0.0276,-11.7600,0.0333,経路未発見,26
7179,0.0276,-11.8560,0.0333,経路未発見,63
7180,0.0276,-11.9693,0.0333,経路未発見,82
7181,0.0276,-11.9013,0.0333,経路未発見,25
7182,0.0276,-12.0053,0.0333,経路未発見,102
7183,0.0276,-12.2387,0.0333,経路未発見,208
7184,0.0275,-12.1800,0.0333,経路未発見,48
7185,0.0275,-12.1213,0.0333,経路未発見,30
7186,0.0275,-12.2093,0.0333,経路未発見,71
7187,0.0275,-12.1533,0.0333,経路未発見,32
7188,0.0275,-12.2027,0.0333,経路未発見,115
7189,0.0275,-11.5760,0.0667,経路未発見,125
7190,0.0275,-11.6213,0.0667,経路未発見,127
7191,0.0274,-11.6813,0.0667,経路未発見,77
7192,0.0274,-11.7400,0.0667,経路未発見,85
7193,0.0274,-11.7667,0.0667,経路未発見,35
7194,0.0274,-12.4493,0.0333,経路未発見,47
7195,0.0274,-12.4480,0.0333,経路未発見,39
7196,0.0274,-12.5360,0.0333,経路未発見,120
7197,0.0274,-12.4987,0.0333,経路未発見,27
7198,0.0273,-12.3973,0.0333,経路未発見,50
7199,0.0273,-12.3373,0.0333,経路未発見,54
7200,0.0273,-12.3320,0.0333,経路未発見,71
7201,0.0273,-12.2800,0.0333,経路未発見,27
7202,0.0273,-12.3080,0.0333,経路未発見,102
7203,0.0273,-12.3267,0.0333,経路未発見,39
7204,0.0273,-12.2200,0.0333,経路未発見,77
7205,0.0273,-12.1933,0.0333,経路未発見,29
7206,0.0272,-12.2213,0.0333,経路未発見,81
7207,0.0272,-12.2413,0.0333,経路未発見,32
7208,0.0272,-12.2693,0.0333,経路未発見,22
7209,0.0272,-12.1947,0.0333,経路未発見,41
7210,0.0272,-12.1520,0.0333,経路未発見,71
7211,0.0272,-11.5107,0.0667,経路未発見,94
7212,0.0272,-11.3840,0.0667,経路未発見,47
7213,0.0271,-11.0733,0.0667,経路未発見,75
7214,0.0271,-11.1000,0.0667,経路未発見,100
7215,0.0271,-11.1800,0.0667,経路未発見,68
7216,0.0271,-11.1600,0.0667,経路未発見,50
7217,0.0271,-11.4160,0.0667,経路未発見,176
7218,0.0271,-11.3253,0.0667,経路未発見,34
7219,0.0271,-11.9667,0.0333,経路未発見,40
7220,0.0270,-11.9547,0.0333,経路未発見,43
7221,0.0270,-11.9627,0.0333,経路未発見,121
7222,0.0270,-11.8893,0.0333,経路未発見,36
7223,0.0270,-11.9320,0.0333,経路未発見,145
7224,0.0270,-11.8453,0.0333,経路未発見,26
7225,0.0270,-11.8800,0.0333,経路未発見,46
7226,0.0270,-11.8400,0.0333,経路未発見,67
7227,0.0270,-11.8760,0.0333,経路未発見,40
7228,0.0269,-11.8800,0.0333,経路未発見,32
7229,0.0269,-11.8760,0.0333,経路未発見,53
7230,0.0269,-11.9347,0.0333,経路未発見,119
7231,0.0269,-11.9813,0.0333,経路未発見,48
7232,0.0269,-11.9413,0.0333,経路未発見,33
7233,0.0269,-11.9560,0.0333,経路未発見,79
7234,0.0269,-11.9507,0.0333,経路未発見,34
7235,0.0268,-12.0707,0.0333,経路未発見,96
7236,0.0268,-12.0000,0.0333,経路未発見,29
7237,0.0268,-11.9933,0.0333,経路未発見,36
7238,0.0268,-12.0520,0.0333,経路未発見,63
7239,0.0268,-12.1133,0.0333,経路未発見,49
7240,0.0268,-12.0853,0.0333,経路未発見,37
7241,0.0268,-12.8200,0.0000,経路未発見,45
7242,0.0268,-12.9587,0.0000,経路未発見,87
7243,0.0267,-12.9107,0.0000,経路未発見,39
7244,0.0267,-12.8093,0.0000,経路未発見,24
7245,0.0267,-12.8373,0.0000,経路未発見,103
7246,0.0267,-12.8467,0.0000,経路未発見,59
7247,0.0267,-12.6293,0.0000,経路未発見,52
7248,0.0267,-12.6133,0.0000,経路未発見,37
7249,0.0267,-12.6213,0.0000,経路未発見,70
7250,0.0266,-12.5613,0.0000,経路未発見,57
7251,0.0266,-12.5667,0.0000,経路未発見,82
7252,0.0266,-12.7387,0.0000,経路未発見,102
7253,0.0266,-12.6360,0.0000,経路未発見,85
7254,0.0266,-12.6933,0.0000,経路未発見,40
7255,0.0266,-12.6067,0.0000,経路未発見,26
7256,0.0266,-12.5880,0.0000,経路未発見,66
7257,0.0266,-12.5547,0.0000,経路未発見,36
7258,0.0265,-12.5707,0.0000,経路未発見,56
7259,0.0265,-12.5053,0.0000,経路未発見,22
7260,0.0265,-12.4213,0.0000,経路未発見,30
7261,0.0265,-12.4347,0.0000,経路未発見,58
7262,0.0265,-12.4360,0.0000,経路未発見,76
7263,0.0265,-12.3987,0.0000,経路未発見,39
7264,0.0265,-12.4200,0.0000,経路未発見,59
7265,0.0264,-12.3333,0.0000,経路未発見,65
7266,0.0264,-12.3853,0.0000,経路未発見,46
7267,0.0264,-12.4533,0.0000,経路未発見,75
7268,0.0264,-12.4280,0.0000,経路未発見,41
7269,0.0264,-12.3280,0.0000,経路未発見,33
7270,0.0264,-12.2600,0.0000,経路未発見,30
7271,0.0264,-12.2280,0.0000,経路未発見,40
7272,0.0264,-12.1147,0.0000,経路未発見,95
7273,0.0263,-12.1133,0.0000,経路未発見,64
7274,0.0263,-11.4693,0.0333,経路未発見,110
7275,0.0263,-11.3853,0.0333,経路未発見,48
7276,0.0263,-11.3280,0.0333,経路未発見,101
7277,0.0263,-11.3440,0.0333,経路未発見,33
7278,0.0263,-11.4253,0.0333,経路未発見,86
7279,0.0263,-11.4240,0.0333,経路未発見,59
7280,0.0262,-11.3787,0.0333,経路未発見,46
7281,0.0262,-11.2427,0.0333,経路未発見,30
7282,0.0262,-11.2147,0.0333,経路未発見,99
7283,0.0262,-11.1600,0.0333,経路未発見,33
7284,0.0262,-10.4027,0.0667,経路未発見,78
7285,0.0262,-10.6080,0.0667,経路未発見,133
7286,0.0262,-10.6160,0.0667,経路未発見,79
7287,0.0262,-10.6613,0.0667,経路未発見,47
7288,0.0261,-10.6307,0.0667,経路未発見,89
7289,0.0261,-10.1067,0.1000,経路未発見,133
7290,0.0261,-10.1093,0.1000,経路未発見,40
7291,0.0261,-10.0867,0.1000,経路未発見,35
7292,0.0261,-10.1507,0.1000,経路未発見,88
7293,0.0261,-10.2067,0.1000,経路未発見,79
7294,0.0261,-10.2093,0.1000,経路未発見,33
7295,0.0261,-10.2600,0.1000,経路未発見,56
7296,0.0260,-10.2813,0.1000,経路未発見,55
7297,0.0260,-10.2373,0.1000,経路未発見,54
7298,0.0260,-10.1853,0.1000,経路未発見,31
7299,0.0260,-10.2787,0.1000,経路未発見,77
7300,0.0260,-10.3027,0.1000,経路未発見,100
7301,0.0260,-10.2707,0.1000,経路未発見,35
7302,0.0260,-10.1747,0.1000,経路未発見,46
7303,0.0259,-10.1973,0.1000,経路未発見,55
7304,0.0259,-10.8867,0.0667,経路未発見,38
7305,0.0259,-10.8867,0.0667,経路未発見,44
7306,0.0259,-10.9533,0.0667,経路未発見,61
7307,0.0259,-10.9067,0.0667,経路未発見,42
7308,0.0259,-10.8160,0.0667,経路未発見,36
7309,0.0259,-10.8427,0.0667,経路未発見,80
7310,0.0259,-10.9027,0.0667,経路未発見,47
7311,0.0258,-10.9987,0.0667,経路未発見,65
7312,0.0258,-10.8813,0.0667,経路未発見,73
7313,0.0258,-10.8960,0.0667,経路未発見,42
7314,0.0258,-11.6080,0.0333,経路未発見,33
7315,0.0258,-11.4347,0.0333,経路未発見,30
7316,0.0258,-11.4440,0.0333,経路未発見,29
7317,0.0258,-11.4240,0.0333,経路未発見,34
7318,0.0258,-11.6013,0.0333,経路未発見,117
7319,0.0257,-12.2253,0.0000,経路未発見,72
7320,0.0257,-12.2667,0.0000,経路未発見,74
7321,0.0257,-12.4547,0.0000,経路未発見,149
7322,0.0257,-12.3453,0.0000,経路未発見,29
7323,0.0257,-12.3080,0.0000,経路未発見,30
7324,0.0257,-12.3000,0.0000,経路未発見,54
7325,0.0257,-12.2120,0.0000,経路未発見,90
7326,0.0257,-12.2653,0.0000,経路未発見,68
7327,0.0256,-12.2240,0.0000,経路未発見,33
7328,0.0256,-11.7000,0.0333,経路未発見,139
7329,0.0256,-11.5867,0.0333,経路未発見,105
7330,0.0256,-11.5480,0.0333,経路未発見,25
7331,0.0256,-11.6293,0.0333,経路未発見,48
7332,0.0256,-10.9813,0.0667,経路未発見,108
7333,0.0256,-10.9880,0.0667,経路未発見,66
7334,0.0255,-11.0000,0.0667,経路未発見,61
7335,0.0255,-11.0680,0.0667,経路未発見,43
7336,0.0255,-11.1133,0.0667,経路未発見,129
7337,0.0255,-11.0520,0.0667,経路未発見,96
7338,0.0255,-11.0093,0.0667,経路未発見,112
7339,0.0255,-11.0173,0.0667,経路未発見,85
7340,0.0255,-10.4693,0.1000,経路未発見,107
7341,0.0255,-10.4067,0.1000,経路未発見,86
7342,0.0254,-10.4253,0.1000,経路未発見,63
7343,0.0254,-10.4387,0.1000,経路未発見,52
7344,0.0254,-10.5013,0.1000,経路未発見,74
7345,0.0254,-10.5160,0.1000,経路未発見,67
7346,0.0254,-10.4733,0.1000,経路未発見,36
7347,0.0254,-10.4947,0.1000,経路未発見,83
7348,0.0254,-10.3840,0.1000,経路未発見,77
7349,0.0254,-10.3347,0.1000,経路未発見,36
7350,0.0253,-10.3627,0.1000,経路未発見,57
7351,0.0253,-10.2733,0.1000,経路未発見,95
7352,0.0253,-10.3613,0.1000,経路未発見,64
7353,0.0253,-10.3480,0.1000,経路未発見,53
7354,0.0253,-10.3213,0.1000,経路未発見,98
7355,0.0253,-10.4453,0.1000,経路未発見,91
7356,0.0253,-10.3467,0.1000,経路未発見,44
7357,0.0253,-10.5107,0.1000,経路未発見,131
7358,0.0252,-11.0520,0.0667,経路未発見,34
7359,0.0252,-11.0640,0.0667,経路未発見,27
7360,0.0252,-11.1000,0.0667,経路未発見,38
7361,0.0252,-11.0507,0.0667,経路未発見,36
7362,0.0252,-11.7787,0.0333,経路未発見,67
7363,0.0252,-11.7440,0.0333,経路未発見,43
7364,0.0252,-11.7680,0.0333,経路未発見,52
7365,0.0252,-11.6920,0.0333,経路未発見,31
7366,0.0251,-11.6333,0.0333,経路未発見,42
7367,0.0251,-11.8573,0.0333,経路未発見,96
7368,0.0251,-11.9427,0.0333,経路未発見,81
7369,0.0251,-11.9173,0.0333,経路未発見,52
7370,0.0251,-12.4267,0.0000,経路未発見,79
7371,0.0251,-12.4520,0.0000,経路未発見,72
7372,0.0251,-12.3907,0.0000,経路未発見,28
7373,0.0251,-12.3707,0.0000,経路未発見,67
7374,0.0250,-12.3187,0.0000,経路未発見,45
7375,0.0250,-12.3600,0.0000,経路未発見,45
7376,0.0250,-12.3853,0.0000,経路未発見,49
7377,0.0250,-12.4147,0.0000,経路未発見,69
7378,0.0250,-12.4120,0.0000,経路未発見,40
7379,0.0250,-12.4893,0.0000,経路未発見,110
7380,0.0250,-12.4773,0.0000,経路未発見,35
7381,0.0250,-12.4080,0.0000,経路未発見,34
7382,0.0249,-12.4120,0.0000,経路未発見,90
7383,0.0249,-12.4653,0.0000,経路未発見,61
7384,0.0249,-12.4747,0.0000,経路未発見,47
7385,0.0249,-12.4267,0.0000,経路未発見,40
7386,0.0249,-12.4653,0.0000,経路未発見,92
7387,0.0249,-12.4053,0.0000,経路未発見,68
7388,0.0249,-12.5027,0.0000,経路未発見,36
7389,0.0249,-12.5080,0.0000,経路未発見,35
7390,0.0248,-12.5280,0.0000,経路未発見,32
7391,0.0248,-12.6267,0.0000,経路未発見,77
7392,0.0248,-12.5747,0.0000,経路未発見,34
7393,0.0248,-12.5853,0.0000,経路未発見,40
7394,0.0248,-12.5080,0.0000,経路未発見,36
7395,0.0248,-12.5947,0.0000,経路未発見,45
7396,0.0248,-12.6747,0.0000,経路未発見,45
7397,0.0248,-11.9467,0.0333,経路未発見,136
7398,0.0247,-11.9307,0.0333,経路未発見,60
7399,0.0247,-11.9147,0.0333,経路未発見,64
7400,0.0247,-11.8707,0.0333,経路未発見,31
7401,0.0247,-12.1013,0.0333,経路未発見,226
7402,0.0247,-12.1027,0.0333,経路未発見,39
7403,0.0247,-12.1600,0.0333,経路未発見,61
7404,0.0247,-12.1640,0.0333,経路未発見,41
7405,0.0247,-12.3293,0.0333,経路未発見,173
7406,0.0246,-12.1933,0.0333,経路未発見,63
7407,0.0246,-12.2880,0.0333,経路未発見,162
7408,0.0246,-12.2507,0.0333,経路未発見,87
7409,0.0246,-12.2520,0.0333,経路未発見,93
7410,0.0246,-12.2760,0.0333,経路未発見,41
7411,0.0246,-12.3360,0.0333,経路未発見,46
7412,0.0246,-12.3013,0.0333,経路未発見,67
7413,0.0246,-12.2467,0.0333,経路未発見,48
7414,0.0245,-12.2787,0.0333,経路未発見,56
7415,0.0245,-12.2507,0.0333,経路未発見,52
7416,0.0245,-12.2440,0.0333,経路未発見,45
7417,0.0245,-12.1693,0.0333,経路未発見,47
7418,0.0245,-12.0973,0.0333,経路未発見,76
7419,0.0245,-12.1400,0.0333,経路未発見,40
7420,0.0245,-12.1787,0.0333,経路未発見,76
7421,0.0245,-12.0787,0.0333,経路未発見,76
7422,0.0244,-12.1213,0.0333,経路未発見,63
7423,0.0244,-12.3307,0.0333,経路未発見,156
7424,0.0244,-12.4053,0.0333,経路未発見,65
7425,0.0244,-11.6360,0.0667,経路未発見,75
7426,0.0244,-11.5587,0.0667,経路未発見,41
7427,0.0244,-12.1347,0.0333,経路未発見,42
7428,0.0244,-12.2440,0.0333,経路未発見,89
7429,0.0244,-12.2733,0.0333,経路未発見,52
7430,0.0244,-12.3107,0.0333,経路未発見,76
7431,0.0243,-12.0507,0.0333,経路未発見,33
7432,0.0243,-12.1120,0.0333,経路未発見,75
7433,0.0243,-12.1667,0.0333,経路未発見,143
7434,0.0243,-11.4960,0.0667,経路未発見,101
7435,0.0243,-11.2600,0.0667,経路未発見,25
7436,0.0243,-10.8013,0.1000,経路未発見,152
7437,0.0243,-10.8547,0.1000,経路未発見,196
7438,0.0243,-10.8333,0.1000,経路未発見,62
7439,0.0242,-10.7813,0.1000,経路未発見,40
7440,0.0242,-10.6973,0.1000,経路未発見,30
7441,0.0242,-10.6960,0.1000,経路未発見,101
7442,0.0242,-10.7787,0.1000,経路未発見,104
7443,0.0242,-10.8440,0.1000,経路未発見,113
7444,0.0242,-10.8387,0.1000,経路未発見,48
7445,0.0242,-10.9107,0.1000,経路未発見,91
7446,0.0242,-11.0413,0.1000,経路未発見,98
7447,0.0241,-11.0400,0.1000,経路未発見,36
7448,0.0241,-11.0160,0.1000,経路未発見,57
7449,0.0241,-11.1200,0.1000,経路未発見,138
7450,0.0241,-11.0227,0.1000,経路未発見,27
7451,0.0241,-11.0733,0.1000,経路未発見,112
7452,0.0241,-11.2453,0.1000,経路未発見,129
7453,0.0241,-11.0307,0.1000,経路未発見,48
7454,0.0241,-10.9480,0.1000,経路未発見,27
7455,0.0240,-11.6267,0.0667,経路未発見,30
7456,0.0240,-11.6160,0.0667,経路未発見,52
7457,0.0240,-11.6280,0.0667,経路未発見,34
7458,0.0240,-11.5280,0.0667,経路未発見,41
7459,0.0240,-11.5413,0.0667,経路未発見,113
7460,0.0240,-11.6067,0.0667,経路未発見,73
7461,0.0240,-11.6147,0.0667,経路未発見,71
7462,0.0240,-11.6333,0.0667,経路未発見,101
7463,0.0240,-11.5787,0.0667,経路未発見,65
7464,0.0239,-12.2707,0.0333,経路未発見,58
7465,0.0239,-12.2853,0.0333,経路未発見,30
7466,0.0239,-12.9560,0.0000,経路未発見,94
7467,0.0239,-12.7933,0.0000,経路未発見,59
7468,0.0239,-12.7893,0.0000,経路未発見,72
7469,0.0239,-12.7973,0.0000,経路未発見,44
7470,0.0239,-12.8867,0.0000,経路未発見,61
7471,0.0239,-12.8453,0.0000,経路未発見,57
7472,0.0238,-12.7680,0.0000,経路未発見,87
7473,0.0238,-12.7427,0.0000,経路未発見,32
7474,0.0238,-12.0387,0.0333,経路未発見,107
7475,0.0238,-11.9827,0.0333,経路未発見,45
7476,0.0238,-11.9627,0.0333,経路未発見,145
7477,0.0238,-11.9440,0.0333,経路未発見,26
7478,0.0238,-11.9213,0.0333,経路未発見,30
7479,0.0238,-11.8547,0.0333,経路未発見,93
7480,0.0238,-11.9800,0.0333,経路未発見,98
7481,0.0237,-11.9813,0.0333,経路未発見,79
7482,0.0237,-11.9280,0.0333,経路未発見,97
7483,0.0237,-12.1400,0.0333,経路未発見,219
7484,0.0237,-12.2613,0.0333,経路未発見,42
7485,0.0237,-11.6680,0.0667,経路未発見,120
7486,0.0237,-11.6067,0.0667,経路未発見,37
7487,0.0237,-11.6587,0.0667,経路未発見,49
7488,0.0237,-10.9640,0.1000,経路未発見,102
7489,0.0236,-10.9320,0.1000,経路未発見,56
7490,0.0236,-10.8787,0.1000,経路未発見,47
7491,0.0236,-10.2600,0.1333,経路未発見,150
7492,0.0236,-10.2627,0.1333,経路未発見,105
7493,0.0236,-10.2040,0.1333,経路未発見,72
7494,0.0236,-10.1333,0.1333,経路未発見,30
7495,0.0236,-10.1493,0.1333,経路未発見,90
7496,0.0236,-10.0800,0.1333,経路未発見,56
7497,0.0235,-10.0427,0.1333,経路未発見,46
7498,0.0235,-10.0413,0.1333,経路未発見,58
7499,0.0235,-10.0693,0.1333,経路未発見,66
7500,0.0235,-10.1360,0.1333,経路未発見,99
7501,0.0235,-10.1173,0.1333,経路未発見,62
7502,0.0235,-10.1800,0.1333,経路未発見,78
7503,0.0235,-10.3133,0.1333,経路未発見,95
7504,0.0235,-10.9347,0.1000,経路未発見,32
7505,0.0235,-10.9213,0.1000,経路未発見,58
7506,0.0234,-10.8680,0.1000,経路未発見,84
7507,0.0234,-10.9507,0.1000,経路未発見,78
7508,0.0234,-11.0373,0.1000,経路未発見,99
7509,0.0234,-10.3080,0.1333,経路未発見,106
7510,0.0234,-10.3053,0.1333,経路未発見,42
7511,0.0234,-10.3560,0.1333,経路未発見,112
7512,0.0234,-10.2227,0.1333,経路未発見,34
7513,0.0234,-10.0053,0.1333,経路未発見,36
7514,0.0233,-9.8720,0.1333,経路未発見,67
7515,0.0233,-9.7307,0.1333,経路未発見,71
7516,0.0233,-9.7773,0.1333,経路未発見,47
7517,0.0233,-9.7960,0.1333,経路未発見,83
7518,0.0233,-10.5360,0.1000,経路未発見,37
7519,0.0233,-9.9400,0.1333,経路未発見,148
7520,0.0233,-9.9440,0.1333,経路未発見,44
7521,0.0233,-10.5440,0.1000,経路未発見,36
7522,0.0233,-10.4280,0.1000,経路未発見,27
7523,0.0232,-10.4387,0.1000,経路未発見,80
7524,0.0232,-10.5480,0.1000,経路未発見,62
7525,0.0232,-10.6120,0.1000,経路未発見,48
7526,0.0232,-10.5707,0.1000,経路未発見,35
7527,0.0232,-10.5600,0.1000,経路未発見,31
7528,0.0232,-10.7160,0.1000,経路未発見,85
7529,0.0232,-10.0307,0.1333,経路未発見,78
7530,0.0232,-9.9227,0.1333,経路未発見,55
7531,0.0232,-9.8880,0.1333,経路未発見,36
7532,0.0231,-9.8893,0.1333,経路未発見,96
7533,0.0231,-9.8320,0.1333,経路未発見,72
7534,0.0231,-9.9000,0.1333,経路未発見,31
7535,0.0231,-9.9467,0.1333,経路未発見,80
7536,0.0231,-9.9147,0.1333,経路未発見,70
7537,0.0231,-9.8587,0.1333,経路未発見,59
7538,0.0231,-9.7720,0.1333,経路未発見,30
7539,0.0231,-10.4133,0.1000,経路未発見,29
7540,0.0230,-10.4400,0.1000,経路未発見,62
7541,0.0230,-10.4867,0.1000,経路未発見,126
7542,0.0230,-10.5453,0.1000,経路未発見,64
7543,0.0230,-10.5853,0.1000,経路未発見,62
7544,0.0230,-10.6480,0.1000,経路未発見,84
7545,0.0230,-11.6253,0.0667,経路未発見,133
7546,0.0230,-11.7867,0.0667,経路未発見,146
7547,0.0230,-11.8893,0.0667,経路未発見,160
7548,0.0230,-11.8413,0.0667,経路未発見,60
7549,0.0229,-12.3893,0.0333,経路未発見,35
7550,0.0229,-12.5413,0.0333,経路未発見,98
7551,0.0229,-12.6787,0.0333,経路未発見,65
7552,0.0229,-12.6920,0.0333,経路未発見,29
7553,0.0229,-12.6293,0.0333,経路未発見,22
7554,0.0229,-12.6360,0.0333,経路未発見,93
7555,0.0229,-12.6267,0.0333,経路未発見,42
7556,0.0229,-12.6827,0.0333,経路未発見,58
7557,0.0229,-12.8560,0.0333,経路未発見,111
7558,0.0228,-12.7293,0.0333,経路未発見,89
7559,0.0228,-13.3013,0.0000,経路未発見,25
7560,0.0228,-13.2573,0.0000,経路未発見,27
7561,0.0228,-13.3427,0.0000,経路未発見,38
7562,0.0228,-13.2867,0.0000,経路未発見,65
7563,0.0228,-13.1533,0.0000,経路未発見,29
7564,0.0228,-13.1467,0.0000,経路未発見,36
7565,0.0228,-13.2280,0.0000,経路未発見,158
7566,0.0228,-13.1613,0.0000,経路未発見,31
7567,0.0227,-13.1733,0.0000,経路未発見,37
7568,0.0227,-13.2573,0.0000,経路未発見,84
7569,0.0227,-13.3160,0.0000,経路未発見,50
7570,0.0227,-12.5707,0.0333,経路未発見,107
7571,0.0227,-12.3067,0.0333,経路未発見,59
7572,0.0227,-12.2480,0.0333,経路未発見,45
7573,0.0227,-12.2533,0.0333,経路未発見,47
7574,0.0227,-12.2240,0.0333,経路未発見,31
7575,0.0226,-12.0347,0.0333,経路未発見,39
7576,0.0226,-11.8933,0.0333,経路未発見,53
7577,0.0226,-11.7800,0.0333,経路未発見,54
7578,0.0226,-11.8160,0.0333,経路未発見,43
7579,0.0226,-11.8213,0.0333,経路未発見,39
7580,0.0226,-11.6613,0.0333,経路未発見,46
7581,0.0226,-11.7267,0.0333,経路未発見,105
7582,0.0226,-11.7600,0.0333,経路未発見,61
7583,0.0226,-11.9360,0.0333,経路未発見,152
7584,0.0225,-12.0253,0.0333,経路未発見,124
7585,0.0225,-12.1107,0.0333,経路未発見,104
7586,0.0225,-12.1400,0.0333,経路未発見,107
7587,0.0225,-12.0067,0.0333,経路未発見,49
7588,0.0225,-12.0227,0.0333,経路未発見,108
7589,0.0225,-12.0653,0.0333,経路未発見,30
7590,0.0225,-12.0867,0.0333,経路未発見,39
7591,0.0225,-12.0213,0.0333,経路未発見,45
7592,0.0225,-11.9493,0.0333,経路未発見,30
7593,0.0224,-12.0560,0.0333,経路未発見,95
7594,0.0224,-12.0720,0.0333,経路未発見,71
7595,0.0224,-11.9787,0.0333,経路未発見,62
7596,0.0224,-12.0480,0.0333,経路未発見,52
7597,0.0224,-12.0120,0.0333,経路未発見,32
7598,0.0224,-12.0120,0.0333,経路未発見,48
7599,0.0224,-12.0027,0.0333,経路未発見,57
7600,0.0224,-12.7787,0.0000,経路未発見,125
7601,0.0224,-12.9680,0.0000,経路未発見,87
7602,0.0223,-13.0547,0.0000,経路未発見,101
7603,0.0223,-13.0960,0.0000,経路未発見,94
7604,0.0223,-13.1453,0.0000,経路未発見,58
7605,0.0223,-13.1267,0.0000,経路未発見,37
7606,0.0223,-13.1107,0.0000,経路未発見,44
7607,0.0223,-13.0533,0.0000,経路未発見,84
7608,0.0223,-13.1627,0.0000,経路未発見,133
7609,0.0223,-13.2320,0.0000,経路未発見,33
7610,0.0223,-13.2920,0.0000,経路未発見,59
7611,0.0222,-13.1387,0.0000,経路未発見,48
7612,0.0222,-13.1187,0.0000,経路未発見,91
7613,0.0222,-13.0427,0.0000,経路未発見,37
7614,0.0222,-12.8840,0.0000,経路未発見,36
7615,0.0222,-12.7747,0.0000,経路未発見,68
7616,0.0222,-12.7480,0.0000,経路未発見,80
7617,0.0222,-12.7147,0.0000,経路未発見,106
7618,0.0222,-12.7507,0.0000,経路未発見,106
7619,0.0222,-12.8067,0.0000,経路未発見,37
7620,0.0221,-12.8653,0.0000,経路未発見,45
7621,0.0221,-12.1640,0.0333,経路未発見,102
7622,0.0221,-12.3960,0.0333,経路未発見,166
7623,0.0221,-12.5080,0.0333,経路未発見,110
7624,0.0221,-12.5347,0.0333,経路未発見,96
7625,0.0221,-12.5613,0.0333,経路未発見,58
7626,0.0221,-12.5840,0.0333,経路未発見,60
7627,0.0221,-11.9147,0.0667,経路未発見,90
7628,0.0221,-11.9067,0.0667,経路未発見,83
7629,0.0220,-11.9240,0.0667,経路未発見,37
7630,0.0220,-11.8120,0.0667,経路未発見,41
7631,0.0220,-11.7347,0.0667,経路未発見,54
7632,0.0220,-11.7027,0.0667,経路未発見,73
7633,0.0220,-11.7147,0.0667,経路未発見,45
7634,0.0220,-11.5933,0.0667,経路未発見,96
7635,0.0220,-11.5987,0.0667,経路未発見,73
7636,0.0220,-11.5813,0.0667,経路未発見,81
7637,0.0220,-11.6720,0.0667,経路未発見,103
7638,0.0219,-10.8560,0.1000,105,99
7639,0.0219,-10.8040,0.1000,105,39
7640,0.0219,-10.0787,0.1333,経路未発見,105
7641,0.0219,-9.3493,0.1667,経路未発見,109
7642,0.0219,-9.4120,0.1667,経路未発見,61
7643,0.0219,-8.7013,0.2000,経路未発見,105
7644,0.0219,-8.6867,0.2000,経路未発見,50
7645,0.0219,-8.6667,0.2000,経路未発見,47
7646,0.0219,-8.6760,0.2000,経路未発見,65
7647,0.0218,-8.7040,0.2000,経路未発見,81
7648,0.0218,-8.5653,0.2000,経路未発見,32
7649,0.0218,-8.5187,0.2000,経路未発見,63
7650,0.0218,-8.6160,0.2000,経路未発見,120
7651,0.0218,-9.3107,0.1667,119,58
7652,0.0218,-9.0640,0.1667,経路未発見,25
7653,0.0218,-8.8720,0.1667,経路未発見,57
7654,0.0218,-8.9853,0.1667,経路未発見,151
7655,0.0218,-9.1227,0.1667,経路未発見,192
7656,0.0217,-9.1987,0.1667,経路未発見,135
7657,0.0217,-10.0013,0.1333,経路未発見,114
7658,0.0217,-9.9733,0.1333,経路未発見,70
7659,0.0217,-10.5253,0.1333,経路未発見,460
7660,0.0217,-10.9920,0.1333,経路未発見,419
7661,0.0217,-11.0013,0.1333,経路未発見,52
7662,0.0217,-11.0027,0.1333,経路未発見,103
7663,0.0217,-10.9360,0.1333,経路未発見,40
7664,0.0217,-11.0733,0.1333,経路未発見,89
7665,0.0217,-11.0227,0.1333,経路未発見,49
7666,0.0216,-10.9987,0.1333,経路未発見,38
7667,0.0216,-10.9267,0.1333,経路未発見,50
7668,0.0216,-11.6240,0.1000,経路未発見,37
7669,0.0216,-11.7427,0.1000,経路未発見,103
7670,0.0216,-12.3787,0.0667,経路未発見,31
7671,0.0216,-13.0987,0.0333,経路未発見,47
7672,0.0216,-13.0973,0.0333,経路未発見,70
7673,0.0216,-13.7080,0.0000,経路未発見,26
7674,0.0216,-13.7293,0.0000,経路未発見,43
7675,0.0215,-13.8200,0.0000,経路未発見,72
7676,0.0215,-13.7160,0.0000,経路未発見,33
7677,0.0215,-13.8000,0.0000,経路未発見,118
7678,0.0215,-13.8960,0.0000,経路未発見,58
7679,0.0215,-14.0853,0.0000,経路未発見,87
7680,0.0215,-14.3720,0.0000,経路未発見,64
7681,0.0215,-14.6507,0.0000,経路未発見,211
7682,0.0215,-14.7000,0.0000,経路未発見,33
7683,0.0215,-14.7613,0.0000,経路未発見,84
7684,0.0214,-14.6920,0.0000,経路未発見,149
7685,0.0214,-14.5200,0.0000,経路未発見,84
7686,0.0214,-14.4720,0.0000,経路未発見,106
7687,0.0214,-14.5613,0.0000,経路未発見,159
7688,0.0214,-14.5320,0.0000,経路未発見,36
7689,0.0214,-13.8973,0.0000,経路未発見,25
7690,0.0214,-13.4627,0.0000,経路未発見,74
7691,0.0214,-13.4000,0.0000,経路未発見,26
7692,0.0214,-13.3773,0.0000,経路未発見,76
7693,0.0214,-13.4653,0.0000,経路未発見,131
7694,0.0213,-13.4133,0.0000,経路未発見,37
7695,0.0213,-13.5333,0.0000,経路未発見,81
7696,0.0213,-13.7040,0.0000,経路未発見,171
7697,0.0213,-13.6800,0.0000,経路未発見,32
7698,0.0213,-13.5960,0.0000,経路未発見,30
7699,0.0213,-13.6160,0.0000,経路未発見,102
7700,0.0213,-13.6640,0.0000,経路未発見,87
7701,0.0213,-13.7067,0.0000,経路未発見,56
7702,0.0213,-13.6933,0.0000,経路未発見,44
7703,0.0212,-13.9320,0.0000,経路未発見,180
7704,0.0212,-13.9827,0.0000,経路未発見,35
7705,0.0212,-13.9480,0.0000,経路未発見,97
7706,0.0212,-13.9747,0.0000,経路未発見,69
7707,0.0212,-14.0613,0.0000,経路未発見,209
7708,0.0212,-14.0693,0.0000,経路未発見,73
7709,0.0212,-13.9973,0.0000,経路未発見,128
7710,0.0212,-13.6587,0.0000,経路未発見,98
7711,0.0212,-13.8373,0.0000,経路未発見,230
7712,0.0211,-13.7920,0.0000,経路未発見,26
7713,0.0211,-13.8480,0.0000,経路未発見,100
7714,0.0211,-13.7080,0.0000,経路未発見,34
7715,0.0211,-13.6840,0.0000,経路未発見,72
7716,0.0211,-13.6320,0.0000,経路未発見,50
7717,0.0211,-13.3693,0.0000,経路未発見,91
7718,0.0211,-13.4427,0.0000,経路未発見,43
7719,0.0211,-13.5467,0.0000,経路未発見,88
7720,0.0211,-13.4893,0.0000,経路未発見,67
7721,0.0211,-13.6013,0.0000,経路未発見,83
7722,0.0210,-13.5360,0.0000,経路未発見,33
7723,0.0210,-13.6720,0.0000,経路未発見,214
7724,0.0210,-13.6600,0.0000,経路未発見,41
7725,0.0210,-12.8773,0.0333,経路未発見,98
7726,0.0210,-12.3307,0.0667,経路未発見,278
7727,0.0210,-12.3440,0.0667,経路未発見,38
7728,0.0210,-12.4333,0.0667,経路未発見,73
7729,0.0210,-12.3307,0.0667,経路未発見,65
7730,0.0210,-12.3160,0.0667,経路未発見,39
7731,0.0209,-12.3093,0.0667,経路未発見,37
7732,0.0209,-12.2560,0.0667,経路未発見,35
7733,0.0209,-12.1453,0.0667,経路未発見,58
7734,0.0209,-12.2787,0.0667,経路未発見,177
7735,0.0209,-12.2240,0.0667,経路未発見,34
7736,0.0209,-12.2960,0.0667,経路未発見,37
7737,0.0209,-12.2347,0.0667,経路未発見,136
7738,0.0209,-11.7493,0.1000,経路未発見,169
7739,0.0209,-11.7160,0.1000,経路未発見,120
7740,0.0209,-11.6120,0.1000,経路未発見,28
7741,0.0208,-11.2440,0.1000,経路未発見,112
7742,0.0208,-11.3120,0.1000,経路未発見,33
7743,0.0208,-11.2173,0.1000,経路未発見,49
7744,0.0208,-11.3093,0.1000,経路未発見,44
7745,0.0208,-11.2520,0.1000,経路未発見,23
7746,0.0208,-11.3800,0.1000,経路未発見,96
7747,0.0208,-11.3907,0.1000,経路未発見,22
7748,0.0208,-11.3307,0.1000,経路未発見,31
7749,0.0208,-11.2853,0.1000,経路未発見,81
7750,0.0208,-11.3413,0.1000,経路未発見,65
7751,0.0207,-11.3653,0.1000,経路未発見,123
7752,0.0207,-11.4133,0.1000,経路未発見,42
7753,0.0207,-11.2187,0.1000,経路未発見,78
7754,0.0207,-11.2827,0.1000,経路未発見,35
7755,0.0207,-12.0160,0.0667,経路未発見,42
7756,0.0207,-11.6933,0.0667,経路未発見,74
7757,0.0207,-11.6307,0.0667,経路未発見,24
7758,0.0207,-11.5627,0.0667,経路未発見,38
7759,0.0207,-11.6040,0.0667,経路未発見,47
7760,0.0206,-11.6000,0.0667,経路未発見,38
7761,0.0206,-11.5227,0.0667,経路未発見,33
7762,0.0206,-11.6093,0.0667,経路未発見,52
7763,0.0206,-11.5640,0.0667,経路未発見,38
7764,0.0206,-11.4160,0.0667,経路未発見,65
7765,0.0206,-11.4493,0.0667,経路未発見,53
7766,0.0206,-11.3680,0.0667,経路未発見,36
7767,0.0206,-11.2453,0.0667,経路未発見,39
7768,0.0206,-11.6293,0.0333,経路未発見,34
7769,0.0206,-11.6640,0.0333,経路未発見,85
7770,0.0205,-11.6413,0.0333,経路未発見,28
7771,0.0205,-11.5440,0.0333,経路未発見,44
7772,0.0205,-10.8600,0.0667,経路未発見,116
7773,0.0205,-10.9067,0.0667,経路未発見,82
7774,0.0205,-10.8253,0.0667,経路未発見,50
7775,0.0205,-10.8920,0.0667,経路未発見,35
7776,0.0205,-10.6707,0.0667,経路未発見,26
7777,0.0205,-10.7267,0.0667,経路未発見,29
7778,0.0205,-10.0760,0.1000,経路未発見,122
7779,0.0205,-10.1520,0.1000,経路未発見,105
7780,0.0204,-10.0587,0.1000,経路未発見,27
7781,0.0204,-9.9627,0.1000,経路未発見,56
7782,0.0204,-9.8747,0.1000,経路未発見,26
7783,0.0204,-9.9187,0.1000,経路未発見,88
7784,0.0204,-9.9267,0.1000,経路未発見,100
7785,0.0204,-9.9587,0.1000,経路未発見,101
7786,0.0204,-10.7507,0.0667,経路未発見,75
7787,0.0204,-10.7920,0.0667,経路未発見,37
7788,0.0204,-10.8680,0.0667,経路未発見,89
7789,0.0203,-10.9133,0.0667,経路未発見,122
7790,0.0203,-10.9107,0.0667,経路未発見,48
7791,0.0203,-11.0413,0.0667,経路未発見,101
7792,0.0203,-11.0280,0.0667,経路未発見,65
7793,0.0203,-11.1453,0.0667,経路未発見,139
7794,0.0203,-11.0387,0.0667,経路未発見,19
7795,0.0203,-11.0947,0.0667,経路未発見,76
7796,0.0203,-11.2213,0.0667,経路未発見,80
7797,0.0203,-11.3147,0.0667,経路未発見,48
7798,0.0203,-11.4000,0.0667,経路未発見,87
7799,0.0202,-11.3120,0.0667,経路未発見,41
7800,0.0202,-11.4400,0.0667,経路未発見,98
7801,0.0202,-11.4520,0.0667,経路未発見,71
7802,0.0202,-12.1000,0.0333,経路未発見,78
7803,0.0202,-12.0507,0.0333,経路未発見,43
7804,0.0202,-12.1040,0.0333,経路未発見,76
7805,0.0202,-12.2053,0.0333,経路未発見,88
7806,0.0202,-12.2493,0.0333,経路未発見,69
7807,0.0202,-12.4267,0.0333,経路未発見,112
7808,0.0202,-13.0373,0.0000,経路未発見,24
7809,0.0201,-13.0253,0.0000,経路未発見,76
7810,0.0201,-13.1027,0.0000,経路未発見,65
7811,0.0201,-13.1867,0.0000,経路未発見,80
7812,0.0201,-13.2587,0.0000,経路未発見,97
7813,0.0201,-13.1533,0.0000,経路未発見,63
7814,0.0201,-13.0507,0.0000,経路未発見,28
7815,0.0201,-13.0320,0.0000,経路未発見,84
7816,0.0201,-12.9933,0.0000,経路未発見,38
7817,0.0201,-13.0587,0.0000,経路未発見,38
7818,0.0201,-13.1080,0.0000,経路未発見,82
7819,0.0200,-13.0147,0.0000,経路未発見,57
7820,0.0200,-13.1093,0.0000,経路未発見,83
7821,0.0200,-13.1480,0.0000,経路未発見,86
7822,0.0200,-13.1040,0.0000,経路未発見,85
7823,0.0200,-12.9853,0.0000,経路未発見,42
7824,0.0200,-13.0680,0.0000,経路未発見,34
7825,0.0200,-13.0107,0.0000,経路未発見,47
7826,0.0200,-12.9387,0.0000,経路未発見,60
7827,0.0200,-12.8587,0.0000,経路未発見,61
7828,0.0200,-12.8667,0.0000,経路未発見,47
7829,0.0199,-12.9013,0.0000,経路未発見,87
7830,0.0199,-12.8267,0.0000,経路未発見,56
7831,0.0199,-12.8333,0.0000,経路未発見,46
7832,0.0199,-12.2307,0.0333,経路未発見,112
7833,0.0199,-12.4613,0.0333,経路未発見,207
7834,0.0199,-12.4440,0.0333,経路未発見,44
7835,0.0199,-12.3653,0.0333,経路未発見,81
7836,0.0199,-12.4200,0.0333,経路未発見,46
7837,0.0199,-12.2667,0.0333,経路未発見,62
7838,0.0199,-12.4427,0.0333,経路未発見,138
7839,0.0198,-12.3960,0.0333,経路未発見,34
7840,0.0198,-12.4280,0.0333,経路未発見,74
7841,0.0198,-12.4773,0.0333,経路未発見,123
7842,0.0198,-12.4040,0.0333,経路未発見,27
7843,0.0198,-12.3493,0.0333,経路未発見,24
7844,0.0198,-12.4173,0.0333,経路未発見,65
7845,0.0198,-12.4213,0.0333,経路未発見,80
7846,0.0198,-12.6760,0.0333,経路未発見,237
7847,0.0198,-12.5920,0.0333,経路未発見,35
7848,0.0198,-12.5533,0.0333,経路未発見,83
7849,0.0197,-12.4773,0.0333,経路未発見,25
7850,0.0197,-12.3267,0.0333,経路未発見,25
7851,0.0197,-12.1600,0.0333,経路未発見,28
7852,0.0197,-12.2120,0.0333,経路未発見,52
7853,0.0197,-12.1680,0.0333,経路未発見,31
7854,0.0197,-12.1240,0.0333,経路未発見,42
7855,0.0197,-12.2467,0.0333,経路未発見,169
7856,0.0197,-11.7520,0.0667,経路未発見,228
7857,0.0197,-11.8627,0.0667,経路未発見,133
7858,0.0197,-11.7547,0.0667,経路未発見,25
7859,0.0196,-11.9600,0.0667,経路未発見,211
7860,0.0196,-12.0000,0.0667,経路未発見,102
7861,0.0196,-11.9453,0.0667,経路未発見,30
7862,0.0196,-12.5267,0.0333,経路未発見,30
7863,0.0196,-12.2760,0.0333,経路未発見,53
7864,0.0196,-12.2080,0.0333,経路未発見,26
7865,0.0196,-12.1840,0.0333,経路未発見,59
7866,0.0196,-11.4560,0.0667,経路未発見,102
7867,0.0196,-11.4440,0.0667,経路未発見,59
7868,0.0196,-11.3520,0.0667,経路未発見,55
7869,0.0196,-11.4240,0.0667,経路未発見,96
7870,0.0195,-11.3573,0.0667,経路未発見,32
7871,0.0195,-11.2533,0.0667,経路未発見,55
7872,0.0195,-11.2640,0.0667,経路未発見,31
7873,0.0195,-11.4947,0.0667,経路未発見,69
7874,0.0195,-11.4467,0.0667,経路未発見,41
7875,0.0195,-11.5387,0.0667,経路未発見,145
7876,0.0195,-11.3880,0.0667,経路未発見,75
7877,0.0195,-11.4680,0.0667,経路未発見,68
7878,0.0195,-11.5667,0.0667,経路未発見,137
7879,0.0195,-10.9387,0.1000,経路未発見,89
7880,0.0194,-10.9987,0.1000,経路未発見,30
7881,0.0194,-10.9960,0.1000,経路未発見,45
7882,0.0194,-10.8933,0.1000,経路未発見,27
7883,0.0194,-10.9440,0.1000,経路未発見,38
7884,0.0194,-11.1480,0.1000,経路未発見,141
7885,0.0194,-11.1253,0.1000,経路未発見,86
7886,0.0194,-11.7187,0.0667,経路未発見,142
7887,0.0194,-11.6253,0.0667,経路未発見,64
7888,0.0194,-11.7173,0.0667,経路未発見,116
7889,0.0194,-11.4667,0.0667,経路未発見,37
7890,0.0193,-10.8560,0.1000,経路未発見,124
7891,0.0193,-10.9560,0.1000,経路未発見,45
7892,0.0193,-10.9987,0.1000,経路未発見,58
7893,0.0193,-10.9773,0.1000,経路未発見,29
7894,0.0193,-11.1573,0.1000,経路未発見,125
7895,0.0193,-11.2013,0.1000,経路未発見,55
7896,0.0193,-11.9720,0.0667,経路未発見,74
7897,0.0193,-12.0240,0.0667,経路未発見,54
7898,0.0193,-12.0213,0.0667,経路未発見,40
7899,0.0193,-11.9000,0.0667,経路未発見,65
7900,0.0193,-11.9347,0.0667,経路未発見,54
7901,0.0192,-11.9933,0.0667,経路未発見,53
7902,0.0192,-12.0107,0.0667,経路未発見,38
7903,0.0192,-11.8907,0.0667,経路未発見,102
7904,0.0192,-11.9520,0.0667,経路未発見,68
7905,0.0192,-11.8973,0.0667,経路未発見,116
7906,0.0192,-11.9120,0.0667,経路未発見,131
7907,0.0192,-11.8053,0.0667,経路未発見,27
7908,0.0192,-11.7360,0.0667,経路未発見,42
7909,0.0192,-12.3973,0.0333,経路未発見,29
7910,0.0192,-12.3480,0.0333,経路未発見,37
7911,0.0191,-12.3200,0.0333,経路未発見,26
7912,0.0191,-12.4160,0.0333,経路未発見,96
7913,0.0191,-12.4627,0.0333,経路未発見,44
7914,0.0191,-12.3560,0.0333,経路未発見,60
7915,0.0191,-12.2520,0.0333,経路未発見,49
7916,0.0191,-12.1533,0.0333,経路未発見,64
7917,0.0191,-12.3733,0.0333,経路未発見,235
7918,0.0191,-12.3347,0.0333,経路未発見,66
7919,0.0191,-12.3427,0.0333,経路未発見,85
7920,0.0191,-12.9733,0.0000,経路未発見,97
7921,0.0190,-12.8667,0.0000,経路未発見,27
7922,0.0190,-12.8733,0.0000,経路未発見,89
7923,0.0190,-12.9867,0.0000,経路未発見,86
7924,0.0190,-12.8880,0.0000,経路未発見,78
7925,0.0190,-12.9733,0.0000,経路未発見,117
7926,0.0190,-12.8573,0.0000,経路未発見,28
7927,0.0190,-12.9240,0.0000,経路未発見,128
7928,0.0190,-12.8453,0.0000,経路未発見,30
7929,0.0190,-12.9520,0.0000,経路未発見,76
7930,0.0190,-12.9613,0.0000,経路未発見,51
7931,0.0190,-12.8533,0.0000,経路未発見,35
7932,0.0189,-12.8440,0.0000,経路未発見,41
7933,0.0189,-12.8747,0.0000,経路未発見,99
7934,0.0189,-12.8960,0.0000,経路未発見,41
7935,0.0189,-12.8547,0.0000,経路未発見,64
7936,0.0189,-12.7813,0.0000,経路未発見,73
7937,0.0189,-12.8773,0.0000,経路未発見,65
7938,0.0189,-12.7587,0.0000,経路未発見,32
7939,0.0189,-12.8907,0.0000,経路未発見,80
7940,0.0189,-12.9360,0.0000,経路未発見,44
7941,0.0189,-13.0227,0.0000,経路未発見,42
7942,0.0189,-13.0307,0.0000,経路未発見,106
7943,0.0188,-12.9907,0.0000,経路未発見,72
7944,0.0188,-12.9573,0.0000,経路未発見,72
7945,0.0188,-12.9907,0.0000,経路未発見,99
7946,0.0188,-13.7707,0.0000,経路未発見,196
7947,0.0188,-13.6067,0.0000,経路未発見,95
7948,0.0188,-13.6867,0.0000,経路未発見,52
7949,0.0188,-13.6800,0.0000,経路未発見,67
7950,0.0188,-13.6480,0.0000,経路未発見,69
7951,0.0188,-13.6827,0.0000,経路未発見,34
7952,0.0188,-13.6947,0.0000,経路未発見,72
7953,0.0187,-13.6360,0.0000,経路未発見,64
7954,0.0187,-13.6613,0.0000,経路未発見,56
7955,0.0187,-13.5840,0.0000,経路未発見,74
7956,0.0187,-13.6373,0.0000,経路未発見,72
7957,0.0187,-13.6427,0.0000,経路未発見,109
7958,0.0187,-13.7373,0.0000,経路未発見,68
7959,0.0187,-13.6840,0.0000,経路未発見,54
7960,0.0187,-13.8787,0.0000,経路未発見,187
7961,0.0187,-13.9627,0.0000,経路未発見,70
7962,0.0187,-13.9800,0.0000,経路未発見,48
7963,0.0187,-14.1093,0.0000,経路未発見,168
7964,0.0186,-14.1653,0.0000,経路未発見,138
7965,0.0186,-14.1160,0.0000,経路未発見,52
7966,0.0186,-14.2267,0.0000,129,165
7967,0.0186,-14.2587,0.0000,経路未発見,61
7968,0.0186,-14.3613,0.0000,経路未発見,65
7969,0.0186,-14.4373,0.0000,経路未発見,204
7970,0.0186,-14.4680,0.0000,経路未発見,70
7971,0.0186,-14.4960,0.0000,経路未発見,105
7972,0.0186,-14.4720,0.0000,経路未発見,40
7973,0.0186,-13.7080,0.0333,経路未発見,99
7974,0.0186,-13.7533,0.0333,経路未発見,94
7975,0.0185,-13.7320,0.0333,経路未発見,80
7976,0.0185,-13.0000,0.0333,経路未発見,53
7977,0.0185,-12.8867,0.0333,経路未発見,38
7978,0.0185,-12.8440,0.0333,経路未発見,86
7979,0.0185,-13.0427,0.0333,経路未発見,173
7980,0.0185,-12.9840,0.0333,経路未発見,47
7981,0.0185,-12.9640,0.0333,経路未発見,36
7982,0.0185,-12.9520,0.0333,経路未発見,38
7983,0.0185,-12.9880,0.0333,経路未発見,39
7984,0.0185,-12.9480,0.0333,経路未発見,53
7985,0.0184,-13.0707,0.0333,経路未発見,146
7986,0.0184,-13.0320,0.0333,経路未発見,40
7987,0.0184,-12.9387,0.0333,経路未発見,58
7988,0.0184,-13.0320,0.0333,経路未発見,119
7989,0.0184,-13.0293,0.0333,経路未発見,56
7990,0.0184,-12.8680,0.0333,経路未発見,71
7991,0.0184,-12.8827,0.0333,経路未発見,44
7992,0.0184,-13.1547,0.0333,経路未発見,199
7993,0.0184,-12.9267,0.0333,経路未発見,29
7994,0.0184,-12.8680,0.0333,経路未発見,51
7995,0.0184,-12.1813,0.0667,経路未発見,106
7996,0.0183,-12.0787,0.0667,経路未発見,40
7997,0.0183,-12.0373,0.0667,経路未発見,63
7998,0.0183,-11.9907,0.0667,経路未発見,67
7999,0.0183,-11.7640,0.0667,経路未発見,30
8000,0.0183,-11.6787,0.0667,経路未発見,24
8001,0.0183,-11.6013,0.0667,経路未発見,42
8002,0.0183,-11.5720,0.0667,経路未発見,45
8003,0.0183,-12.2907,0.0333,経路未発見,38
8004,0.0183,-12.2187,0.0333,経路未発見,43
8005,0.0183,-12.2093,0.0333,経路未発見,59
8006,0.0183,-11.5440,0.0667,経路未発見,117
8007,0.0182,-11.6160,0.0667,経路未発見,78
8008,0.0182,-11.6773,0.0667,経路未発見,136
8009,0.0182,-11.4587,0.0667,経路未発見,66
8010,0.0182,-11.5613,0.0667,経路未発見,99
8011,0.0182,-11.5547,0.0667,経路未発見,41
8012,0.0182,-11.5307,0.0667,経路未発見,39
8013,0.0182,-11.4733,0.0667,経路未発見,49
8014,0.0182,-11.4133,0.0667,経路未発見,29
8015,0.0182,-11.2853,0.0667,経路未発見,112
8016,0.0182,-11.2400,0.0667,経路未発見,22
8017,0.0182,-11.4347,0.0667,経路未発見,228
8018,0.0181,-11.3240,0.0667,経路未発見,61
8019,0.0181,-11.3493,0.0667,経路未発見,58
8020,0.0181,-11.2560,0.0667,経路未発見,31
8021,0.0181,-11.3120,0.0667,経路未発見,105
8022,0.0181,-11.2200,0.0667,経路未発見,102
8023,0.0181,-11.2613,0.0667,経路未発見,50
8024,0.0181,-11.3800,0.0667,経路未発見,105
8025,0.0181,-12.1827,0.0333,経路未発見,122
8026,0.0181,-12.1733,0.0333,経路未発見,62
8027,0.0181,-12.2600,0.0333,経路未発見,57
8028,0.0181,-12.3467,0.0333,経路未発見,115
8029,0.0180,-12.4320,0.0333,経路未発見,95
8030,0.0180,-12.4467,0.0333,経路未発見,33
8031,0.0180,-12.6267,0.0333,経路未発見,119
8032,0.0180,-12.6453,0.0333,経路未発見,52
8033,0.0180,-12.7253,0.0333,経路未発見,94
8034,0.0180,-12.7320,0.0333,経路未発見,90
8035,0.0180,-12.6987,0.0333,経路未発見,32
8036,0.0180,-13.2653,0.0000,経路未発見,33
8037,0.0180,-13.2520,0.0000,経路未発見,87
8038,0.0180,-13.2573,0.0000,経路未発見,102
8039,0.0180,-13.2547,0.0000,経路未発見,48
8040,0.0179,-13.1240,0.0000,経路未発見,28
8041,0.0179,-13.2280,0.0000,経路未発見,74
8042,0.0179,-12.5627,0.0333,経路未発見,106
8043,0.0179,-11.8640,0.0667,経路未発見,111
8044,0.0179,-12.1627,0.0667,経路未発見,254
8045,0.0179,-12.1440,0.0667,経路未発見,75
8046,0.0179,-12.2427,0.0667,経路未発見,50
8047,0.0179,-11.9453,0.0667,経路未発見,21
8048,0.0179,-11.2840,0.1000,経路未発見,106
8049,0.0179,-11.2827,0.1000,経路未発見,75
8050,0.0179,-11.3627,0.1000,経路未発見,53
8051,0.0179,-11.2867,0.1000,経路未発見,50
8052,0.0178,-11.2293,0.1000,経路未発見,106
8053,0.0178,-11.2347,0.1000,経路未発見,50
8054,0.0178,-11.0333,0.1000,経路未発見,35
8055,0.0178,-10.9947,0.1000,経路未発見,40
8056,0.0178,-11.0507,0.1000,経路未発見,136
8057,0.0178,-11.0440,0.1000,経路未発見,93
8058,0.0178,-11.0707,0.1000,経路未発見,116
8059,0.0178,-11.0987,0.1000,経路未発見,52
8060,0.0178,-11.1600,0.1000,経路未発見,52
8061,0.0178,-11.0933,0.1000,経路未発見,103
8062,0.0178,-11.1067,0.1000,経路未発見,42
8063,0.0177,-11.0573,0.1000,経路未発見,55
8064,0.0177,-11.2800,0.1000,経路未発見,211
8065,0.0177,-11.2867,0.1000,経路未発見,46
8066,0.0177,-11.5880,0.1000,経路未発見,183
8067,0.0177,-11.5240,0.1000,経路未発見,34
8068,0.0177,-11.4840,0.1000,経路未発見,66
8069,0.0177,-11.6267,0.1000,経路未発見,145
8070,0.0177,-11.6587,0.1000,経路未発見,44
8071,0.0177,-11.5707,0.1000,経路未発見,37
8072,0.0177,-12.2627,0.0667,経路未発見,40
8073,0.0177,-12.9507,0.0333,経路未発見,40
8074,0.0176,-12.7520,0.0333,経路未発見,80
8075,0.0176,-12.7707,0.0333,経路未発見,107
8076,0.0176,-12.6880,0.0333,経路未発見,30
8077,0.0176,-12.7827,0.0333,経路未発見,60
8078,0.0176,-13.4333,0.0000,経路未発見,45
8079,0.0176,-13.5600,0.0000,経路未発見,167
8080,0.0176,-13.5613,0.0000,経路未発見,40
8081,0.0176,-13.5053,0.0000,経路未発見,46
8082,0.0176,-13.5773,0.0000,経路未発見,152
8083,0.0176,-13.7560,0.0000,経路未発見,192
8084,0.0176,-13.9973,0.0000,経路未発見,172
8085,0.0175,-13.9187,0.0000,経路未発見,56
8086,0.0175,-13.8613,0.0000,経路未発見,67
8087,0.0175,-13.8053,0.0000,経路未発見,62
8088,0.0175,-13.6493,0.0000,経路未発見,38
8089,0.0175,-13.6053,0.0000,経路未発見,51
8090,0.0175,-13.5667,0.0000,経路未発見,33
8091,0.0175,-13.4293,0.0000,経路未発見,32
8092,0.0175,-13.3773,0.0000,経路未発見,40
8093,0.0175,-13.3587,0.0000,経路未発見,34
8094,0.0175,-13.1053,0.0000,経路未発見,48
8095,0.0175,-13.1000,0.0000,経路未発見,42
8096,0.0175,-12.8333,0.0000,経路未発見,59
8097,0.0174,-12.8933,0.0000,経路未発見,95
8098,0.0174,-12.1133,0.0333,経路未発見,82
8099,0.0174,-11.9787,0.0333,経路未発見,31
8100,0.0174,-12.0280,0.0333,経路未発見,44
8101,0.0174,-12.1267,0.0333,経路未発見,93
8102,0.0174,-12.2120,0.0333,経路未発見,50
8103,0.0174,-12.3080,0.0333,経路未発見,121
8104,0.0174,-12.3413,0.0333,経路未発見,110
8105,0.0174,-12.2627,0.0333,経路未発見,27
8106,0.0174,-12.4133,0.0333,経路未発見,56
8107,0.0174,-12.3640,0.0333,経路未発見,35
8108,0.0173,-12.3760,0.0333,経路未発見,52
8109,0.0173,-12.3693,0.0333,経路未発見,137
8110,0.0173,-12.3933,0.0333,経路未発見,89
8111,0.0173,-12.3933,0.0333,経路未発見,42
8112,0.0173,-12.2747,0.0333,経路未発見,88
8113,0.0173,-11.4200,0.0667,経路未発見,117
8114,0.0173,-11.2427,0.0667,経路未発見,68
8115,0.0173,-11.2187,0.0667,経路未発見,42
8116,0.0173,-10.4387,0.1000,経路未発見,86
8117,0.0173,-10.4840,0.1000,経路未発見,85
8118,0.0173,-10.6800,0.1000,経路未発見,126
8119,0.0173,-10.7600,0.1000,経路未発見,115
8120,0.0172,-10.7267,0.1000,経路未発見,29
8121,0.0172,-10.7973,0.1000,経路未発見,40
8122,0.0172,-10.8813,0.1000,経路未発見,78
8123,0.0172,-10.8747,0.1000,経路未発見,42
8124,0.0172,-10.1653,0.1333,経路未発見,80
8125,0.0172,-10.2920,0.1333,経路未発見,124
8126,0.0172,-10.2373,0.1333,経路未発見,24
8127,0.0172,-10.2347,0.1333,経路未発見,64
8128,0.0172,-11.0533,0.1000,経路未発見,98
8129,0.0172,-11.1240,0.1000,経路未発見,93
8130,0.0172,-11.4947,0.1000,経路未発見,342
8131,0.0172,-11.4360,0.1000,経路未発見,75
8132,0.0171,-10.6800,0.1333,経路未発見,122
8133,0.0171,-10.6493,0.1333,経路未発見,56
8134,0.0171,-10.6853,0.1333,経路未発見,146
8135,0.0171,-10.6693,0.1333,経路未発見,34
8136,0.0171,-10.6573,0.1333,経路未発見,80
8137,0.0171,-10.7347,0.1333,経路未発見,43
8138,0.0171,-10.7227,0.1333,経路未発見,61
8139,0.0171,-10.6920,0.1333,経路未発見,40
8140,0.0171,-10.6973,0.1333,経路未発見,74
8141,0.0171,-10.7747,0.1333,経路未発見,105
8142,0.0171,-10.7733,0.1333,経路未発見,81
8143,0.0170,-11.4240,0.1000,経路未発見,41
8144,0.0170,-11.5413,0.1000,経路未発見,156
8145,0.0170,-11.6027,0.1000,経路未発見,98
8146,0.0170,-12.3027,0.0667,経路未発見,77
8147,0.0170,-12.2787,0.0667,経路未発見,93
8148,0.0170,-11.4427,0.1000,経路未発見,103
8149,0.0170,-11.3267,0.1000,経路未発見,33
8150,0.0170,-11.3480,0.1000,経路未発見,33
8151,0.0170,-10.5867,0.1333,経路未発見,70
8152,0.0170,-10.5600,0.1333,経路未発見,32
8153,0.0170,-10.5920,0.1333,経路未発見,51
8154,0.0170,-11.3013,0.1000,経路未発見,48
8155,0.0169,-11.3227,0.1000,経路未発見,136
8156,0.0169,-11.3160,0.1000,経路未発見,25
8157,0.0169,-10.5520,0.1333,経路未発見,68
8158,0.0169,-10.4280,0.1333,経路未発見,30
8159,0.0169,-10.3947,0.1333,経路未発見,43
8160,0.0169,-9.9507,0.1333,経路未発見,30
8161,0.0169,-9.9093,0.1333,経路未発見,38
8162,0.0169,-9.8933,0.1333,経路未発見,110
8163,0.0169,-9.7933,0.1333,経路未発見,26
8164,0.0169,-9.7920,0.1333,経路未発見,109
8165,0.0169,-9.9067,0.1333,経路未発見,93
8166,0.0169,-9.8053,0.1333,経路未発見,46
8167,0.0168,-9.0973,0.1667,経路未発見,109
8168,0.0168,-9.2800,0.1667,経路未発見,150
8169,0.0168,-9.2333,0.1667,経路未発見,69
8170,0.0168,-9.1973,0.1667,経路未発見,95
8171,0.0168,-9.1040,0.1667,経路未発見,34
8172,0.0168,-9.0760,0.1667,経路未発見,42
8173,0.0168,-9.0907,0.1667,経路未発見,34
8174,0.0168,-8.2120,0.2000,経路未発見,93
8175,0.0168,-8.2400,0.2000,経路未発見,111
8176,0.0168,-8.1933,0.2000,経路未発見,24
8177,0.0168,-8.1280,0.2000,経路未発見,70
8178,0.0168,-8.0587,0.2000,経路未発見,70
8179,0.0167,-8.1373,0.2000,経路未発見,88
8180,0.0167,-8.2547,0.2000,経路未発見,83
8181,0.0167,-9.4200,0.1667,経路未発見,290
8182,0.0167,-9.4227,0.1667,経路未発見,77
8183,0.0167,-9.4240,0.1667,経路未発見,77
8184,0.0167,-9.4293,0.1667,経路未発見,52
8185,0.0167,-9.4493,0.1667,経路未発見,111
8186,0.0167,-9.4760,0.1667,経路未発見,54
8187,0.0167,-10.3653,0.1333,経路未発見,132
8188,0.0167,-10.3760,0.1333,経路未発見,50
8189,0.0167,-10.4027,0.1333,経路未発見,71
8190,0.0167,-10.4573,0.1333,経路未発見,35
8191,0.0166,-10.6560,0.1333,経路未発見,166
8192,0.0166,-11.3573,0.1000,経路未発見,53
8193,0.0166,-11.5893,0.1000,経路未発見,177
8194,0.0166,-11.5227,0.1000,経路未発見,43
8195,0.0166,-11.4227,0.1000,経路未発見,43
8196,0.0166,-10.7480,0.1333,経路未発見,104
8197,0.0166,-11.5693,0.1000,経路未発見,161
8198,0.0166,-11.4533,0.1333,経路未発見,283
8199,0.0166,-11.5160,0.1333,経路未発見,144
8200,0.0166,-11.4440,0.1333,経路未発見,37
8201,0.0166,-11.4840,0.1333,経路未発見,34
8202,0.0166,-11.5493,0.1333,経路未発見,117
8203,0.0165,-11.5067,0.1333,経路未発見,38
8204,0.0165,-12.3200,0.1000,経路未発見,101
8205,0.0165,-12.2253,0.1000,経路未発見,34
8206,0.0165,-12.3667,0.1000,経路未発見,76
8207,0.0165,-12.6133,0.1000,経路未発見,268
8208,0.0165,-13.4720,0.0667,経路未発見,108
8209,0.0165,-13.5307,0.0667,経路未発見,154
8210,0.0165,-13.4907,0.0667,経路未発見,56
8211,0.0165,-13.0853,0.0667,経路未発見,41
8212,0.0165,-12.9853,0.0667,経路未発見,26
8213,0.0165,-12.9867,0.0667,経路未発見,45
8214,0.0165,-12.9893,0.0667,経路未発見,50
8215,0.0164,-12.8293,0.0667,経路未発見,52
8216,0.0164,-12.9120,0.0667,経路未発見,41
8217,0.0164,-12.7800,0.0667,経路未発見,97
8218,0.0164,-12.1013,0.1000,経路未発見,83
8219,0.0164,-11.9987,0.1000,経路未発見,34
8220,0.0164,-12.0147,0.1000,経路未発見,42
8221,0.0164,-11.8093,0.1000,経路未発見,35
8222,0.0164,-11.7733,0.1000,経路未発見,44
8223,0.0164,-11.5920,0.1000,経路未発見,61
8224,0.0164,-10.9160,0.1333,経路未発見,137
8225,0.0164,-11.0360,0.1333,経路未発見,134
8226,0.0164,-11.0573,0.1333,経路未発見,120
8227,0.0163,-10.9013,0.1333,経路未発見,45
8228,0.0163,-10.8453,0.1000,経路未発見,53
8229,0.0163,-10.6613,0.1000,経路未発見,32
8230,0.0163,-10.6893,0.1000,経路未発見,45
8231,0.0163,-10.8787,0.1000,経路未発見,210
8232,0.0163,-10.0440,0.1333,経路未発見,85
8233,0.0163,-10.0480,0.1333,経路未発見,42
8234,0.0163,-9.9280,0.1333,経路未発見,46
8235,0.0163,-9.9667,0.1333,経路未発見,78
8236,0.0163,-9.8213,0.1333,経路未発見,27
8237,0.0163,-9.5373,0.1333,経路未発見,37
8238,0.0163,-9.4320,0.1333,経路未発見,50
8239,0.0162,-8.6720,0.1667,経路未発見,110
8240,0.0162,-8.5973,0.1667,経路未発見,47
8241,0.0162,-8.6440,0.1667,経路未発見,55
8242,0.0162,-8.0627,0.2000,経路未発見,119
8243,0.0162,-8.0973,0.2000,経路未発見,90
8244,0.0162,-7.4120,0.2333,経路未発見,123
8245,0.0162,-7.4360,0.2333,経路未発見,74
8246,0.0162,-7.4000,0.2333,経路未発見,63
8247,0.0162,-7.4413,0.2333,経路未発見,47
8248,0.0162,-8.1720,0.2000,経路未発見,40
8249,0.0162,-8.1840,0.2000,経路未発見,45
8250,0.0162,-8.2200,0.2000,経路未発見,77
8251,0.0162,-8.2227,0.2000,経路未発見,37
8252,0.0161,-7.5680,0.2333,経路未発見,80
8253,0.0161,-7.6040,0.2333,経路未発見,46
8254,0.0161,-8.4693,0.2000,経路未発見,102
8255,0.0161,-8.3547,0.2000,経路未発見,47
8256,0.0161,-9.0560,0.1667,経路未発見,115
8257,0.0161,-9.0880,0.1667,経路未発見,79
8258,0.0161,-9.1267,0.1667,経路未発見,86
8259,0.0161,-8.4600,0.2000,経路未発見,111
8260,0.0161,-8.4867,0.2000,経路未発見,85
8261,0.0161,-7.6147,0.2333,経路未発見,116
8262,0.0161,-8.4987,0.2000,経路未発見,129
8263,0.0161,-8.6720,0.2000,経路未発見,130
8264,0.0160,-8.7533,0.2000,経路未発見,63
8265,0.0160,-8.8933,0.2000,経路未発見,119
8266,0.0160,-8.9307,0.2000,経路未発見,35
8267,0.0160,-8.9107,0.2000,経路未発見,28
8268,0.0160,-8.8960,0.2000,経路未発見,37
8269,0.0160,-9.5613,0.1667,経路未発見,90
8270,0.0160,-9.6493,0.1667,経路未発見,83
8271,0.0160,-9.5467,0.1667,経路未発見,42
8272,0.0160,-10.1960,0.1333,経路未発見,33
8273,0.0160,-10.1520,0.1333,経路未発見,59
8274,0.0160,-10.9067,0.1000,経路未発見,87
8275,0.0160,-10.9133,0.1000,87,38
8276,0.0160,-10.9360,0.1000,経路未発見,52
8277,0.0159,-10.9520,0.1000,経路未発見,91
8278,0.0159,-10.9387,0.1000,経路未発見,80
8279,0.0159,-10.9413,0.1000,経路未発見,32
8280,0.0159,-11.1053,0.1000,経路未発見,128
8281,0.0159,-11.1587,0.1000,経路未発見,38
8282,0.0159,-11.9067,0.0667,経路未発見,40
8283,0.0159,-11.1667,0.1000,経路未発見,73
8284,0.0159,-10.9427,0.1000,経路未発見,52
8285,0.0159,-10.9907,0.1000,経路未発見,76
8286,0.0159,-11.1307,0.1000,経路未発見,121
8287,0.0159,-11.3960,0.1000,経路未発見,234
8288,0.0159,-11.3373,0.1000,経路未発見,33
8289,0.0158,-12.1413,0.0667,経路未発見,56
8290,0.0158,-12.2347,0.0667,経路未発見,139
8291,0.0158,-12.8920,0.0333,111,32
8292,0.0158,-12.8907,0.0333,経路未発見,131
8293,0.0158,-12.6760,0.0333,経路未発見,21
8294,0.0158,-12.6560,0.0333,経路未発見,58
8295,0.0158,-12.4640,0.0333,経路未発見,28
8296,0.0158,-12.5227,0.0333,経路未発見,68
8297,0.0158,-12.5613,0.0333,経路未発見,43
8298,0.0158,-12.5307,0.0333,経路未発見,35
8299,0.0158,-11.8067,0.0667,経路未発見,123
8300,0.0158,-11.8813,0.0667,経路未発見,124
8301,0.0158,-12.0120,0.0667,経路未発見,78
8302,0.0157,-11.2933,0.1000,経路未発見,105
8303,0.0157,-11.2827,0.1000,経路未発見,91
8304,0.0157,-11.2373,0.1000,経路未発見,49
8305,0.0157,-10.5267,0.1333,経路未発見,106
8306,0.0157,-10.5667,0.1333,経路未発見,112
8307,0.0157,-10.6360,0.1333,経路未発見,127
8308,0.0157,-10.5867,0.1333,経路未発見,73
8309,0.0157,-9.9320,0.1667,経路未発見,118
8310,0.0157,-9.7853,0.1667,経路未発見,99
8311,0.0157,-9.7973,0.1667,経路未発見,82
8312,0.0157,-9.7253,0.1667,経路未発見,40
8313,0.0157,-10.4480,0.1333,経路未発見,55
8314,0.0157,-9.7960,0.1667,経路未発見,148
8315,0.0156,-9.9187,0.1667,経路未発見,133
8316,0.0156,-9.7720,0.1667,経路未発見,40
8317,0.0156,-9.6267,0.1667,経路未発見,130
8318,0.0156,-9.6920,0.1667,経路未発見,73
8319,0.0156,-9.5720,0.1667,経路未発見,35
8320,0.0156,-8.7427,0.2000,経路未発見,107
8321,0.0156,-8.8173,0.2000,経路未発見,45
8322,0.0156,-8.6920,0.2000,経路未発見,32
8323,0.0156,-8.7120,0.2000,経路未発見,30
8324,0.0156,-7.9600,0.2333,経路未発見,76
8325,0.0156,-8.0307,0.2333,経路未発見,60
8326,0.0156,-8.0733,0.2333,経路未発見,58
8327,0.0155,-8.1880,0.2333,経路未発見,72
8328,0.0155,-7.5813,0.2667,経路未発見,108
8329,0.0155,-8.3560,0.2333,経路未発見,78
8330,0.0155,-8.2160,0.2333,経路未発見,35
8331,0.0155,-8.1800,0.2333,経路未発見,104
8332,0.0155,-8.8813,0.2000,経路未発見,72
8333,0.0155,-8.8733,0.2000,経路未発見,34
8334,0.0155,-8.8693,0.2000,経路未発見,76
8335,0.0155,-9.5800,0.1667,経路未発見,63
8336,0.0155,-9.4680,0.1667,経路未発見,39
8337,0.0155,-9.3667,0.1667,経路未発見,90
8338,0.0155,-9.4147,0.1667,経路未発見,54
8339,0.0155,-10.0800,0.1333,経路未発見,109
8340,0.0154,-9.9667,0.1333,経路未発見,34
8341,0.0154,-9.9867,0.1333,経路未発見,75
8342,0.0154,-10.0067,0.1333,経路未発見,53
8343,0.0154,-10.0093,0.1333,経路未発見,53
8344,0.0154,-10.6520,0.1000,経路未発見,43
8345,0.0154,-10.5573,0.1000,経路未発見,89
8346,0.0154,-9.8147,0.1333,経路未発見,103
8347,0.0154,-9.6413,0.1333,経路未発見,49
8348,0.0154,-9.5667,0.1333,経路未発見,67
8349,0.0154,-9.5933,0.1333,経路未発見,48
8350,0.0154,-10.2640,0.1000,経路未発見,29
8351,0.0154,-10.2053,0.1000,経路未発見,84
8352,0.0154,-10.1893,0.1000,経路未発見,39
8353,0.0153,-9.5653,0.1333,経路未発見,103
8354,0.0153,-10.3227,0.1000,経路未発見,57
8355,0.0153,-9.5987,0.1333,経路未発見,98
8356,0.0153,-9.5653,0.1333,経路未発見,50
8357,0.0153,-9.4533,0.1333,経路未発見,93
8358,0.0153,-10.1053,0.1000,経路未発見,74
8359,0.0153,-9.3360,0.1333,経路未発見,108
8360,0.0153,-8.6267,0.1667,経路未発見,105
8361,0.0153,-8.5747,0.1667,経路未発見,63
8362,0.0153,-8.5907,0.1667,経路未発見,41
8363,0.0153,-8.5440,0.1667,経路未発見,71
8364,0.0153,-7.8280,0.2000,経路未発見,115
8365,0.0153,-7.7840,0.2000,経路未発見,82
8366,0.0152,-7.9000,0.2000,経路未発見,78
8367,0.0152,-7.9347,0.2000,経路未発見,75
8368,0.0152,-7.8613,0.2000,経路未発見,28
8369,0.0152,-7.9027,0.2000,経路未発見,42
8370,0.0152,-7.9173,0.2000,経路未発見,104
8371,0.0152,-7.7760,0.2000,経路未発見,87
8372,0.0152,-7.7920,0.2000,経路未発見,84
8373,0.0152,-7.8027,0.2000,経路未発見,84
8374,0.0152,-7.7467,0.2000,経路未発見,28
8375,0.0152,-6.9707,0.2333,経路未発見,103
8376,0.0152,-7.7560,0.2000,経路未発見,62
8377,0.0152,-7.7480,0.2000,経路未発見,71
8378,0.0152,-7.7027,0.2000,経路未発見,28
8379,0.0152,-7.0960,0.2333,経路未発見,113
8380,0.0151,-6.4307,0.2667,経路未発見,111
8381,0.0151,-6.4560,0.2667,経路未発見,61
8382,0.0151,-6.4987,0.2667,経路未発見,71
8383,0.0151,-7.1507,0.2333,経路未発見,34
8384,0.0151,-7.0813,0.2333,経路未発見,76
8385,0.0151,-7.8693,0.2000,経路未発見,120
8386,0.0151,-7.9467,0.2000,経路未発見,131
8387,0.0151,-8.0133,0.2000,経路未発見,60
8388,0.0151,-8.0027,0.2000,経路未発見,38
8389,0.0151,-7.9733,0.2000,経路未発見,105
8390,0.0151,-8.6880,0.1667,経路未発見,43
8391,0.0151,-8.6600,0.1667,経路未発見,43
8392,0.0151,-8.6653,0.1667,経路未発見,41
8393,0.0150,-8.0267,0.2000,経路未発見,114
8394,0.0150,-8.8093,0.1667,経路未発見,102
8395,0.0150,-8.9040,0.1667,経路未発見,38
8396,0.0150,-8.9973,0.1667,経路未発見,207
8397,0.0150,-9.0600,0.1667,経路未発見,134
8398,0.0150,-9.0920,0.1667,経路未発見,29
8399,0.0150,-9.0787,0.1667,経路未発見,51
8400,0.0150,-8.3920,0.2000,経路未発見,113
8401,0.0150,-8.5120,0.2000,経路未発見,47
8402,0.0150,-8.5053,0.2000,経路未発見,43
8403,0.0150,-8.6240,0.2000,経路未発見,160
8404,0.0150,-8.7280,0.2000,経路未発見,72
8405,0.0150,-9.4440,0.1667,経路未発見,36
8406,0.0149,-9.5467,0.1667,経路未発見,153
8407,0.0149,-9.5747,0.1667,経路未発見,43
8408,0.0149,-9.6347,0.1667,経路未発見,33
8409,0.0149,-10.1947,0.1333,経路未発見,30
8410,0.0149,-10.9400,0.1000,経路未発見,66
8411,0.0149,-11.0040,0.1000,経路未発見,117
8412,0.0149,-10.9840,0.1000,経路未発見,38
8413,0.0149,-10.9760,0.1000,経路未発見,59
8414,0.0149,-11.0080,0.1000,経路未発見,33
8415,0.0149,-10.8773,0.1000,経路未発見,33
8416,0.0149,-10.7747,0.1000,経路未発見,76
8417,0.0149,-10.8587,0.1000,経路未発見,157
8418,0.0149,-11.0147,0.1000,経路未発見,112
8419,0.0149,-11.7307,0.0667,経路未発見,89
8420,0.0148,-10.9760,0.1000,経路未発見,75
8421,0.0148,-11.0480,0.1000,経路未発見,43
8422,0.0148,-10.9440,0.1333,経路未発見,246
8423,0.0148,-11.6360,0.1000,経路未発見,52
8424,0.0148,-11.6213,0.1000,経路未発見,121
8425,0.0148,-11.5293,0.1000,経路未発見,37
8426,0.0148,-11.3200,0.1000,経路未発見,39
8427,0.0148,-11.3573,0.1000,経路未発見,162
8428,0.0148,-11.5520,0.1000,経路未発見,148
8429,0.0148,-11.5440,0.1000,経路未発見,49
8430,0.0148,-12.3387,0.0667,経路未発見,139
8431,0.0148,-12.3333,0.0667,経路未発見,109
8432,0.0148,-12.2853,0.0667,経路未発見,57
8433,0.0147,-12.1027,0.0667,経路未発見,52
8434,0.0147,-12.1107,0.0667,経路未発見,74
8435,0.0147,-12.1400,0.0667,経路未発見,81
8436,0.0147,-11.9507,0.0667,経路未発見,44
8437,0.0147,-12.0547,0.0667,経路未発見,110
8438,0.0147,-12.0440,0.0667,経路未発見,55
8439,0.0147,-12.0587,0.0667,経路未発見,39
8440,0.0147,-12.0320,0.0667,経路未発見,42
8441,0.0147,-11.9680,0.0667,経路未発見,34
8442,0.0147,-11.9333,0.0667,経路未発見,40
8443,0.0147,-12.0707,0.0667,経路未発見,76
8444,0.0147,-12.1293,0.0667,経路未発見,78
8445,0.0147,-12.2573,0.0667,経路未発見,119
8446,0.0147,-12.1827,0.0667,経路未発見,27
8447,0.0146,-11.9787,0.0667,経路未発見,25
8448,0.0146,-11.8413,0.0667,経路未発見,44
8449,0.0146,-12.0240,0.0667,経路未発見,113
8450,0.0146,-12.8973,0.0333,経路未発見,134
8451,0.0146,-12.8893,0.0333,経路未発見,49
8452,0.0146,-13.1760,0.0000,経路未発見,192
8453,0.0146,-13.1720,0.0000,経路未発見,43
8454,0.0146,-13.1160,0.0000,経路未発見,43
8455,0.0146,-13.1213,0.0000,経路未発見,44
8456,0.0146,-13.1147,0.0000,経路未発見,36
8457,0.0146,-13.4227,0.0000,経路未発見,398
8458,0.0146,-13.2253,0.0000,経路未発見,38
8459,0.0146,-13.2920,0.0000,経路未発見,111
8460,0.0145,-13.1987,0.0000,経路未発見,45
8461,0.0145,-13.1907,0.0000,経路未発見,48
8462,0.0145,-13.2413,0.0000,経路未発見,48
8463,0.0145,-13.2520,0.0000,経路未発見,44
8464,0.0145,-13.2587,0.0000,経路未発見,73
8465,0.0145,-13.2040,0.0000,経路未発見,38
8466,0.0145,-13.2107,0.0000,経路未発見,43
8467,0.0145,-13.1240,0.0000,経路未発見,46
8468,0.0145,-13.2520,0.0000,経路未発見,91
8469,0.0145,-13.3867,0.0000,経路未発見,132
8470,0.0145,-13.3893,0.0000,経路未発見,41
8471,0.0145,-13.3427,0.0000,経路未発見,55
8472,0.0145,-13.3560,0.0000,経路未発見,38
8473,0.0145,-13.2840,0.0000,経路未発見,56
8474,0.0144,-13.2507,0.0000,経路未発見,35
8475,0.0144,-13.1160,0.0000,経路未発見,30
8476,0.0144,-13.4627,0.0000,経路未発見,250
8477,0.0144,-13.5147,0.0000,経路未発見,42
8478,0.0144,-13.5000,0.0000,経路未発見,43
8479,0.0144,-13.3347,0.0000,経路未発見,69
8480,0.0144,-13.1933,0.0000,経路未発見,43
8481,0.0144,-13.2387,0.0000,経路未発見,145
8482,0.0144,-13.0373,0.0000,経路未発見,42
8483,0.0144,-13.0680,0.0000,経路未発見,88
8484,0.0144,-13.1320,0.0000,経路未発見,122
8485,0.0144,-13.2347,0.0000,経路未発見,109
8486,0.0144,-13.3040,0.0000,経路未発見,74
8487,0.0144,-12.7600,0.0000,経路未発見,29
8488,0.0143,-12.8187,0.0000,経路未発見,56
8489,0.0143,-13.1200,0.0000,経路未発見,333
8490,0.0143,-13.1080,0.0000,経路未発見,38
8491,0.0143,-13.0707,0.0000,経路未発見,36
8492,0.0143,-12.9973,0.0000,経路未発見,38
8493,0.0143,-13.0387,0.0000,経路未発見,34
8494,0.0143,-12.9520,0.0000,経路未発見,84
8495,0.0143,-13.0933,0.0000,経路未発見,79
8496,0.0143,-13.0547,0.0000,経路未発見,32
8497,0.0143,-13.0400,0.0000,経路未発見,41
8498,0.0143,-13.0187,0.0000,経路未発見,62
8499,0.0143,-13.0840,0.0000,経路未発見,221
8500,0.0143,-13.1960,0.0000,経路未発見,168
8501,0.0143,-13.2933,0.0000,経路未発見,108
8502,0.0142,-13.5653,0.0000,経路未発見,200
8503,0.0142,-12.9200,0.0333,経路未発見,113
8504,0.0142,-12.8987,0.0333,経路未発見,38
8505,0.0142,-12.9907,0.0333,経路未発見,125
8506,0.0142,-12.8773,0.0333,経路未発見,146
8507,0.0142,-12.9413,0.0333,経路未発見,60
8508,0.0142,-12.8853,0.0333,経路未発見,32
8509,0.0142,-12.9200,0.0333,経路未発見,56
8510,0.0142,-13.0733,0.0333,経路未発見,122
8511,0.0142,-13.0627,0.0333,経路未発見,106
8512,0.0142,-13.4067,0.0333,経路未発見,302
8513,0.0142,-13.5400,0.0333,経路未発見,97
8514,0.0142,-13.4453,0.0333,経路未発見,46
8515,0.0142,-13.6773,0.0333,経路未発見,295
8516,0.0141,-13.6133,0.0333,経路未発見,40
8517,0.0141,-13.9120,0.0333,経路未発見,237
8518,0.0141,-13.9067,0.0333,経路未発見,40
8519,0.0141,-13.5000,0.0333,経路未発見,45
8520,0.0141,-13.7333,0.0333,経路未発見,154
8521,0.0141,-13.8347,0.0333,経路未発見,70
8522,0.0141,-13.9000,0.0333,経路未発見,54
8523,0.0141,-14.4107,0.0333,経路未発見,416
8524,0.0141,-14.3960,0.0333,経路未発見,39
8525,0.0141,-14.2640,0.0333,経路未発見,32
8526,0.0141,-14.5853,0.0333,経路未発見,225
8527,0.0141,-15.0547,0.0333,経路未発見,317
8528,0.0141,-14.9013,0.0333,経路未発見,34
8529,0.0141,-14.7120,0.0333,経路未発見,48
8530,0.0140,-14.6093,0.0333,経路未発見,80
8531,0.0140,-14.5840,0.0333,経路未発見,39
8532,0.0140,-14.4147,0.0333,経路未発見,168
8533,0.0140,-15.0373,0.0000,経路未発見,60
8534,0.0140,-15.0653,0.0000,経路未発見,57
8535,0.0140,-15.0453,0.0000,経路未発見,66
8536,0.0140,-14.9707,0.0000,経路未発見,145
8537,0.0140,-14.8987,0.0000,経路未発見,29
8538,0.0140,-15.2960,0.0000,経路未発見,223
8539,0.0140,-15.3680,0.0000,経路未発見,137
8540,0.0140,-15.8053,0.0000,経路未発見,497
8541,0.0140,-15.8787,0.0000,経路未発見,176
8542,0.0140,-15.6907,0.0000,経路未発見,144
8543,0.0140,-15.6800,0.0000,経路未発見,180
8544,0.0140,-15.7840,0.0000,経路未発見,136
8545,0.0139,-15.6507,0.0000,経路未発見,198
8546,0.0139,-15.7800,0.0000,経路未発見,112
8547,0.0139,-15.6027,0.0000,経路未発見,91
8548,0.0139,-15.6373,0.0000,経路未発見,43
8549,0.0139,-15.7213,0.0000,経路未発見,79
8550,0.0139,-15.5960,0.0000,経路未発見,102
8551,0.0139,-15.5373,0.0000,経路未発見,111
8552,0.0139,-15.6173,0.0000,経路未発見,134
8553,0.0139,-15.5773,0.0000,経路未発見,380
8554,0.0139,-15.6200,0.0000,経路未発見,44
8555,0.0139,-15.5933,0.0000,経路未発見,23
8556,0.0139,-15.2840,0.0000,経路未発見,39
8557,0.0139,-15.0000,0.0000,経路未発見,210
8558,0.0139,-15.1120,0.0000,経路未発見,111
8559,0.0138,-15.2360,0.0000,経路未発見,124
8560,0.0138,-15.2453,0.0000,経路未発見,117
8561,0.0138,-15.2453,0.0000,経路未発見,59
8562,0.0138,-14.4747,0.0333,経路未発見,103
8563,0.0138,-14.5347,0.0333,経路未発見,76
8564,0.0138,-14.4853,0.0333,経路未発見,41
8565,0.0138,-14.4947,0.0333,経路未発見,51
8566,0.0138,-14.5253,0.0333,経路未発見,42
8567,0.0138,-14.5973,0.0333,経路未発見,107
8568,0.0138,-14.3373,0.0333,経路未発見,53
8569,0.0138,-14.1640,0.0333,経路未発見,30
8570,0.0138,-13.8053,0.0333,経路未発見,121
8571,0.0138,-13.6827,0.0333,経路未発見,95
8572,0.0138,-13.6400,0.0333,経路未発見,115
8573,0.0137,-13.5893,0.0333,経路未発見,158
8574,0.0137,-13.4867,0.0333,経路未発見,40
8575,0.0137,-13.4133,0.0333,経路未発見,102
8576,0.0137,-13.6627,0.0333,経路未発見,298
8577,0.0137,-14.0760,0.0333,経路未発見,359
8578,0.0137,-14.2667,0.0333,経路未発見,211
8579,0.0137,-14.1840,0.0333,経路未発見,44
8580,0.0137,-14.2160,0.0333,経路未発見,127
8581,0.0137,-14.2680,0.0333,経路未発見,110
8582,0.0137,-14.1147,0.0333,経路未発見,32
8583,0.0137,-13.7667,0.0333,経路未発見,120
8584,0.0137,-13.7640,0.0333,経路未発見,82
8585,0.0137,-13.9147,0.0333,経路未発見,132
8586,0.0137,-13.4360,0.0667,経路未発見,234
8587,0.0137,-13.2187,0.0667,経路未発見,44
8588,0.0136,-13.4853,0.0667,経路未発見,265
8589,0.0136,-13.3613,0.0667,経路未発見,39
8590,0.0136,-13.4707,0.0667,経路未発見,148
8591,0.0136,-13.4933,0.0667,経路未発見,90
8592,0.0136,-14.1867,0.0333,経路未発見,72
8593,0.0136,-14.1253,0.0333,経路未発見,104
8594,0.0136,-14.2680,0.0333,経路未発見,89
8595,0.0136,-14.2293,0.0333,経路未発見,43
8596,0.0136,-14.0693,0.0333,経路未発見,37
8597,0.0136,-14.0387,0.0333,経路未発見,35
8598,0.0136,-14.4360,0.0333,経路未発見,374
8599,0.0136,-13.8600,0.0667,経路未発見,154
8600,0.0136,-13.7067,0.0667,経路未発見,97
8601,0.0136,-13.6813,0.0667,経路未発見,74
8602,0.0136,-13.6160,0.0667,経路未発見,44
8603,0.0135,-13.7667,0.0667,経路未発見,222
8604,0.0135,-13.8160,0.0667,経路未発見,37
8605,0.0135,-13.7920,0.0667,経路未発見,93
8606,0.0135,-13.5187,0.0667,経路未発見,71
8607,0.0135,-13.0667,0.0667,経路未発見,71
8608,0.0135,-12.8320,0.0667,経路未発見,94
8609,0.0135,-13.0240,0.0667,経路未発見,142
8610,0.0135,-12.9027,0.0667,経路未発見,40
8611,0.0135,-12.9773,0.0667,経路未発見,123
8612,0.0135,-13.0373,0.0667,経路未発見,68
8613,0.0135,-13.0333,0.0667,経路未発見,103
8614,0.0135,-12.9773,0.0667,経路未発見,31
8615,0.0135,-12.8147,0.0667,経路未発見,28
8616,0.0135,-13.4920,0.0333,経路未発見,137
8617,0.0135,-13.4760,0.0333,経路未発見,25
8618,0.0134,-13.2920,0.0333,経路未発見,104
8619,0.0134,-13.3133,0.0333,経路未発見,72
8620,0.0134,-13.2213,0.0333,経路未発見,74
8621,0.0134,-13.2787,0.0333,経路未発見,127
8622,0.0134,-13.2133,0.0333,経路未発見,35
8623,0.0134,-13.2853,0.0333,経路未発見,111
8624,0.0134,-13.2307,0.0333,経路未発見,85
8625,0.0134,-13.3947,0.0333,経路未発見,192
8626,0.0134,-13.5600,0.0333,経路未発見,93
8627,0.0134,-13.5013,0.0333,経路未発見,33
8628,0.0134,-13.0240,0.0333,経路未発見,74
8629,0.0134,-13.7440,0.0000,経路未発見,104
8630,0.0134,-13.6547,0.0000,経路未発見,35
8631,0.0134,-13.6933,0.0000,経路未発見,82
8632,0.0133,-13.7067,0.0000,経路未発見,125
8633,0.0133,-13.4080,0.0000,経路未発見,36
8634,0.0133,-13.3347,0.0000,経路未発見,34
8635,0.0133,-13.2693,0.0000,経路未発見,68
8636,0.0133,-12.6067,0.0333,経路未発見,140
8637,0.0133,-12.5827,0.0333,経路未発見,50
8638,0.0133,-12.5227,0.0333,経路未発見,34
8639,0.0133,-12.4547,0.0333,経路未発見,113
8640,0.0133,-12.5600,0.0333,経路未発見,133
8641,0.0133,-12.4787,0.0333,経路未発見,87
8642,0.0133,-12.5720,0.0333,経路未発見,130
8643,0.0133,-12.6147,0.0333,経路未発見,101
8644,0.0133,-12.6533,0.0333,経路未発見,86
8645,0.0133,-12.7360,0.0333,経路未発見,40
8646,0.0133,-12.7667,0.0333,経路未発見,180
8647,0.0132,-12.8507,0.0333,経路未発見,86
8648,0.0132,-12.7107,0.0333,経路未発見,66
8649,0.0132,-12.6413,0.0333,経路未発見,27
8650,0.0132,-12.6080,0.0333,経路未発見,82
8651,0.0132,-12.4733,0.0333,経路未発見,86
8652,0.0132,-12.5240,0.0333,経路未発見,50
8653,0.0132,-12.4080,0.0333,経路未発見,30
8654,0.0132,-12.5827,0.0333,経路未発見,222
8655,0.0132,-12.4787,0.0333,経路未発見,86
8656,0.0132,-12.3520,0.0333,経路未発見,73
8657,0.0132,-12.4707,0.0333,経路未発見,109
8658,0.0132,-12.7787,0.0333,経路未発見,161
8659,0.0132,-12.7320,0.0333,経路未発見,39
8660,0.0132,-13.1480,0.0333,経路未発見,209
8661,0.0132,-13.1587,0.0333,経路未発見,93
8662,0.0132,-13.2760,0.0333,経路未発見,116
8663,0.0131,-13.3693,0.0333,経路未発見,56
8664,0.0131,-13.5880,0.0333,経路未発見,171
8665,0.0131,-13.6667,0.0333,経路未発見,110
8666,0.0131,-14.4053,0.0000,経路未発見,135
8667,0.0131,-13.7560,0.0333,経路未発見,117
8668,0.0131,-13.8627,0.0333,経路未発見,103
8669,0.0131,-13.8427,0.0333,経路未発見,111
8670,0.0131,-13.8320,0.0333,経路未発見,106
8671,0.0131,-13.7613,0.0333,経路未発見,55
8672,0.0131,-13.8013,0.0333,経路未発見,126
8673,0.0131,-13.6173,0.0333,経路未発見,39
8674,0.0131,-13.8267,0.0333,経路未発見,190
8675,0.0131,-13.7987,0.0333,経路未発見,52
8676,0.0131,-13.6333,0.0333,経路未発見,52
8677,0.0131,-13.7800,0.0333,経路未発見,115
8678,0.0130,-14.0947,0.0333,経路未発見,268
8679,0.0130,-14.1400,0.0333,経路未発見,49
8680,0.0130,-14.1720,0.0333,経路未発見,68
8681,0.0130,-14.1960,0.0333,経路未発見,57
8682,0.0130,-14.2720,0.0333,経路未発見,102
8683,0.0130,-14.3000,0.0333,経路未発見,45
8684,0.0130,-14.1173,0.0333,経路未発見,59
8685,0.0130,-14.3493,0.0333,経路未発見,252
8686,0.0130,-14.4827,0.0333,経路未発見,161
8687,0.0130,-14.3973,0.0333,経路未発見,37
8688,0.0130,-14.1400,0.0333,経路未発見,100
8689,0.0130,-14.2067,0.0333,経路未発見,133
8690,0.0130,-13.8267,0.0333,経路未発見,65
8691,0.0130,-13.8027,0.0333,経路未発見,40
8692,0.0130,-13.6853,0.0333,経路未発見,62
8693,0.0129,-13.7213,0.0333,経路未発見,109
8694,0.0129,-13.5987,0.0333,経路未発見,95
8695,0.0129,-13.4667,0.0333,経路未発見,40
8696,0.0129,-13.3227,0.0333,経路未発見,65
8697,0.0129,-14.0093,0.0000,経路未発見,105
8698,0.0129,-14.0587,0.0000,経路未発見,123
8699,0.0129,-13.9240,0.0000,経路未発見,27
8700,0.0129,-13.9227,0.0000,経路未発見,107
8701,0.0129,-13.9693,0.0000,経路未発見,107
8702,0.0129,-13.8040,0.0000,経路未発見,55
8703,0.0129,-13.9667,0.0000,経路未発見,169
8704,0.0129,-13.9760,0.0000,経路未発見,154
8705,0.0129,-14.1147,0.0000,経路未発見,103
8706,0.0129,-14.0573,0.0000,経路未発見,34
8707,0.0129,-13.8507,0.0000,経路未発見,42
8708,0.0129,-13.6120,0.0000,経路未発見,106
8709,0.0128,-13.7027,0.0000,経路未発見,94
8710,0.0128,-13.6307,0.0000,経路未発見,43
8711,0.0128,-13.8013,0.0000,経路未発見,178
8712,0.0128,-13.8053,0.0000,経路未発見,99
8713,0.0128,-13.8093,0.0000,経路未発見,42
8714,0.0128,-13.7400,0.0000,経路未発見,38
8715,0.0128,-13.9620,0.0000,経路未発見,637
8716,0.0128,-13.8140,0.0000,経路未発見,40
8717,0.0128,-14.2873,0.0000,経路未発見,386
8718,0.0128,-14.4100,0.0000,経路未発見,84
8719,0.0128,-14.3527,0.0000,経路未発見,99
8720,0.0128,-14.3220,0.0000,経路未発見,47
8721,0.0128,-14.2647,0.0000,経路未発見,37
8722,0.0128,-14.1700,0.0000,経路未発見,31
8723,0.0128,-14.1367,0.0000,経路未発見,108
8724,0.0127,-14.0553,0.0000,経路未発見,39
8725,0.0127,-14.0980,0.0000,経路未発見,48
8726,0.0127,-14.4673,0.0000,経路未発見,316
8727,0.0127,-14.7713,0.0000,経路未発見,180
8728,0.0127,-14.7660,0.0000,経路未発見,126
8729,0.0127,-15.0180,0.0000,経路未発見,165
8730,0.0127,-14.9060,0.0000,経路未発見,34
8731,0.0127,-14.8087,0.0000,経路未発見,32
8732,0.0127,-14.8033,0.0000,経路未発見,39
8733,0.0127,-14.9820,0.0000,経路未発見,326
8734,0.0127,-14.7740,0.0000,経路未発見,39
8735,0.0127,-14.7393,0.0000,経路未発見,111
8736,0.0127,-14.7980,0.0000,経路未発見,74
8737,0.0127,-14.8033,0.0000,経路未発見,39
8738,0.0127,-14.7900,0.0000,経路未発見,57
8739,0.0127,-14.7153,0.0000,経路未発見,46
8740,0.0126,-14.6860,0.0000,経路未発見,29
8741,0.0126,-14.5780,0.0000,経路未発見,101
8742,0.0126,-14.8193,0.0000,経路未発見,308
8743,0.0126,-15.1207,0.0000,経路未発見,276
8744,0.0126,-15.1433,0.0000,経路未発見,73
8745,0.0126,-14.6253,0.0000,経路未発見,81
8746,0.0126,-14.6280,0.0000,経路未発見,61
8747,0.0126,-14.1720,0.0000,経路未発見,37
8748,0.0126,-13.9973,0.0000,経路未発見,36
8749,0.0126,-13.9880,0.0000,経路未発見,90
8750,0.0126,-14.3360,0.0000,経路未発見,177
8751,0.0126,-14.3840,0.0000,経路未発見,54
8752,0.0126,-14.5693,0.0000,経路未発見,153
8753,0.0126,-14.9027,0.0000,経路未発見,294
8754,0.0126,-14.9667,0.0000,経路未発見,95
8755,0.0126,-14.9747,0.0000,経路未発見,89
8756,0.0125,-14.6880,0.0000,経路未発見,92
8757,0.0125,-14.4013,0.0000,経路未発見,70
8758,0.0125,-14.2893,0.0000,経路未発見,70
8759,0.0125,-14.1720,0.0000,経路未発見,88
8760,0.0125,-14.3307,0.0000,経路未発見,163
8761,0.0125,-14.4373,0.0000,経路未発見,74
8762,0.0125,-14.4907,0.0000,経路未発見,56
8763,0.0125,-14.2920,0.0000,経路未発見,121
8764,0.0125,-14.2573,0.0000,経路未発見,40
8765,0.0125,-14.1787,0.0000,経路未発見,57
8766,0.0125,-14.1400,0.0000,経路未発見,79
8767,0.0125,-14.4867,0.0000,経路未発見,296
8768,0.0125,-14.3933,0.0000,経路未発見,40
8769,0.0125,-14.4333,0.0000,経路未発見,77
8770,0.0125,-14.8013,0.0000,経路未発見,260
8771,0.0125,-14.6960,0.0000,経路未発見,40
8772,0.0124,-14.4067,0.0000,経路未発見,105
8773,0.0124,-14.1893,0.0000,経路未発見,115
8774,0.0124,-14.1613,0.0000,経路未発見,49
8775,0.0124,-14.2320,0.0000,経路未発見,81
8776,0.0124,-14.4533,0.0000,経路未発見,197
8777,0.0124,-13.8893,0.0333,経路未発見,206
8778,0.0124,-13.9187,0.0333,経路未発見,50
8779,0.0124,-13.8960,0.0333,経路未発見,59
8780,0.0124,-13.5600,0.0333,経路未発見,42
8781,0.0124,-13.6400,0.0333,経路未発見,95
8782,0.0124,-13.8400,0.0333,経路未発見,272
8783,0.0124,-13.5840,0.0333,経路未発見,140
8784,0.0124,-13.6440,0.0333,経路未発見,108
8785,0.0124,-13.6467,0.0333,経路未発見,52
8786,0.0124,-13.8467,0.0333,経路未発見,254
8787,0.0124,-14.3507,0.0333,経路未発見,486
8788,0.0123,-14.4240,0.0333,経路未発見,38
8789,0.0123,-14.3560,0.0333,経路未発見,58
8790,0.0123,-14.4187,0.0333,経路未発見,182
8791,0.0123,-14.3427,0.0333,経路未発見,41
8792,0.0123,-14.2587,0.0333,経路未発見,30
8793,0.0123,-14.2667,0.0333,経路未発見,101
8794,0.0123,-14.3013,0.0333,経路未発見,43
8795,0.0123,-13.8267,0.0667,経路未発見,208
8796,0.0123,-14.0147,0.0667,経路未発見,107
8797,0.0123,-13.7293,0.0667,経路未発見,58
8798,0.0123,-13.9947,0.0667,経路未発見,192
8799,0.0123,-13.9880,0.0667,経路未発見,92
8800,0.0123,-14.3707,0.0667,経路未発見,590
8801,0.0123,-14.3760,0.0667,経路未発見,72
8802,0.0123,-14.3107,0.0667,経路未発見,39
8803,0.0123,-14.2053,0.0667,経路未発見,38
8804,0.0122,-14.3320,0.0667,経路未発見,105
8805,0.0122,-14.4960,0.0667,経路未発見,200
8806,0.0122,-14.2507,0.0667,経路未発見,28
8807,0.0122,-14.8107,0.0333,経路未発見,43
8808,0.0122,-14.7640,0.0333,経路未発見,67
8809,0.0122,-14.0253,0.0667,経路未発見,88
8810,0.0122,-14.0520,0.0667,経路未発見,55
8811,0.0122,-14.1747,0.0667,経路未発見,149
8812,0.0122,-13.8027,0.0667,経路未発見,37
8813,0.0122,-13.7080,0.0667,経路未発見,59
8814,0.0122,-13.7120,0.0667,経路未発見,140
8815,0.0122,-13.6293,0.0667,経路未発見,29
8816,0.0122,-13.4133,0.0667,経路未発見,115
8817,0.0122,-12.9307,0.0667,経路未発見,55
8818,0.0122,-12.8320,0.0667,経路未発見,72
8819,0.0122,-12.9853,0.0667,経路未発見,144
8820,0.0122,-13.1747,0.0667,経路未発見,320
8821,0.0121,-13.1520,0.0667,経路未発見,38
8822,0.0121,-13.2667,0.0667,経路未発見,58
8823,0.0121,-13.1347,0.0667,経路未発見,53
8824,0.0121,-13.1720,0.0667,経路未発見,48
8825,0.0121,-13.6747,0.0333,経路未発見,96
8826,0.0121,-13.5480,0.0333,経路未発見,63
8827,0.0121,-13.5973,0.0333,経路未発見,59
8828,0.0121,-13.3573,0.0333,経路未発見,38
8829,0.0121,-13.4707,0.0333,経路未発見,138
8830,0.0121,-13.0093,0.0333,経路未発見,241
8831,0.0121,-13.6133,0.0333,経路未発見,438
8832,0.0121,-13.6720,0.0333,経路未発見,48
8833,0.0121,-13.6427,0.0333,経路未発見,31
8834,0.0121,-13.5973,0.0333,経路未発見,82
8835,0.0121,-13.5707,0.0333,経路未発見,126
8836,0.0121,-13.6080,0.0333,経路未発見,44
8837,0.0120,-13.7960,0.0333,経路未発見,160
8838,0.0120,-14.0747,0.0333,経路未発見,267
8839,0.0120,-14.9747,0.0000,経路未発見,102
8840,0.0120,-14.9893,0.0000,経路未発見,60
8841,0.0120,-14.8440,0.0000,経路未発見,104
8842,0.0120,-15.1973,0.0000,経路未発見,277
8843,0.0120,-15.2093,0.0000,経路未発見,93
8844,0.0120,-15.1613,0.0000,経路未発見,100
8845,0.0120,-15.5373,0.0000,経路未発見,235
8846,0.0120,-15.8840,0.0000,経路未発見,328
8847,0.0120,-15.8733,0.0000,経路未発見,86
8848,0.0120,-15.9160,0.0000,経路未発見,61
8849,0.0120,-16.1480,0.0000,経路未発見,314
8850,0.0120,-15.8840,0.0000,経路未発見,195
8851,0.0120,-15.9800,0.0000,経路未発見,103
8852,0.0120,-16.4120,0.0000,経路未発見,394
8853,0.0120,-16.4520,0.0000,経路未発見,80
8854,0.0119,-16.4427,0.0000,経路未発見,39
8855,0.0119,-16.3573,0.0000,経路未発見,39
8856,0.0119,-16.3560,0.0000,経路未発見,91
8857,0.0119,-16.2893,0.0000,経路未発見,78
8858,0.0119,-16.2933,0.0000,経路未発見,39
8859,0.0119,-16.2907,0.0000,経路未発見,165
8860,0.0119,-16.0773,0.0000,経路未発見,49
8861,0.0119,-15.6840,0.0000,経路未発見,138
8862,0.0119,-15.8160,0.0000,経路未発見,154
8863,0.0119,-15.8867,0.0000,経路未発見,72
8864,0.0119,-16.1107,0.0000,経路未発見,258
8865,0.0119,-15.9120,0.0000,経路未発見,50
8866,0.0119,-15.2840,0.0333,経路未発見,158
8867,0.0119,-15.1467,0.0333,経路未発見,93
8868,0.0119,-14.8893,0.0333,経路未発見,87
8869,0.0119,-14.7213,0.0333,経路未発見,99
8870,0.0119,-14.8827,0.0333,経路未発見,118
8871,0.0118,-14.8080,0.0333,経路未発見,62
8872,0.0118,-14.8840,0.0333,経路未発見,303
8873,0.0118,-14.8387,0.0333,経路未発見,70
8874,0.0118,-14.8813,0.0333,経路未発見,125
8875,0.0118,-14.5853,0.0333,経路未発見,82
8876,0.0118,-14.2133,0.0333,経路未発見,47
8877,0.0118,-14.3933,0.0333,経路未発見,246
8878,0.0118,-14.4773,0.0333,経路未発見,96
8879,0.0118,-14.0160,0.0333,経路未発見,26
8880,0.0118,-14.0467,0.0333,経路未発見,185
8881,0.0118,-14.2800,0.0333,経路未発見,257
8882,0.0118,-13.8187,0.0333,経路未発見,55
8883,0.0118,-13.9213,0.0333,経路未発見,159
8884,0.0118,-13.9200,0.0333,経路未発見,48
8885,0.0118,-14.1440,0.0333,経路未発見,33
8886,0.0118,-14.1600,0.0333,経路未発見,87
8887,0.0118,-14.3693,0.0333,経路未発見,226
8888,0.0117,-14.3827,0.0333,経路未発見,96
8889,0.0117,-14.4600,0.0333,経路未発見,228
8890,0.0117,-14.4600,0.0333,経路未発見,84
8891,0.0117,-14.3400,0.0333,経路未発見,90
8892,0.0117,-14.5560,0.0333,経路未発見,312
8893,0.0117,-14.6333,0.0333,経路未発見,144
8894,0.0117,-14.3693,0.0333,経路未発見,68
8895,0.0117,-14.3413,0.0333,経路未発見,39
8896,0.0117,-15.3267,0.0000,経路未発見,241
8897,0.0117,-15.4320,0.0000,経路未発見,185
8898,0.0117,-15.7293,0.0000,経路未発見,270
8899,0.0117,-15.6600,0.0000,経路未発見,39
8900,0.0117,-15.5680,0.0000,経路未発見,124
8901,0.0117,-15.7480,0.0000,経路未発見,143
8902,0.0117,-15.4133,0.0000,経路未発見,65
8903,0.0117,-15.4427,0.0000,経路未発見,58
8904,0.0117,-15.3267,0.0000,経路未発見,42
8905,0.0116,-15.3160,0.0000,経路未発見,54
8906,0.0116,-15.2547,0.0000,経路未発見,36
8907,0.0116,-15.1013,0.0000,経路未発見,125
8908,0.0116,-15.1653,0.0000,経路未発見,133
8909,0.0116,-15.3053,0.0000,経路未発見,129
8910,0.0116,-15.1213,0.0000,経路未発見,42
8911,0.0116,-14.8573,0.0000,経路未発見,50
8912,0.0116,-14.8613,0.0000,経路未発見,69
8913,0.0116,-14.7187,0.0000,経路未発見,57
8914,0.0116,-14.6987,0.0000,経路未発見,42
8915,0.0116,-14.5520,0.0000,経路未発見,83
8916,0.0116,-14.6933,0.0000,経路未発見,217
8917,0.0116,-14.4000,0.0000,経路未発見,32
8918,0.0116,-14.5440,0.0000,経路未発見,157
8919,0.0116,-14.4893,0.0000,経路未発見,139
8920,0.0116,-14.4693,0.0000,経路未発見,44
8921,0.0116,-14.3880,0.0000,経路未発見,38
8922,0.0115,-14.2507,0.0000,経路未発見,229
8923,0.0115,-14.2120,0.0000,経路未発見,83
8924,0.0115,-14.4893,0.0000,経路未発見,260
8925,0.0115,-14.5267,0.0000,経路未発見,40
8926,0.0115,-14.6040,0.0000,経路未発見,359
8927,0.0115,-13.7413,0.0333,経路未発見,96
8928,0.0115,-13.4800,0.0333,経路未発見,148
8929,0.0115,-13.5147,0.0333,経路未発見,81
8930,0.0115,-13.3733,0.0333,経路未発見,33
8931,0.0115,-13.5320,0.0333,経路未発見,271
8932,0.0115,-13.5120,0.0333,経路未発見,55
8933,0.0115,-13.5427,0.0333,経路未発見,63
8934,0.0115,-13.5707,0.0333,経路未発見,42
8935,0.0115,-13.5707,0.0333,経路未発見,42
8936,0.0115,-13.6200,0.0333,経路未発見,76
8937,0.0115,-13.5600,0.0333,経路未発見,75
8938,0.0115,-13.5027,0.0333,経路未発見,101
8939,0.0114,-13.5293,0.0333,経路未発見,130
8940,0.0114,-13.6987,0.0333,経路未発見,115
8941,0.0114,-13.7907,0.0333,経路未発見,152
8942,0.0114,-14.2267,0.0333,経路未発見,158
8943,0.0114,-14.3067,0.0333,経路未発見,117
8944,0.0114,-13.6680,0.0667,経路未発見,152
8945,0.0114,-13.7640,0.0667,経路未発見,128
8946,0.0114,-13.6640,0.0667,経路未発見,124
8947,0.0114,-13.8920,0.0667,経路未発見,148
8948,0.0114,-13.9027,0.0667,経路未発見,193
8949,0.0114,-13.7587,0.0667,経路未発見,61
8950,0.0114,-13.8973,0.0667,経路未発見,152
8951,0.0114,-14.0013,0.0667,経路未発見,47
8952,0.0114,-13.7253,0.0667,経路未発見,39
8953,0.0114,-13.6187,0.0667,経路未発見,33
8954,0.0114,-13.2800,0.0667,経路未発見,36
8955,0.0114,-13.2560,0.0667,経路未発見,57
8956,0.0114,-12.8213,0.0667,経路未発見,76
8957,0.0113,-13.5173,0.0333,経路未発見,58
8958,0.0113,-13.5107,0.0333,経路未発見,87
8959,0.0113,-13.7573,0.0333,経路未発見,152
8960,0.0113,-13.8347,0.0333,経路未発見,84
8961,0.0113,-13.4520,0.0333,経路未発見,39
8962,0.0113,-13.3707,0.0333,経路未発見,34
8963,0.0113,-13.5680,0.0333,経路未発見,246
8964,0.0113,-13.5693,0.0333,経路未発見,73
8965,0.0113,-13.6160,0.0333,経路未発見,87
8966,0.0113,-13.5907,0.0333,経路未発見,54
8967,0.0113,-13.5627,0.0333,経路未発見,87
8968,0.0113,-13.5573,0.0333,経路未発見,118
8969,0.0113,-13.4853,0.0333,経路未発見,45
8970,0.0113,-13.4187,0.0333,経路未発見,107
8971,0.0113,-13.5933,0.0333,経路未発見,160
8972,0.0113,-13.1307,0.0333,経路未発見,44
8973,0.0113,-13.1040,0.0333,経路未発見,43
8974,0.0113,-13.7133,0.0000,経路未発見,43
8975,0.0112,-13.9360,0.0000,経路未発見,335
8976,0.0112,-14.0427,0.0000,経路未発見,155
8977,0.0112,-13.9240,0.0000,経路未発見,80
8978,0.0112,-14.0160,0.0000,経路未発見,142
8979,0.0112,-14.0267,0.0000,経路未発見,69
8980,0.0112,-13.2520,0.0333,経路未発見,129
8981,0.0112,-12.4907,0.0667,経路未発見,141
8982,0.0112,-12.5827,0.0667,経路未発見,84
8983,0.0112,-12.6293,0.0667,経路未発見,39
8984,0.0112,-12.0720,0.1000,経路未発見,174
8985,0.0112,-12.0693,0.1000,経路未発見,43
8986,0.0112,-12.0347,0.1000,経路未発見,73
8987,0.0112,-12.0853,0.1000,経路未発見,85
8988,0.0112,-12.0573,0.1000,経路未発見,59
8989,0.0112,-11.8307,0.1000,経路未発見,47
8990,0.0112,-11.8013,0.1000,経路未発見,46
8991,0.0112,-11.9333,0.1000,経路未発見,56
8992,0.0112,-11.3760,0.1333,経路未発見,138
8993,0.0111,-10.5320,0.1667,経路未発見,133
8994,0.0111,-10.5520,0.1667,経路未発見,118
8995,0.0111,-9.8373,0.2000,経路未発見,130
8996,0.0111,-9.8800,0.2000,経路未発見,55
8997,0.0111,-9.8933,0.2000,経路未発見,45
8998,0.0111,-9.7987,0.2000,経路未発見,76
8999,0.0111,-9.9253,0.2000,経路未発見,173
9000,0.0111,-9.8187,0.2000,経路未発見,45
9001,0.0111,-9.5387,0.2000,経路未発見,95
9002,0.0111,-9.6493,0.2000,経路未発見,91
9003,0.0111,-8.9373,0.2333,経路未発見,138
9004,0.0111,-8.9533,0.2333,経路未発見,40
9005,0.0111,-8.7253,0.2333,経路未発見,138
9006,0.0111,-8.7520,0.2333,経路未発見,224
9007,0.0111,-8.9347,0.2333,経路未発見,133
9008,0.0111,-8.7013,0.2333,経路未発見,86
9009,0.0111,-8.7240,0.2333,経路未発見,41
9010,0.0111,-8.7320,0.2333,経路未発見,154
9011,0.0110,-8.7907,0.2333,経路未発見,128
9012,0.0110,-8.7107,0.2333,経路未発見,42
9013,0.0110,-9.3560,0.2333,経路未発見,485
9014,0.0110,-10.4453,0.2000,経路未発見,138
9015,0.0110,-10.4333,0.2000,経路未発見,49
9016,0.0110,-9.8213,0.2333,経路未発見,144
9017,0.0110,-9.8000,0.2333,経路未発見,77
9018,0.0110,-9.8800,0.2333,経路未発見,86
9019,0.0110,-9.9213,0.2333,経路未発見,85
9020,0.0110,-9.9373,0.2333,経路未発見,125
9021,0.0110,-9.8053,0.2333,経路未発見,35
9022,0.0110,-9.8347,0.2333,経路未発見,198
9023,0.0110,-10.4427,0.2000,経路未発見,86
9024,0.0110,-10.4360,0.2000,経路未発見,63
9025,0.0110,-11.4813,0.1667,経路未発見,354
9026,0.0110,-11.7000,0.1667,経路未発見,222
9027,0.0110,-11.6213,0.1667,経路未発見,27
9028,0.0110,-11.6440,0.1667,経路未発見,72
9029,0.0109,-11.5053,0.1667,経路未発見,85
9030,0.0109,-11.7360,0.1667,経路未発見,216
9031,0.0109,-11.6933,0.1667,経路未発見,35
9032,0.0109,-11.6880,0.1667,経路未発見,102
9033,0.0109,-12.4133,0.1333,経路未発見,99
9034,0.0109,-12.4480,0.1333,経路未発見,67
9035,0.0109,-12.3067,0.1333,経路未発見,59
9036,0.0109,-12.0613,0.1333,経路未発見,79
9037,0.0109,-11.9240,0.1333,経路未発見,84
9038,0.0109,-11.8360,0.1333,経路未発見,32
9039,0.0109,-11.9347,0.1333,経路未発見,117
9040,0.0109,-12.9267,0.1000,経路未発見,319
9041,0.0109,-13.5227,0.0667,経路未発見,43
9042,0.0109,-13.5893,0.0667,経路未発見,82
9043,0.0109,-12.9867,0.0667,経路未発見,102
9044,0.0109,-12.4933,0.0667,経路未発見,59
9045,0.0109,-12.7173,0.0667,経路未発見,133
9046,0.0109,-13.6360,0.0333,経路未発見,256
9047,0.0108,-13.5853,0.0333,経路未発見,38
9048,0.0108,-13.5853,0.0333,経路未発見,97
9049,0.0108,-13.5760,0.0333,経路未発見,76
9050,0.0108,-13.5293,0.0333,経路未発見,36
9051,0.0108,-13.9387,0.0333,経路未発見,321
9052,0.0108,-14.5693,0.0000,経路未発見,86
9053,0.0108,-14.5573,0.0000,経路未発見,80
9054,0.0108,-14.5587,0.0000,経路未発見,62
9055,0.0108,-14.4093,0.0000,経路未発見,230
9056,0.0108,-14.1560,0.0000,経路未発見,76
9057,0.0108,-14.2440,0.0000,経路未発見,82
9058,0.0108,-14.1760,0.0000,経路未発見,37
9059,0.0108,-14.1987,0.0000,経路未発見,84
9060,0.0108,-14.0187,0.0000,経路未発見,80
9061,0.0108,-14.0987,0.0000,経路未発見,88
9062,0.0108,-14.0680,0.0000,経路未発見,102
9063,0.0108,-14.0800,0.0000,経路未発見,106
9064,0.0108,-14.3413,0.0000,経路未発見,224
9065,0.0108,-14.3640,0.0000,経路未発見,36
9066,0.0107,-14.4240,0.0000,経路未発見,87
9067,0.0107,-14.3587,0.0000,経路未発見,82
9068,0.0107,-14.3773,0.0000,経路未発見,34
9069,0.0107,-14.1667,0.0000,経路未発見,27
9070,0.0107,-13.9787,0.0000,経路未発見,125
9071,0.0107,-13.9733,0.0000,経路未発見,51
9072,0.0107,-13.9133,0.0000,経路未発見,53
9073,0.0107,-13.9120,0.0000,経路未発見,61
9074,0.0107,-13.2200,0.0333,経路未発見,102
9075,0.0107,-13.1280,0.0333,経路未発見,95
9076,0.0107,-12.8400,0.0333,経路未発見,59
9077,0.0107,-12.8453,0.0333,経路未発見,42
9078,0.0107,-12.7893,0.0333,経路未発見,89
9079,0.0107,-12.8520,0.0333,113,98
9080,0.0107,-12.9720,0.0333,113,103
9081,0.0107,-12.6400,0.0333,経路未発見,82
9082,0.0107,-12.5880,0.0333,経路未発見,58
9083,0.0107,-12.5600,0.0333,経路未発見,56
9084,0.0106,-12.7040,0.0333,経路未発見,136
9085,0.0106,-12.4333,0.0333,経路未発見,41
9086,0.0106,-12.4173,0.0333,経路未発見,68
9087,0.0106,-12.3467,0.0333,経路未発見,30
9088,0.0106,-12.3933,0.0333,経路未発見,43
9089,0.0106,-12.3400,0.0333,経路未発見,36
9090,0.0106,-12.3333,0.0333,経路未発見,84
9091,0.0106,-12.3640,0.0333,経路未発見,93
9092,0.0106,-12.2360,0.0333,経路未発見,31
9093,0.0106,-12.2333,0.0333,経路未発見,104
9094,0.0106,-11.8960,0.0333,経路未発見,26
9095,0.0106,-11.9227,0.0333,経路未発見,80
9096,0.0106,-11.9280,0.0333,経路未発見,41
9097,0.0106,-11.9720,0.0333,経路未発見,101
9098,0.0106,-12.0200,0.0333,経路未発見,43
9099,0.0106,-12.0813,0.0333,経路未発見,46
9100,0.0106,-12.0253,0.0333,経路未発見,130
9101,0.0106,-12.0627,0.0333,経路未発見,87
9102,0.0106,-12.0853,0.0333,経路未発見,49
9103,0.0105,-12.1707,0.0333,経路未発見,128
9104,0.0105,-12.9560,0.0000,経路未発見,88
9105,0.0105,-12.9667,0.0000,経路未発見,107
9106,0.0105,-13.3027,0.0000,経路未発見,288
9107,0.0105,-13.9440,0.0000,経路未発見,518
9108,0.0105,-13.9773,0.0000,経路未発見,88
9109,0.0105,-13.9213,0.0000,経路未発見,86
9110,0.0105,-13.8320,0.0000,経路未発見,49
9111,0.0105,-13.7653,0.0000,経路未発見,39
9112,0.0105,-13.7600,0.0000,経路未発見,84
9113,0.0105,-13.8587,0.0000,経路未発見,99
9114,0.0105,-13.7920,0.0000,経路未発見,39
9115,0.0105,-14.0040,0.0000,経路未発見,167
9116,0.0105,-14.1053,0.0000,経路未発見,148
9117,0.0105,-14.1613,0.0000,経路未発見,45
9118,0.0105,-14.8000,0.0000,経路未発見,316
9119,0.0105,-14.8373,0.0000,経路未発見,40
9120,0.0105,-15.0293,0.0000,経路未発見,123
9121,0.0105,-14.9547,0.0000,経路未発見,41
9122,0.0104,-15.4473,0.0000,経路未発見,637
9123,0.0104,-15.5380,0.0000,経路未発見,161
9124,0.0104,-15.6007,0.0000,経路未発見,48
9125,0.0104,-15.6273,0.0000,経路未発見,103
9126,0.0104,-15.5633,0.0000,経路未発見,67
9127,0.0104,-15.4780,0.0000,経路未発見,80
9128,0.0104,-15.5567,0.0000,経路未発見,159
9129,0.0104,-15.7287,0.0000,経路未発見,163
9130,0.0104,-15.6340,0.0000,経路未発見,77
9131,0.0104,-15.7700,0.0000,経路未発見,198
9132,0.0104,-15.0767,0.0333,経路未発見,112
9133,0.0104,-14.9247,0.0333,経路未発見,41
9134,0.0104,-14.8460,0.0333,経路未発見,49
9135,0.0104,-14.7753,0.0333,経路未発見,76
9136,0.0104,-14.5487,0.0333,経路未発見,53
9137,0.0104,-14.0300,0.0333,経路未発見,146
9138,0.0104,-13.9673,0.0333,経路未発見,127
9139,0.0104,-13.9607,0.0333,経路未発見,48
9140,0.0104,-14.2500,0.0333,経路未発見,273
9141,0.0103,-14.3780,0.0333,経路未発見,39
9142,0.0103,-14.4953,0.0333,経路未発見,110
9143,0.0103,-14.5940,0.0333,経路未発見,177
9144,0.0103,-14.5247,0.0333,経路未発見,95
9145,0.0103,-14.3927,0.0333,経路未発見,55
9146,0.0103,-14.2727,0.0333,経路未発見,49
9147,0.0103,-14.2687,0.0333,経路未発見,48
9148,0.0103,-13.6473,0.0333,経路未発見,61
9149,0.0103,-13.5793,0.0333,経路未発見,30
9150,0.0103,-14.0140,0.0333,経路未発見,536
9151,0.0103,-14.2007,0.0333,経路未発見,189
9152,0.0103,-13.9000,0.0333,経路未発見,140
9153,0.0103,-12.9547,0.0667,経路未発見,67
9154,0.0103,-12.8760,0.0667,経路未発見,26
9155,0.0103,-12.8733,0.0667,経路未発見,97
9156,0.0103,-13.0000,0.0667,経路未発見,109
9157,0.0103,-13.0067,0.0667,経路未発見,48
9158,0.0103,-12.9147,0.0667,経路未発見,68
9159,0.0103,-12.7347,0.0667,経路未発見,40
9160,0.0103,-12.7640,0.0667,経路未発見,96
9161,0.0102,-12.7960,0.0667,経路未発見,159
9162,0.0102,-13.4840,0.0333,経路未発見,42
9163,0.0102,-13.5640,0.0333,経路未発見,83
9164,0.0102,-13.6187,0.0333,経路未発見,85
9165,0.0102,-13.5707,0.0333,経路未発見,54
9166,0.0102,-13.9587,0.0333,経路未発見,380
9167,0.0102,-13.9907,0.0333,経路未発見,105
9168,0.0102,-14.2627,0.0333,経路未発見,259
9169,0.0102,-14.1480,0.0333,経路未発見,24
9170,0.0102,-13.8933,0.0333,経路未発見,41
9171,0.0102,-14.0827,0.0333,経路未発見,247
9172,0.0102,-14.0840,0.0333,経路未発見,140
9173,0.0102,-13.8773,0.0333,経路未発見,43
9174,0.0102,-13.9160,0.0333,経路未発見,142
9175,0.0102,-13.8947,0.0333,経路未発見,43
9176,0.0102,-14.2293,0.0333,経路未発見,195
9177,0.0102,-14.2973,0.0333,経路未発見,129
9178,0.0102,-14.2520,0.0333,経路未発見,47
9179,0.0102,-14.2680,0.0333,経路未発見,27
9180,0.0101,-13.6440,0.0333,経路未発見,44
9181,0.0101,-13.6880,0.0333,経路未発見,228
9182,0.0101,-13.5533,0.0333,経路未発見,49
9183,0.0101,-14.3107,0.0000,経路未発見,64
9184,0.0101,-14.3760,0.0000,経路未発見,42
9185,0.0101,-14.5320,0.0000,経路未発見,147
9186,0.0101,-13.6480,0.0333,経路未発見,69
9187,0.0101,-13.6600,0.0333,経路未発見,102
9188,0.0101,-13.6227,0.0333,経路未発見,80
9189,0.0101,-13.6107,0.0333,経路未発見,40
9190,0.0101,-13.5987,0.0333,経路未発見,53
9191,0.0101,-13.3427,0.0333,経路未発見,21
9192,0.0101,-13.3893,0.0333,経路未発見,117
9193,0.0101,-13.3107,0.0333,経路未発見,29
9194,0.0101,-12.5947,0.0667,経路未発見,136
9195,0.0101,-12.8653,0.0667,経路未発見,251
9196,0.0101,-12.6000,0.0667,経路未発見,176
9197,0.0101,-13.0507,0.0667,経路未発見,378
9198,0.0101,-12.8493,0.0667,経路未発見,121
9199,0.0101,-13.2227,0.0667,経路未発見,269
9200,0.0100,-13.4080,0.0667,経路未発見,110
9201,0.0100,-13.1173,0.0667,経路未発見,55
9202,0.0100,-12.9747,0.0667,経路未発見,31
9203,0.0100,-13.0587,0.0667,経路未発見,86
9204,0.0100,-13.1840,0.0667,経路未発見,162
9205,0.0100,-13.1827,0.0667,経路未発見,36
9206,0.0100,-13.4613,0.0667,経路未発見,514
9207,0.0100,-13.3507,0.0667,経路未発見,35
9208,0.0100,-13.5760,0.0667,経路未発見,138
9209,0.0100,-13.5987,0.0667,経路未発見,46
9210,0.0100,-13.6587,0.0667,経路未発見,94
9211,0.0100,-13.6440,0.0667,経路未発見,162
9212,0.0100,-13.6413,0.0667,経路未発見,82
9213,0.0100,-13.6333,0.0667,経路未発見,42
9214,0.0100,-13.5880,0.0667,経路未発見,31
9215,0.0100,-13.3573,0.0667,経路未発見,56
9216,0.0100,-14.1133,0.0333,経路未発見,64
9217,0.0100,-14.1267,0.0333,経路未発見,61
9218,0.0100,-14.1440,0.0333,経路未発見,24
9219,0.0100,-14.1053,0.0333,経路未発見,29
9220,0.0099,-14.1720,0.0333,経路未発見,134
9221,0.0099,-14.2187,0.0333,経路未発見,46
9222,0.0099,-14.1373,0.0333,経路未発見,38
9223,0.0099,-14.0947,0.0333,経路未発見,28
9224,0.0099,-14.7440,0.0000,経路未発見,42
9225,0.0099,-14.5133,0.0000,経路未発見,46
9226,0.0099,-14.3573,0.0000,経路未発見,37
9227,0.0099,-13.8987,0.0000,経路未発見,119
9228,0.0099,-13.7667,0.0000,経路未発見,25
9229,0.0099,-13.4440,0.0000,経路未発見,42
9230,0.0099,-13.2987,0.0000,経路未発見,40
9231,0.0099,-13.3387,0.0000,経路未発見,78
9232,0.0099,-13.7787,0.0000,経路未発見,361
9233,0.0099,-13.7133,0.0000,経路未発見,61
9234,0.0099,-13.9280,0.0000,経路未発見,321
9235,0.0099,-13.3600,0.0333,経路未発見,159
9236,0.0099,-12.1133,0.0667,経路未発見,132
9237,0.0099,-12.3013,0.0667,経路未発見,117
9238,0.0099,-12.2520,0.0667,経路未発見,42
9239,0.0099,-11.6133,0.1000,経路未発見,121
9240,0.0098,-11.4813,0.1000,経路未発見,25
9241,0.0098,-11.2520,0.1000,経路未発見,43
9242,0.0098,-11.3013,0.1000,117,86
9243,0.0098,-11.3253,0.1000,117,61
9244,0.0098,-11.4173,0.1000,経路未発見,127
9245,0.0098,-11.3720,0.1000,経路未発見,30
9246,0.0098,-11.3667,0.1000,経路未発見,48
9247,0.0098,-11.6120,0.1000,経路未発見,223
9248,0.0098,-11.8253,0.1000,経路未発見,148
9249,0.0098,-11.8320,0.1000,経路未発見,25
9250,0.0098,-12.1040,0.1000,経路未発見,349
9251,0.0098,-12.2480,0.1000,経路未発見,147
9252,0.0098,-12.2427,0.1000,経路未発見,34
9253,0.0098,-12.3133,0.1000,経路未発見,76
9254,0.0098,-12.5893,0.1000,経路未発見,224
9255,0.0098,-13.0253,0.1000,経路未発見,394
9256,0.0098,-13.1387,0.1000,経路未発見,171
9257,0.0098,-13.3320,0.1000,経路未発見,38
9258,0.0098,-13.5533,0.1000,経路未発見,186
9259,0.0098,-13.5600,0.1000,経路未発見,41
9260,0.0098,-13.4973,0.1000,経路未発見,49
9261,0.0097,-12.8160,0.1333,経路未発見,121
9262,0.0097,-12.4067,0.1333,経路未発見,48
9263,0.0097,-12.4640,0.1333,経路未発見,61
9264,0.0097,-12.0547,0.1333,経路未発見,25
9265,0.0097,-12.5613,0.1000,経路未発見,40
9266,0.0097,-13.2827,0.0667,経路未発見,85
9267,0.0097,-13.1533,0.0667,経路未発見,91
9268,0.0097,-13.0773,0.0667,経路未発見,124
9269,0.0097,-13.7213,0.0333,経路未発見,42
9270,0.0097,-13.8427,0.0333,経路未発見,106
9271,0.0097,-13.2320,0.0667,経路未発見,80
9272,0.0097,-13.1573,0.0667,経路未発見,45
9273,0.0097,-13.1467,0.0667,経路未発見,61
9274,0.0097,-13.1307,0.0667,経路未発見,67
9275,0.0097,-13.2267,0.0667,経路未発見,83
9276,0.0097,-13.2400,0.0667,経路未発見,93
9277,0.0097,-12.3680,0.1000,経路未発見,155
9278,0.0097,-12.4507,0.1000,経路未発見,277
9279,0.0097,-12.5707,0.1000,経路未発見,84
9280,0.0097,-12.2040,0.1000,経路未発見,50
9281,0.0096,-12.1920,0.1000,経路未発見,156
9282,0.0096,-12.2573,0.1000,経路未発見,89
9283,0.0096,-12.2160,0.1000,経路未発見,78
9284,0.0096,-12.0867,0.1000,経路未発見,164
9285,0.0096,-11.1653,0.1333,経路未発見,246
9286,0.0096,-10.9587,0.1333,経路未発見,48
9287,0.0096,-10.6400,0.1333,経路未発見,32
9288,0.0096,-10.4827,0.1333,経路未発見,45
9289,0.0096,-10.5493,0.1333,経路未発見,53
9290,0.0096,-10.5133,0.1333,経路未発見,25
9291,0.0096,-11.6200,0.1000,経路未発見,391
9292,0.0096,-11.5960,0.1000,経路未発見,85
9293,0.0096,-12.0200,0.1000,経路未発見,287
9294,0.0096,-12.0147,0.1000,経路未発見,50
9295,0.0096,-11.4147,0.1333,経路未発見,127
9296,0.0096,-11.3573,0.1333,経路未発見,79
9297,0.0096,-11.3653,0.1333,経路未発見,43
9298,0.0096,-11.7173,0.1333,経路未発見,361
9299,0.0096,-11.9267,0.1333,経路未発見,210
9300,0.0096,-12.0853,0.1333,経路未発見,215
9301,0.0096,-12.7147,0.1000,経路未発見,53
9302,0.0095,-12.8093,0.1000,経路未発見,131
9303,0.0095,-12.7653,0.1000,経路未発見,26
9304,0.0095,-12.6773,0.1000,経路未発見,25
9305,0.0095,-12.7987,0.1000,経路未発見,196
9306,0.0095,-12.8213,0.1000,経路未発見,50
9307,0.0095,-13.4107,0.0667,経路未発見,60
9308,0.0095,-13.1547,0.0667,経路未発見,46
9309,0.0095,-13.1387,0.0667,経路未発見,76
9310,0.0095,-13.5040,0.0667,経路未発見,293
9311,0.0095,-13.3813,0.0667,経路未発見,51
9312,0.0095,-13.3933,0.0667,経路未発見,50
9313,0.0095,-13.3720,0.0667,経路未発見,34
9314,0.0095,-13.1987,0.0667,経路未発見,41
9315,0.0095,-13.7000,0.0333,経路未発見,109
9316,0.0095,-13.1693,0.0667,経路未発見,168
9317,0.0095,-13.1467,0.0667,経路未発見,25
9318,0.0095,-13.2000,0.0667,経路未発見,140
9319,0.0095,-13.1707,0.0667,経路未発見,50
9320,0.0095,-13.2813,0.0667,経路未発見,111
9321,0.0095,-13.1267,0.0667,経路未発見,187
9322,0.0095,-13.2040,0.0667,経路未発見,50
9323,0.0094,-12.7280,0.0667,経路未発見,65
9324,0.0094,-12.7893,0.0667,経路未発見,86
9325,0.0094,-13.9560,0.0333,経路未発見,387
9326,0.0094,-14.0173,0.0333,経路未発見,55
9327,0.0094,-13.9533,0.0333,経路未発見,41
9328,0.0094,-13.6280,0.0333,経路未発見,134
9329,0.0094,-13.7853,0.0333,経路未発見,309
9330,0.0094,-13.5947,0.0333,経路未発見,43
9331,0.0094,-13.7253,0.0333,経路未発見,156
9332,0.0094,-13.6920,0.0333,経路未発見,95
9333,0.0094,-13.9600,0.0333,経路未発見,209
9334,0.0094,-14.0160,0.0333,経路未発見,75
9335,0.0094,-13.9320,0.0333,経路未発見,84
9336,0.0094,-14.2480,0.0333,経路未発見,289
9337,0.0094,-13.7120,0.0667,経路未発見,214
9338,0.0094,-13.9187,0.0667,経路未発見,220
9339,0.0094,-13.9493,0.0667,経路未発見,58
9340,0.0094,-13.6093,0.0667,経路未発見,83
9341,0.0094,-13.9427,0.0667,経路未発見,283
9342,0.0094,-13.8667,0.0667,経路未発見,37
9343,0.0094,-13.9907,0.0667,経路未発見,129
9344,0.0094,-13.9920,0.0667,経路未発見,40
9345,0.0093,-13.9627,0.0667,経路未発見,55
9346,0.0093,-14.5013,0.0333,経路未発見,78
9347,0.0093,-14.5707,0.0333,経路未発見,46
9348,0.0093,-14.5120,0.0333,経路未発見,77
9349,0.0093,-14.5080,0.0333,経路未発見,77
9350,0.0093,-14.3427,0.0333,経路未発見,24
9351,0.0093,-13.3800,0.0667,経路未発見,132
9352,0.0093,-13.3507,0.0667,経路未発見,75
9353,0.0093,-13.6680,0.0667,経路未発見,319
9354,0.0093,-13.6347,0.0667,経路未発見,89
9355,0.0093,-13.2733,0.0667,経路未発見,199
9356,0.0093,-13.5067,0.0667,経路未発見,321
9357,0.0093,-13.6013,0.0667,経路未発見,138
9358,0.0093,-13.4867,0.0667,経路未発見,66
9359,0.0093,-13.1760,0.0667,経路未発見,76
9360,0.0093,-13.2240,0.0667,経路未発見,80
9361,0.0093,-13.0360,0.0667,経路未発見,35
9362,0.0093,-13.0213,0.0667,経路未発見,76
9363,0.0093,-12.7827,0.0667,経路未発見,75
9364,0.0093,-12.7707,0.0667,経路未発見,44
9365,0.0093,-12.7240,0.0667,経路未発見,75
9366,0.0092,-12.4547,0.0667,経路未発見,87
9367,0.0092,-13.0600,0.0333,経路未発見,55
9368,0.0092,-12.8280,0.0333,経路未発見,37
9369,0.0092,-12.0533,0.0667,経路未発見,123
9370,0.0092,-12.1253,0.0667,経路未発見,136
9371,0.0092,-11.8693,0.0667,経路未発見,60
9372,0.0092,-12.0707,0.0667,経路未発見,156
9373,0.0092,-11.3653,0.1000,経路未発見,127
9374,0.0092,-11.9427,0.1000,経路未発見,357
9375,0.0092,-12.1107,0.1000,123,177
9376,0.0092,-12.1973,0.1000,123,67
9377,0.0092,-12.2000,0.1000,119,51
9378,0.0092,-12.1573,0.1000,119,21
9379,0.0092,-11.5067,0.1333,経路未発見,125
9380,0.0092,-11.6227,0.1333,経路未発見,86
9381,0.0092,-11.5853,0.1333,経路未発見,104
9382,0.0092,-11.5840,0.1333,経路未発見,71
9383,0.0092,-11.3920,0.1333,経路未発見,130
9384,0.0092,-11.4653,0.1333,経路未発見,111
9385,0.0092,-11.3920,0.1333,経路未発見,81
9386,0.0092,-10.4067,0.1667,経路未発見,131
9387,0.0092,-10.3440,0.1667,経路未発見,93
9388,0.0091,-10.3160,0.1667,経路未発見,39
9389,0.0091,-10.2973,0.1667,経路未発見,50
9390,0.0091,-10.2707,0.1667,経路未発見,44
9391,0.0091,-10.6307,0.1667,経路未発見,233
9392,0.0091,-10.1027,0.2000,経路未発見,250
9393,0.0091,-10.1507,0.2000,経路未発見,64
9394,0.0091,-10.3373,0.2000,経路未発見,176
9395,0.0091,-10.3827,0.2000,経路未発見,61
9396,0.0091,-10.5707,0.2000,経路未発見,237
9397,0.0091,-10.6453,0.2000,経路未発見,154
9398,0.0091,-10.6227,0.2000,経路未発見,41
9399,0.0091,-10.6733,0.2000,経路未発見,123
9400,0.0091,-10.5413,0.2000,経路未発見,50
9401,0.0091,-9.7507,0.2333,経路未発見,97
9402,0.0091,-9.6040,0.2333,経路未発見,50
9403,0.0091,-10.3440,0.2000,経路未発見,101
9404,0.0091,-9.1347,0.2333,経路未発見,130
9405,0.0091,-8.3587,0.2667,経路未発見,182
9406,0.0091,-7.5947,0.3000,経路未発見,102
9407,0.0091,-7.5293,0.3000,経路未発見,42
9408,0.0091,-6.9613,0.3333,経路未発見,132
9409,0.0091,-8.0853,0.3000,経路未発見,375
9410,0.0090,-8.1107,0.3000,経路未発見,77
9411,0.0090,-8.9120,0.2667,経路未発見,115
9412,0.0090,-9.1440,0.2667,経路未発見,246
9413,0.0090,-9.0493,0.2667,経路未発見,52
9414,0.0090,-8.4573,0.3000,経路未発見,212
9415,0.0090,-8.3360,0.3000,経路未発見,40
9416,0.0090,-9.0027,0.2667,経路未発見,76
9417,0.0090,-8.9240,0.2667,経路未発見,24
9418,0.0090,-9.0213,0.2667,経路未発見,103
9419,0.0090,-9.1960,0.2667,経路未発見,176
9420,0.0090,-8.6000,0.3000,経路未発見,239
9421,0.0090,-8.3413,0.3000,経路未発見,50
9422,0.0090,-9.0787,0.2667,経路未発見,177
9423,0.0090,-9.1160,0.2667,経路未発見,85
9424,0.0090,-8.3413,0.3000,経路未発見,138
9425,0.0090,-8.2693,0.3000,経路未発見,66
9426,0.0090,-8.0187,0.3000,経路未発見,45
9427,0.0090,-7.9013,0.3000,経路未発見,85
9428,0.0090,-7.9533,0.3000,経路未発見,82
9429,0.0090,-9.1247,0.2667,経路未発見,637
9430,0.0090,-9.2220,0.2667,経路未発見,94
9431,0.0090,-9.9807,0.2333,経路未発見,43
9432,0.0089,-9.3167,0.2667,経路未発見,123
9433,0.0089,-9.7873,0.2667,経路未発見,437
9434,0.0089,-9.8140,0.2667,経路未発見,131
9435,0.0089,-10.5060,0.2333,経路未発見,139
9436,0.0089,-11.2207,0.2000,経路未発見,82
9437,0.0089,-11.5620,0.2000,経路未発見,310
9438,0.0089,-12.2527,0.1667,経路未発見,82
9439,0.0089,-11.8460,0.1667,経路未発見,131
9440,0.0089,-11.7913,0.1667,経路未発見,100
9441,0.0089,-11.0193,0.2000,経路未発見,126
9442,0.0089,-10.7127,0.2000,経路未発見,34
9443,0.0089,-10.0247,0.2333,経路未発見,115
9444,0.0089,-10.5793,0.2000,経路未発見,76
9445,0.0089,-10.5647,0.2000,経路未発見,35
9446,0.0089,-10.5860,0.2000,経路未発見,41
9447,0.0089,-10.6567,0.2000,経路未発見,44
9448,0.0089,-10.7660,0.2000,経路未発見,132
9449,0.0089,-10.6167,0.2000,経路未発見,91
9450,0.0089,-11.4753,0.1667,経路未発見,332
9451,0.0089,-10.7247,0.2000,経路未発見,98
9452,0.0089,-10.5767,0.2000,経路未発見,141
9453,0.0089,-10.0153,0.2333,経路未発見,252
9454,0.0088,-10.1033,0.2333,経路未発見,242
9455,0.0088,-10.3820,0.2333,経路未発見,280
9456,0.0088,-10.3753,0.2333,経路未発見,81
9457,0.0088,-10.3433,0.2333,経路未発見,48
9458,0.0088,-9.6100,0.2667,経路未発見,107
9459,0.0088,-9.2040,0.2667,経路未発見,108
9460,0.0088,-9.1400,0.2667,経路未発見,85
9461,0.0088,-9.1947,0.2667,経路未発見,117
9462,0.0088,-9.9200,0.2333,経路未発見,42
9463,0.0088,-9.3573,0.2333,経路未発見,49
9464,0.0088,-9.9387,0.2000,経路未発見,34
9465,0.0088,-9.8253,0.2000,経路未発見,33
9466,0.0088,-10.0280,0.2000,経路未発見,192
9467,0.0088,-10.0560,0.2000,経路未発見,287
9468,0.0088,-10.0467,0.2000,経路未発見,39
9469,0.0088,-9.9187,0.2000,経路未発見,34
9470,0.0088,-9.3307,0.2333,経路未発見,169
9471,0.0088,-10.1267,0.2000,経路未発見,142
9472,0.0088,-10.1947,0.2000,経路未発見,84
9473,0.0088,-10.8680,0.1667,経路未発見,73
9474,0.0088,-10.8133,0.1667,経路未発見,48
9475,0.0088,-10.1507,0.2000,経路未発見,96
9476,0.0088,-9.4787,0.2333,経路未発見,143
9477,0.0087,-8.7840,0.2667,経路未発見,96
9478,0.0087,-7.8773,0.3000,経路未発見,91
9479,0.0087,-7.7707,0.3000,経路未発見,30
9480,0.0087,-6.7813,0.3333,経路未発見,103
9481,0.0087,-7.5987,0.3000,経路未発見,135
9482,0.0087,-6.7827,0.3333,経路未発見,99
9483,0.0087,-7.2787,0.3000,経路未発見,37
9484,0.0087,-7.9613,0.2667,経路未発見,160
9485,0.0087,-7.6653,0.2667,経路未発見,74
9486,0.0087,-7.7120,0.2667,経路未発見,37
9487,0.0087,-7.7560,0.2667,経路未発見,44
9488,0.0087,-8.4267,0.2333,経路未発見,33
9489,0.0087,-8.3173,0.2333,経路未発見,63
9490,0.0087,-8.2893,0.2333,経路未発見,55
9491,0.0087,-8.4987,0.2333,経路未発見,264
9492,0.0087,-8.5533,0.2333,経路未発見,146
9493,0.0087,-8.6493,0.2333,経路未発見,134
9494,0.0087,-8.8387,0.2333,経路未発見,158
9495,0.0087,-8.8720,0.2333,経路未発見,69
9496,0.0087,-8.6707,0.2333,経路未発見,35
9497,0.0087,-8.8080,0.2333,経路未発見,192
9498,0.0087,-8.7067,0.2333,経路未発見,39
9499,0.0087,-8.7627,0.2333,経路未発見,80
9500,0.0086,-9.5067,0.2000,経路未発見,163
9501,0.0086,-9.3453,0.2000,経路未発見,46
9502,0.0086,-9.2907,0.2000,経路未発見,44
9503,0.0086,-9.3720,0.2000,経路未発見,79
9504,0.0086,-9.3933,0.2000,経路未発見,40
9505,0.0086,-10.5787,0.1667,経路未発見,257
9506,0.0086,-11.2453,0.1333,経路未発見,49
9507,0.0086,-12.4793,0.1000,経路未発見,637
9508,0.0086,-13.2593,0.0667,経路未発見,76
9509,0.0086,-13.5540,0.0667,経路未発見,246
9510,0.0086,-14.2647,0.0333,経路未発見,90
9511,0.0086,-14.1087,0.0333,経路未発見,30
9512,0.0086,-14.9273,0.0000,経路未発見,124
9513,0.0086,-15.2487,0.0000,経路未発見,270
9514,0.0086,-15.0687,0.0000,経路未発見,50
9515,0.0086,-15.4233,0.0000,経路未発見,348
9516,0.0086,-15.8833,0.0000,経路未発見,381
9517,0.0086,-15.1940,0.0333,経路未発見,109
9518,0.0086,-15.3353,0.0333,経路未発見,39
9519,0.0086,-15.2673,0.0333,経路未発見,29
9520,0.0086,-15.2993,0.0333,経路未発見,55
9521,0.0086,-15.0420,0.0333,経路未発見,81
9522,0.0086,-15.5367,0.0333,経路未発見,477
9523,0.0085,-15.4500,0.0333,経路未発見,70
9524,0.0085,-15.2913,0.0333,経路未発見,79
9525,0.0085,-15.2913,0.0333,経路未発見,68
9526,0.0085,-14.6740,0.0667,経路未発見,138
9527,0.0085,-14.1820,0.0667,経路未発見,44
9528,0.0085,-14.2580,0.0667,経路未発見,64
9529,0.0085,-14.4033,0.0667,経路未発見,179
9530,0.0085,-14.2593,0.0667,経路未発見,87
9531,0.0085,-14.3180,0.0667,経路未発見,32
9532,0.0085,-14.3580,0.0667,経路未発見,51
9533,0.0085,-14.3233,0.0667,経路未発見,76
9534,0.0085,-14.5407,0.0667,経路未発見,217
9535,0.0085,-14.0820,0.0667,経路未発見,40
9536,0.0085,-14.0367,0.0667,経路未発見,30
9537,0.0085,-13.5733,0.0667,経路未発見,100
9538,0.0085,-13.5573,0.0667,経路未発見,92
9539,0.0085,-13.7413,0.0667,経路未発見,335
9540,0.0085,-13.8733,0.0667,経路未発見,195
9541,0.0085,-13.9360,0.0667,経路未発見,37
9542,0.0085,-13.8160,0.0667,経路未発見,40
9543,0.0085,-13.5280,0.0667,経路未発見,41
9544,0.0085,-13.5240,0.0667,経路未発見,33
9545,0.0085,-13.4133,0.0667,経路未発見,197
9546,0.0085,-12.9107,0.0667,経路未発見,67
9547,0.0084,-13.8240,0.0333,経路未発見,207
9548,0.0084,-14.1653,0.0333,経路未発見,346
9549,0.0084,-14.3187,0.0333,経路未発見,86
9550,0.0084,-14.3147,0.0333,経路未発見,34
9551,0.0084,-14.5413,0.0333,経路未発見,243
9552,0.0084,-14.1187,0.0333,経路未発見,205
9553,0.0084,-14.2320,0.0333,経路未発見,89
9554,0.0084,-14.2200,0.0667,経路未発見,277
9555,0.0084,-14.3000,0.0667,経路未発見,128
9556,0.0084,-14.4760,0.0667,経路未発見,327
9557,0.0084,-14.4720,0.0667,経路未発見,51
9558,0.0084,-14.4360,0.0667,経路未発見,46
9559,0.0084,-14.3720,0.0667,経路未発見,63
9560,0.0084,-14.6280,0.0667,経路未発見,209
9561,0.0084,-14.6133,0.0667,経路未発見,62
9562,0.0084,-14.5507,0.0667,経路未発見,29
9563,0.0084,-14.4400,0.0667,経路未発見,33
9564,0.0084,-14.2440,0.0667,経路未発見,37
9565,0.0084,-14.3387,0.0667,経路未発見,152
9566,0.0084,-14.3693,0.0667,経路未発見,47
9567,0.0084,-14.3627,0.0667,経路未発見,121
9568,0.0084,-15.0533,0.0667,経路未発見,496
9569,0.0084,-13.9693,0.1000,経路未発見,117
9570,0.0084,-14.1427,0.1000,経路未発見,278
9571,0.0083,-14.8640,0.1000,経路未発見,569
9572,0.0083,-14.9867,0.1000,経路未発見,117
9573,0.0083,-15.0187,0.1000,経路未発見,80
9574,0.0083,-15.0213,0.1000,経路未発見,35
9575,0.0083,-15.0027,0.1000,経路未発見,104
9576,0.0083,-15.0320,0.1000,経路未発見,81
9577,0.0083,-14.8467,0.1000,経路未発見,61
9578,0.0083,-14.4547,0.1000,経路未発見,83
9579,0.0083,-14.3760,0.1000,経路未発見,47
9580,0.0083,-14.3293,0.1000,経路未発見,40
9581,0.0083,-14.4307,0.1000,経路未発見,343
9582,0.0083,-14.7653,0.1000,経路未発見,430
9583,0.0083,-14.6027,0.1000,経路未発見,34
9584,0.0083,-14.3520,0.1000,経路未発見,184
9585,0.0083,-14.4893,0.1000,経路未発見,217
9586,0.0083,-14.8800,0.0667,経路未発見,39
9587,0.0083,-14.9080,0.0667,経路未発見,43
9588,0.0083,-14.9507,0.0667,経路未発見,91
9589,0.0083,-14.9560,0.0667,経路未発見,79
9590,0.0083,-14.6773,0.0667,経路未発見,40
9591,0.0083,-14.7653,0.0667,経路未発見,105
9592,0.0083,-14.7720,0.0667,経路未発見,44
9593,0.0083,-14.7707,0.0667,経路未発見,96
9594,0.0083,-15.5053,0.0667,経路未発見,625
9595,0.0082,-15.5920,0.0667,経路未発見,189
9596,0.0082,-15.5933,0.0667,経路未発見,31
9597,0.0082,-15.6667,0.0667,経路未発見,81
9598,0.0082,-15.0507,0.0667,経路未発見,125
9599,0.0082,-15.6880,0.0333,経路未発見,50
9600,0.0082,-15.3080,0.0333,経路未発見,37
9601,0.0082,-14.1960,0.0667,経路未発見,310
9602,0.0082,-14.0853,0.0667,経路未発見,32
9603,0.0082,-14.0600,0.0667,経路未発見,68
9604,0.0082,-14.0613,0.0667,経路未発見,50
9605,0.0082,-13.9480,0.0667,経路未発見,112
9606,0.0082,-13.9813,0.0667,経路未発見,78
9607,0.0082,-13.9573,0.0667,経路未発見,120
9608,0.0082,-14.2413,0.0667,経路未発見,301
9609,0.0082,-14.2387,0.0667,経路未発見,68
9610,0.0082,-14.3933,0.0667,経路未発見,138
9611,0.0082,-14.3987,0.0667,経路未発見,259
9612,0.0082,-13.7920,0.0667,経路未発見,27
9613,0.0082,-13.7840,0.0667,経路未発見,36
9614,0.0082,-14.1240,0.0333,経路未発見,94
9615,0.0082,-13.8880,0.0333,経路未発見,42
9616,0.0082,-14.1493,0.0333,経路未発見,140
9617,0.0082,-14.2640,0.0333,経路未発見,187
9618,0.0082,-14.2080,0.0333,経路未発見,44
9619,0.0081,-14.1307,0.0333,経路未発見,55
9620,0.0081,-13.7293,0.0667,経路未発見,225
9621,0.0081,-13.9947,0.0667,経路未発見,317
9622,0.0081,-14.1520,0.0667,経路未発見,48
9623,0.0081,-14.1667,0.0667,経路未発見,43
9624,0.0081,-13.3507,0.0667,経路未発見,40
9625,0.0081,-13.2173,0.0667,経路未発見,108
9626,0.0081,-13.4373,0.0667,経路未発見,175
9627,0.0081,-13.7187,0.0667,経路未発見,293
9628,0.0081,-13.6973,0.0667,経路未発見,104
9629,0.0081,-13.8147,0.0667,経路未発見,111
9630,0.0081,-13.9280,0.0667,経路未発見,94
9631,0.0081,-14.3120,0.0333,経路未発見,53
9632,0.0081,-14.4960,0.0333,経路未発見,113
9633,0.0081,-14.4093,0.0333,経路未発見,51
9634,0.0081,-14.3667,0.0333,経路未発見,29
9635,0.0081,-14.3227,0.0333,経路未発見,108
9636,0.0081,-14.2440,0.0333,経路未発見,74
9637,0.0081,-14.2373,0.0333,経路未発見,66
9638,0.0081,-13.1760,0.0667,経路未発見,76
9639,0.0081,-13.1547,0.0667,経路未発見,40
9640,0.0081,-12.3280,0.1000,経路未発見,96
9641,0.0081,-11.9960,0.1000,経路未発見,65
9642,0.0081,-12.5360,0.1000,経路未発見,404
9643,0.0081,-12.8453,0.1000,経路未発見,245
9644,0.0080,-12.0893,0.1333,経路未発見,100
9645,0.0080,-12.1560,0.1333,経路未発見,38
9646,0.0080,-12.0200,0.1333,経路未発見,84
9647,0.0080,-12.4440,0.1333,経路未発見,401
9648,0.0080,-12.4920,0.1333,経路未発見,41
9649,0.0080,-12.6947,0.1333,経路未発見,164
9650,0.0080,-13.1533,0.1000,経路未発見,39
9651,0.0080,-12.8613,0.1000,経路未発見,105
9652,0.0080,-12.0587,0.1333,経路未発見,108
9653,0.0080,-12.2520,0.1667,経路未発見,461
9654,0.0080,-12.3280,0.1667,経路未発見,84
9655,0.0080,-12.2467,0.1667,経路未発見,48
9656,0.0080,-12.1787,0.1667,経路未発見,157
9657,0.0080,-11.8160,0.1667,経路未発見,60
9658,0.0080,-11.8667,0.1667,経路未発見,75
9659,0.0080,-11.8547,0.1667,経路未発見,51
9660,0.0080,-11.8120,0.1667,経路未発見,116
9661,0.0080,-11.7560,0.1667,経路未発見,78
9662,0.0080,-10.8827,0.2000,経路未発見,96
9663,0.0080,-10.9107,0.2000,経路未発見,79
9664,0.0080,-10.9467,0.2000,経路未発見,50
9665,0.0080,-11.0373,0.2000,経路未発見,157
9666,0.0080,-11.1227,0.2000,経路未発見,95
9667,0.0080,-11.0480,0.2000,経路未発見,37
9668,0.0080,-11.9800,0.1667,経路未発見,135
9669,0.0079,-12.0813,0.1667,経路未発見,101
9670,0.0079,-12.1960,0.1667,経路未発見,144
9671,0.0079,-12.1413,0.1667,経路未発見,48
9672,0.0079,-11.6827,0.1667,経路未発見,90
9673,0.0079,-11.5093,0.1667,経路未発見,111
9674,0.0079,-12.2840,0.1333,経路未発見,93
9675,0.0079,-12.3547,0.1333,経路未発見,194
9676,0.0079,-12.5000,0.1333,経路未発見,240
9677,0.0079,-12.2653,0.1333,経路未発見,206
9678,0.0079,-12.4320,0.1333,経路未発見,208
9679,0.0079,-12.4293,0.1333,経路未発見,212
9680,0.0079,-12.4253,0.1333,経路未発見,57
9681,0.0079,-12.9360,0.1333,経路未発見,437
9682,0.0079,-13.7187,0.1000,経路未発見,119
9683,0.0079,-13.6133,0.0667,経路未発見,101
9684,0.0079,-13.6307,0.0667,経路未発見,95
9685,0.0079,-13.6960,0.0667,経路未発見,88
9686,0.0079,-12.8960,0.1000,経路未発見,90
9687,0.0079,-13.0253,0.1000,経路未発見,158
9688,0.0079,-13.1920,0.1000,経路未発見,152
9689,0.0079,-13.0853,0.1000,経路未発見,36
9690,0.0079,-13.0800,0.1000,経路未発見,93
9691,0.0079,-13.3187,0.1000,経路未発見,235
9692,0.0079,-14.8840,0.0667,経路未発見,301
9693,0.0079,-14.9933,0.0667,経路未発見,102
9694,0.0078,-14.9893,0.0667,経路未発見,73
9695,0.0078,-14.8640,0.0667,経路未発見,38
9696,0.0078,-14.8267,0.0667,経路未発見,56
9697,0.0078,-15.2187,0.0667,経路未発見,247
9698,0.0078,-14.3560,0.1000,経路未発見,128
9699,0.0078,-14.7773,0.1000,経路未発見,390
9700,0.0078,-15.6400,0.0667,経路未発見,225
9701,0.0078,-15.8853,0.0667,経路未発見,213
9702,0.0078,-15.8387,0.0667,経路未発見,26
9703,0.0078,-15.7253,0.0667,経路未発見,63
9704,0.0078,-15.6333,0.0667,経路未発見,33
9705,0.0078,-15.4613,0.0667,経路未発見,40
9706,0.0078,-15.2400,0.0667,経路未発見,79
9707,0.0078,-14.9493,0.0667,経路未発見,99
9708,0.0078,-14.6760,0.0667,経路未発見,43
9709,0.0078,-14.4627,0.0667,経路未発見,71
9710,0.0078,-15.1200,0.0667,経路未発見,576
9711,0.0078,-14.6093,0.0667,経路未発見,42
9712,0.0078,-14.8867,0.0667,経路未発見,261
9713,0.0078,-14.8573,0.0667,経路未発見,97
9714,0.0078,-14.9053,0.0667,経路未発見,93
9715,0.0078,-15.1680,0.0667,経路未発見,298
9716,0.0078,-15.1680,0.0667,経路未発見,109
9717,0.0078,-15.0200,0.0667,経路未発見,45
9718,0.0078,-14.7187,0.0667,経路未発見,51
9719,0.0078,-14.8293,0.0667,経路未発見,84
9720,0.0077,-14.1200,0.1000,経路未発見,116
9721,0.0077,-13.9880,0.1000,経路未発見,103
9722,0.0077,-13.2520,0.1000,経路未発見,131
9723,0.0077,-13.4413,0.1000,経路未発見,161
9724,0.0077,-13.5213,0.1000,経路未発見,51
9725,0.0077,-12.7893,0.1333,経路未発見,109
9726,0.0077,-12.8493,0.1333,経路未発見,69
9727,0.0077,-12.7040,0.1333,経路未発見,156
9728,0.0077,-13.8380,0.1000,経路未発見,637
9729,0.0077,-13.4007,0.1000,経路未発見,46
9730,0.0077,-13.0807,0.1000,経路未発見,31
9731,0.0077,-12.9473,0.1000,経路未発見,140
9732,0.0077,-12.9767,0.1000,経路未発見,40
9733,0.0077,-12.9273,0.1000,経路未発見,28
9734,0.0077,-13.3487,0.1000,経路未発見,322
9735,0.0077,-13.7140,0.1000,経路未発見,290
9736,0.0077,-13.7113,0.1000,経路未発見,65
9737,0.0077,-13.8407,0.1000,経路未発見,98
9738,0.0077,-14.1140,0.1000,経路未発見,184
9739,0.0077,-14.1140,0.1000,経路未発見,71
9740,0.0077,-13.4513,0.1000,経路未発見,95
9741,0.0077,-13.4753,0.1000,経路未発見,130
9742,0.0077,-13.1167,0.1000,経路未発見,67
9743,0.0077,-13.1540,0.1000,経路未発見,69
9744,0.0077,-13.5560,0.1000,経路未発見,637
9745,0.0077,-13.2920,0.1000,経路未発見,101
9746,0.0076,-14.0013,0.0667,経路未発見,74
9747,0.0076,-14.0000,0.0667,経路未発見,98
9748,0.0076,-14.5607,0.0667,経路未発見,637
9749,0.0076,-14.5327,0.0667,経路未発見,36
9750,0.0076,-15.2900,0.0333,経路未発見,94
9751,0.0076,-15.2767,0.0333,経路未発見,81
9752,0.0076,-15.2380,0.0333,経路未発見,108
9753,0.0076,-15.3300,0.0333,経路未発見,148
9754,0.0076,-15.3607,0.0333,経路未発見,130
9755,0.0076,-16.3753,0.0000,経路未発見,247
9756,0.0076,-16.2527,0.0000,経路未発見,49
9757,0.0076,-16.0247,0.0000,経路未発見,43
9758,0.0076,-15.5373,0.0000,経路未発見,48
9759,0.0076,-15.4707,0.0000,経路未発見,62
9760,0.0076,-16.2813,0.0000,経路未発見,367
9761,0.0076,-16.2200,0.0000,経路未発見,83
9762,0.0076,-16.3507,0.0000,経路未発見,156
9763,0.0076,-16.6827,0.0000,経路未発見,157
9764,0.0076,-16.2827,0.0000,経路未発見,41
9765,0.0076,-16.0840,0.0000,経路未発見,161
9766,0.0076,-16.0867,0.0000,経路未発見,55
9767,0.0076,-16.1413,0.0000,経路未発見,214
9768,0.0076,-16.0067,0.0000,経路未発見,62
9769,0.0076,-16.1773,0.0000,経路未発見,149
9770,0.0076,-16.1413,0.0000,経路未発見,47
9771,0.0076,-16.0693,0.0000,経路未発見,44
9772,0.0075,-16.0587,0.0000,経路未発見,39
9773,0.0075,-16.4933,0.0000,経路未発見,277
9774,0.0075,-16.0593,0.0000,経路未発見,76
9775,0.0075,-16.0407,0.0000,経路未発見,32
9776,0.0075,-16.0087,0.0000,経路未発見,57
9777,0.0075,-15.9527,0.0000,経路未発見,42
9778,0.0075,-15.6053,0.0000,経路未発見,177
9779,0.0075,-15.4840,0.0000,経路未発見,28
9780,0.0075,-15.4387,0.0000,経路未発見,64
9781,0.0075,-15.6427,0.0000,経路未発見,255
9782,0.0075,-16.2320,0.0000,経路未発見,417
9783,0.0075,-16.0893,0.0000,経路未発見,126
9784,0.0075,-15.9880,0.0000,経路未発見,35
9785,0.0075,-15.6867,0.0000,経路未発見,40
9786,0.0075,-16.2853,0.0000,経路未発見,435
9787,0.0075,-16.3973,0.0000,経路未発見,101
9788,0.0075,-16.4187,0.0000,経路未発見,44
9789,0.0075,-16.3640,0.0000,経路未発見,38
9790,0.0075,-15.6347,0.0000,経路未発見,59
9791,0.0075,-15.6133,0.0000,経路未発見,55
9792,0.0075,-15.5013,0.0000,経路未発見,38
9793,0.0075,-15.8373,0.0000,経路未発見,352
9794,0.0075,-16.1627,0.0000,経路未発見,285
9795,0.0075,-16.0160,0.0000,経路未発見,60
9796,0.0075,-16.5613,0.0000,経路未発見,363
9797,0.0075,-16.3747,0.0000,経路未発見,70
9798,0.0075,-16.5867,0.0000,経路未発見,280
9799,0.0074,-16.4080,0.0000,経路未発見,46
9800,0.0074,-17.0627,0.0000,経路未発見,567
9801,0.0074,-17.1200,0.0000,経路未発見,117
9802,0.0074,-17.1013,0.0000,経路未発見,56
9803,0.0074,-16.7120,0.0000,経路未発見,103
9804,0.0074,-16.8813,0.0000,経路未発見,220
9805,0.0074,-16.9080,0.0000,経路未発見,41
9806,0.0074,-16.8293,0.0000,経路未発見,23
9807,0.0074,-16.8973,0.0000,経路未発見,107
9808,0.0074,-16.7040,0.0000,経路未発見,52
9809,0.0074,-16.8907,0.0000,経路未発見,172
9810,0.0074,-16.8347,0.0000,経路未発見,33
9811,0.0074,-16.5213,0.0000,経路未発見,18
9812,0.0074,-15.8613,0.0000,経路未発見,82
9813,0.0074,-15.6373,0.0000,経路未発見,64
9814,0.0074,-15.7133,0.0000,経路未発見,71
9815,0.0074,-15.6893,0.0000,経路未発見,30
9816,0.0074,-15.1573,0.0000,経路未発見,46
9817,0.0074,-15.0707,0.0000,経路未発見,45
9818,0.0074,-15.0880,0.0000,経路未発見,75
9819,0.0074,-15.0867,0.0000,経路未発見,35
9820,0.0074,-15.0627,0.0000,経路未発見,93
9821,0.0074,-15.6947,0.0000,経路未発見,525
9822,0.0074,-15.6467,0.0000,経路未発見,30
9823,0.0074,-15.0627,0.0000,経路未発見,54
9824,0.0074,-14.9907,0.0000,経路未発見,224
9825,0.0074,-15.0267,0.0000,経路未発見,93
9826,0.0073,-14.4760,0.0000,経路未発見,47
9827,0.0073,-14.4533,0.0000,経路未発見,47
9828,0.0073,-14.1427,0.0000,経路未発見,74
9829,0.0073,-14.2053,0.0000,経路未発見,45
9830,0.0073,-13.5333,0.0000,経路未発見,51
9831,0.0073,-13.4693,0.0000,経路未発見,38
9832,0.0073,-13.6347,0.0000,経路未発見,115
9833,0.0073,-13.5107,0.0000,経路未発見,31
9834,0.0073,-13.3400,0.0000,経路未発見,54
9835,0.0073,-13.3053,0.0000,経路未発見,80
9836,0.0073,-13.3760,0.0000,経路未発見,66
9837,0.0073,-13.3080,0.0000,経路未発見,42
9838,0.0073,-13.3040,0.0000,経路未発見,47
9839,0.0073,-13.5400,0.0000,経路未発見,264
9840,0.0073,-13.6187,0.0000,経路未発見,78
9841,0.0073,-13.7013,0.0000,経路未発見,42
9842,0.0073,-13.7347,0.0000,経路未発見,41
9843,0.0073,-13.7920,0.0000,経路未発見,32
9844,0.0073,-13.6987,0.0000,経路未発見,35
9845,0.0073,-13.6733,0.0000,経路未発見,28
9846,0.0073,-13.6440,0.0000,経路未発見,50
9847,0.0073,-13.6547,0.0000,経路未発見,49
9848,0.0073,-13.6027,0.0000,経路未発見,26
9849,0.0073,-14.2733,0.0000,経路未発見,464
9850,0.0073,-14.2507,0.0000,経路未発見,38
9851,0.0073,-13.5640,0.0000,経路未発見,31
9852,0.0073,-13.6560,0.0000,経路未発見,93
9853,0.0072,-13.8827,0.0000,経路未発見,236
9854,0.0072,-13.8880,0.0000,経路未発見,107
9855,0.0072,-13.8267,0.0000,経路未発見,51
9856,0.0072,-13.8840,0.0000,経路未発見,38
9857,0.0072,-14.3107,0.0000,経路未発見,344
9858,0.0072,-14.4000,0.0000,経路未発見,96
9859,0.0072,-14.4560,0.0000,経路未発見,125
9860,0.0072,-14.4507,0.0000,経路未発見,76
9861,0.0072,-14.5573,0.0000,経路未発見,145
9862,0.0072,-14.3987,0.0000,経路未発見,51
9863,0.0072,-14.5427,0.0000,経路未発見,135
9864,0.0072,-14.5427,0.0000,経路未発見,38
9865,0.0072,-15.2613,0.0000,経路未発見,265
9866,0.0072,-15.2893,0.0000,経路未発見,85
9867,0.0072,-15.3667,0.0000,経路未発見,58
9868,0.0072,-15.3320,0.0000,経路未発見,41
9869,0.0072,-15.0667,0.0000,経路未発見,146
9870,0.0072,-14.9640,0.0000,経路未発見,34
9871,0.0072,-14.9920,0.0000,経路未発見,66
9872,0.0072,-15.3160,0.0000,経路未発見,246
9873,0.0072,-15.3520,0.0000,経路未発見,112
9874,0.0072,-15.3827,0.0000,経路未発見,45
9875,0.0072,-15.4040,0.0000,経路未発見,36
9876,0.0072,-15.6107,0.0000,経路未発見,124
9877,0.0072,-15.7320,0.0000,経路未発見,124
9878,0.0072,-15.7760,0.0000,経路未発見,57
9879,0.0072,-15.1587,0.0000,経路未発見,48
9880,0.0072,-15.6213,0.0000,経路未発見,375
9881,0.0071,-16.0667,0.0000,経路未発見,199
9882,0.0071,-16.2560,0.0000,経路未発見,216
9883,0.0071,-16.0440,0.0000,経路未発見,63
9884,0.0071,-15.9573,0.0000,経路未発見,177
9885,0.0071,-15.9733,0.0000,経路未発見,55
9886,0.0071,-15.9173,0.0000,経路未発見,39
9887,0.0071,-15.4787,0.0000,経路未発見,36
9888,0.0071,-15.5813,0.0000,経路未発見,193
9889,0.0071,-15.4787,0.0000,経路未発見,46
9890,0.0071,-15.5840,0.0000,経路未発見,132
9891,0.0071,-15.7040,0.0000,経路未発見,227
9892,0.0071,-15.7400,0.0000,経路未発見,86
9893,0.0071,-15.5920,0.0000,経路未発見,33
9894,0.0071,-15.7120,0.0000,経路未発見,163
9895,0.0071,-15.4547,0.0000,経路未発見,403
9896,0.0071,-15.4400,0.0000,経路未発見,57
9897,0.0071,-15.7027,0.0000,経路未発見,276
9898,0.0071,-15.7320,0.0000,経路未発見,47
9899,0.0071,-15.6213,0.0000,経路未発見,37
9900,0.0071,-15.6333,0.0000,経路未発見,37
9901,0.0071,-15.6187,0.0000,経路未発見,52
9902,0.0071,-15.3387,0.0000,経路未発見,88
9903,0.0071,-15.2947,0.0000,経路未発見,45
9904,0.0071,-15.7173,0.0000,経路未発見,356
9905,0.0071,-15.8080,0.0000,経路未発見,112
9906,0.0071,-15.9627,0.0000,経路未発見,334
9907,0.0071,-15.8000,0.0000,経路未発見,32
9908,0.0071,-15.8040,0.0000,経路未発見,54
9909,0.0070,-15.7987,0.0000,経路未発見,44
9910,0.0070,-15.4480,0.0000,経路未発見,126
9911,0.0070,-15.5173,0.0000,経路未発見,356
9912,0.0070,-15.2533,0.0000,経路未発見,52
9913,0.0070,-15.2320,0.0000,経路未発見,51
9914,0.0070,-15.1733,0.0000,経路未発見,40
9915,0.0070,-15.6067,0.0000,経路未発見,231
9916,0.0070,-16.1840,0.0000,経路未発見,409
9917,0.0070,-16.2080,0.0000,経路未発見,94
9918,0.0070,-16.0560,0.0000,経路未発見,80
9919,0.0070,-16.0507,0.0000,経路未発見,46
9920,0.0070,-16.4993,0.0000,経路未発見,637
9921,0.0070,-16.2713,0.0000,経路未発見,94
9922,0.0070,-16.3100,0.0000,経路未発見,69
9923,0.0070,-16.3380,0.0000,経路未発見,53
9924,0.0070,-16.3860,0.0000,経路未発見,138
9925,0.0070,-15.9247,0.0000,経路未発見,69
9926,0.0070,-15.8567,0.0000,経路未発見,27
9927,0.0070,-15.5487,0.0000,経路未発見,83
9928,0.0070,-14.8793,0.0333,経路未発見,109
9929,0.0070,-14.8727,0.0333,経路未発見,50
9930,0.0070,-14.8833,0.0333,経路未発見,41
9931,0.0070,-14.8433,0.0333,経路未発見,93
9932,0.0070,-14.7993,0.0333,経路未発見,100
9933,0.0070,-14.8433,0.0333,経路未発見,111
9934,0.0070,-14.4153,0.0333,経路未発見,49
9935,0.0070,-14.6127,0.0333,経路未発見,237
9936,0.0070,-14.2553,0.0333,経路未発見,51
9937,0.0070,-14.4220,0.0333,経路未発見,178
9938,0.0069,-14.4073,0.0333,経路未発見,45
9939,0.0069,-15.1060,0.0333,経路未発見,191
9940,0.0069,-15.1473,0.0333,経路未発見,128
9941,0.0069,-14.6033,0.0333,経路未発見,21
9942,0.0069,-14.1580,0.0667,経路未発見,206
9943,0.0069,-14.1940,0.0667,経路未発見,85
9944,0.0069,-14.0860,0.0667,経路未発見,45
9945,0.0069,-13.6487,0.0667,経路未発見,38
9946,0.0069,-13.0527,0.0667,経路未発見,40
9947,0.0069,-13.0073,0.0667,経路未発見,43
9948,0.0069,-13.1420,0.0667,経路未発見,145
9949,0.0069,-13.1673,0.0667,経路未発見,91
9950,0.0069,-12.5653,0.0667,経路未発見,23
9951,0.0069,-12.7693,0.0667,経路未発見,206
9952,0.0069,-12.6907,0.0667,経路未発見,54
9953,0.0069,-12.7107,0.0667,経路未発見,98
9954,0.0069,-12.5480,0.0667,経路未発見,128
9955,0.0069,-12.5120,0.0667,経路未発見,51
9956,0.0069,-12.6320,0.0667,経路未発見,71
9957,0.0069,-12.6627,0.0667,経路未発見,91
9958,0.0069,-13.6867,0.0333,経路未発見,336
9959,0.0069,-14.0747,0.0333,経路未発見,185
9960,0.0069,-14.1680,0.0333,経路未発見,51
9961,0.0069,-14.1400,0.0333,経路未発見,37
9962,0.0069,-14.4800,0.0333,経路未発見,348
9963,0.0069,-14.5387,0.0333,経路未発見,159
9964,0.0069,-14.5427,0.0333,経路未発見,38
9965,0.0069,-14.3760,0.0333,経路未発見,77
9966,0.0069,-14.7053,0.0333,経路未発見,300
9967,0.0068,-15.1227,0.0333,経路未発見,443
9968,0.0068,-15.2187,0.0333,経路未発見,129
9969,0.0068,-14.6067,0.0333,経路未発見,92
9970,0.0068,-14.5147,0.0333,経路未発見,108
9971,0.0068,-14.6480,0.0333,経路未発見,98
9972,0.0068,-14.5387,0.0333,経路未発見,162
9973,0.0068,-14.4373,0.0333,経路未発見,31
9974,0.0068,-15.0267,0.0333,経路未発見,329
9975,0.0068,-15.0200,0.0333,経路未発見,39
9976,0.0068,-15.3333,0.0333,経路未発見,233
9977,0.0068,-15.3613,0.0333,経路未発見,43
9978,0.0068,-15.3520,0.0333,経路未発見,162
9979,0.0068,-15.3000,0.0333,経路未発見,34
9980,0.0068,-15.3693,0.0333,経路未発見,140
9981,0.0068,-15.0920,0.0333,経路未発見,32
9982,0.0068,-15.3800,0.0333,経路未発見,239
9983,0.0068,-14.7573,0.0667,経路未発見,161
9984,0.0068,-14.6867,0.0667,経路未発見,96
9985,0.0068,-14.7440,0.0667,経路未発見,39
9986,0.0068,-15.0320,0.0667,経路未発見,284
9987,0.0068,-15.0400,0.0667,経路未発見,56
9988,0.0068,-14.6547,0.0667,経路未発見,57
9989,0.0068,-14.2813,0.0667,経路未発見,48
9990,0.0068,-14.5853,0.0667,経路未発見,347
9991,0.0068,-14.6760,0.0667,経路未発見,103
9992,0.0068,-14.4373,0.0667,経路未発見,41
9993,0.0068,-14.2573,0.0667,経路未発見,34
9994,0.0068,-14.3680,0.0667,経路未発見,108
9995,0.0068,-15.0147,0.0667,経路未発見,540
9996,0.0067,-14.6853,0.0667,経路未発見,47
9997,0.0067,-14.0880,0.0667,経路未発見,33
9998,0.0067,-13.4613,0.1000,経路未発見,154
9999,0.0067,-12.7413,0.1333,経路未発見,173
10000,0.0067,-12.0787,0.1667,経路未発見,126
10001,0.0067,-11.9853,0.1667,経路未発見,51
10002,0.0067,-12.5227,0.1333,経路未発見,49
10003,0.0067,-12.7307,0.1333,経路未発見,107
10004,0.0067,-12.1880,0.1333,経路未発見,107
10005,0.0067,-11.5307,0.1667,経路未発見,127
10006,0.0067,-11.2520,0.1667,125,78
10007,0.0067,-10.5587,0.2000,経路未発見,125
10008,0.0067,-10.7040,0.2000,経路未発見,223
10009,0.0067,-10.7667,0.2000,経路未発見,83
10010,0.0067,-10.7747,0.2000,経路未発見,127
10011,0.0067,-10.8453,0.2000,経路未発見,79
10012,0.0067,-10.5373,0.2000,経路未発見,45
10013,0.0067,-11.1787,0.1667,経路未発見,57
10014,0.0067,-11.1240,0.1667,経路未発見,29
10015,0.0067,-10.3347,0.2000,経路未発見,68
10016,0.0067,-9.9773,0.2000,経路未発見,46
10017,0.0067,-9.9933,0.2000,経路未発見,94
10018,0.0067,-10.0080,0.2000,経路未発見,139
10019,0.0067,-10.3987,0.2000,経路未発見,358
10020,0.0067,-9.9947,0.2000,経路未発見,38
10021,0.0067,-10.0627,0.2000,経路未発見,116
10022,0.0067,-9.9880,0.2000,経路未発見,42
10023,0.0067,-10.0080,0.2000,経路未発見,47
10024,0.0067,-9.8613,0.2000,経路未発見,29
10025,0.0067,-9.2507,0.2000,経路未発見,120
10026,0.0066,-9.1907,0.2000,経路未発見,31
10027,0.0066,-9.1880,0.2000,経路未発見,35
10028,0.0066,-10.2573,0.1667,経路未発見,461
10029,0.0066,-10.9200,0.1333,経路未発見,78
10030,0.0066,-11.6507,0.1000,経路未発見,141
10031,0.0066,-11.8373,0.1000,経路未発見,179
10032,0.0066,-11.8227,0.1000,経路未発見,36
10033,0.0066,-11.6440,0.1000,経路未発見,69
10034,0.0066,-11.5627,0.1000,経路未発見,27
10035,0.0066,-12.5547,0.0667,経路未発見,190
10036,0.0066,-12.4840,0.0667,経路未発見,38
10037,0.0066,-13.4947,0.0333,経路未発見,270
10038,0.0066,-13.2373,0.0333,経路未発見,78
10039,0.0066,-12.7147,0.0667,経路未発見,186
10040,0.0066,-12.8453,0.0667,経路未発見,99
10041,0.0066,-12.7827,0.0667,経路未発見,30
10042,0.0066,-12.8360,0.0667,経路未発見,38
10043,0.0066,-12.8947,0.0667,経路未発見,147
10044,0.0066,-12.4720,0.1000,経路未発見,213
10045,0.0066,-13.6573,0.0667,経路未発見,315
10046,0.0066,-13.6120,0.0667,経路未発見,39
10047,0.0066,-13.5067,0.0667,経路未発見,36
10048,0.0066,-13.4693,0.0667,経路未発見,34
10049,0.0066,-13.0773,0.0667,経路未発見,41
10050,0.0066,-13.2467,0.0667,経路未発見,175
10051,0.0066,-13.1333,0.0667,経路未発見,52
10052,0.0066,-13.0840,0.0667,経路未発見,57
10053,0.0066,-13.2600,0.0667,経路未発見,198
10054,0.0066,-13.2440,0.0667,経路未発見,32
10055,0.0066,-13.1293,0.0667,経路未発見,80
10056,0.0065,-13.4053,0.0667,経路未発見,107
10057,0.0065,-13.4667,0.0667,経路未発見,59
10058,0.0065,-12.9400,0.0667,経路未発見,53
10059,0.0065,-12.9440,0.0667,経路未発見,41
10060,0.0065,-13.1760,0.0667,経路未発見,258
10061,0.0065,-13.1667,0.0667,経路未発見,128
10062,0.0065,-13.5720,0.0667,経路未発見,305
10063,0.0065,-13.7453,0.0667,経路未発見,126
10064,0.0065,-13.8133,0.0667,経路未発見,61
10065,0.0065,-13.5933,0.0667,経路未発見,111
10066,0.0065,-13.6240,0.0667,経路未発見,40
10067,0.0065,-13.3133,0.0667,経路未発見,54
10068,0.0065,-12.7307,0.1000,経路未発見,195
10069,0.0065,-13.3973,0.0667,経路未発見,187
10070,0.0065,-13.2467,0.0667,経路未発見,65
10071,0.0065,-13.3653,0.0667,経路未発見,87
10072,0.0065,-13.5987,0.0667,経路未発見,231
10073,0.0065,-13.6827,0.0667,経路未発見,166
10074,0.0065,-14.2200,0.0333,経路未発見,81
10075,0.0065,-13.9800,0.0333,経路未発見,204
10076,0.0065,-14.2253,0.0333,経路未発見,193
10077,0.0065,-14.2453,0.0333,経路未発見,38
10078,0.0065,-14.3107,0.0333,経路未発見,38
10079,0.0065,-14.9693,0.0333,経路未発見,445
10080,0.0065,-14.8773,0.0333,経路未発見,55
10081,0.0065,-14.8520,0.0333,経路未発見,31
10082,0.0065,-14.7653,0.0333,経路未発見,21
10083,0.0065,-14.6720,0.0667,経路未発見,513
10084,0.0065,-15.3653,0.0667,経路未発見,465
10085,0.0065,-15.8320,0.0667,経路未発見,324
10086,0.0065,-15.9667,0.0667,経路未発見,313
10087,0.0064,-15.9253,0.0667,経路未発見,33
10088,0.0064,-16.4547,0.0667,経路未発見,341
10089,0.0064,-16.5467,0.0667,経路未発見,169
10090,0.0064,-16.2253,0.0667,経路未発見,44
10091,0.0064,-16.5333,0.0667,経路未発見,350
10092,0.0064,-16.1560,0.0667,経路未発見,40
10093,0.0064,-15.6053,0.1000,経路未発見,286
10094,0.0064,-15.9853,0.1000,経路未発見,359
10095,0.0064,-16.0373,0.1000,経路未発見,93
10096,0.0064,-16.0387,0.1000,経路未発見,50
10097,0.0064,-16.0373,0.1000,経路未発見,47
10098,0.0064,-16.9133,0.0667,経路未発見,245
10099,0.0064,-16.7787,0.0667,経路未発見,41
10100,0.0064,-16.8493,0.0667,経路未発見,119
10101,0.0064,-17.1907,0.0667,経路未発見,350
10102,0.0064,-16.9773,0.0667,経路未発見,102
10103,0.0064,-16.8960,0.0667,経路未発見,51
10104,0.0064,-16.8827,0.0667,経路未発見,133
10105,0.0064,-17.1960,0.0667,経路未発見,410
10106,0.0064,-17.1000,0.0667,経路未発見,94
10107,0.0064,-17.2227,0.0667,経路未発見,109
10108,0.0064,-17.1613,0.0667,経路未発見,35
10109,0.0064,-16.3960,0.1000,経路未発見,430
10110,0.0064,-16.4200,0.1000,経路未発見,92
10111,0.0064,-16.4587,0.1000,経路未発見,97
10112,0.0064,-16.5387,0.1000,経路未発見,38
10113,0.0064,-16.5133,0.0667,経路未発見,92
10114,0.0064,-16.4073,0.0667,経路未発見,637
10115,0.0064,-16.0993,0.0667,経路未発見,170
10116,0.0064,-15.7100,0.0667,経路未発見,39
10117,0.0064,-16.4073,0.0667,経路未発見,463
10118,0.0063,-16.1073,0.0667,経路未発見,280
10119,0.0063,-15.9753,0.0667,経路未発見,45
10120,0.0063,-15.8927,0.0667,経路未発見,29
10121,0.0063,-15.8593,0.0667,経路未発見,180
10122,0.0063,-15.8567,0.0667,経路未発見,97
10123,0.0063,-16.3513,0.0333,経路未発見,166
10124,0.0063,-16.0967,0.0333,経路未発見,147
10125,0.0063,-16.0473,0.0333,経路未発見,89
10126,0.0063,-16.2073,0.0333,経路未発見,211
10127,0.0063,-16.2087,0.0333,経路未発見,58
10128,0.0063,-15.8767,0.0333,経路未発見,71
10129,0.0063,-15.8940,0.0333,経路未発見,114
10130,0.0063,-15.1673,0.0667,経路未発見,128
10131,0.0063,-14.8060,0.0667,経路未発見,59
10132,0.0063,-14.1580,0.1000,経路未発見,168
10133,0.0063,-14.4340,0.1000,経路未発見,228
10134,0.0063,-14.5047,0.1000,経路未発見,107
10135,0.0063,-13.9353,0.1000,経路未発見,31
10136,0.0063,-13.8233,0.1000,経路未発見,44
10137,0.0063,-14.2347,0.1000,経路未発見,637
10138,0.0063,-14.2213,0.1000,経路未発見,29
10139,0.0063,-14.7560,0.0667,経路未発見,420
10140,0.0063,-14.7600,0.0667,経路未発見,123
10141,0.0063,-14.6760,0.0667,経路未発見,28
10142,0.0063,-14.5973,0.0667,経路未発見,28
10143,0.0063,-13.8947,0.1000,経路未発見,119
10144,0.0063,-12.7633,0.1333,経路未発見,180
10145,0.0063,-12.5780,0.1333,経路未発見,65
10146,0.0063,-11.9233,0.1667,経路未発見,95
10147,0.0063,-11.2140,0.1667,経路未発見,37
10148,0.0063,-11.0913,0.1667,経路未発見,68
10149,0.0063,-11.2207,0.1667,経路未発見,129
10150,0.0062,-11.3007,0.1667,経路未発見,54
10151,0.0062,-11.1860,0.1667,経路未発見,188
10152,0.0062,-11.2727,0.1667,経路未発見,63
10153,0.0062,-10.5407,0.2000,経路未発見,146
10154,0.0062,-10.3647,0.2000,経路未発見,38
10155,0.0062,-10.3900,0.2000,経路未発見,91
10156,0.0062,-10.2433,0.2000,経路未発見,45
10157,0.0062,-10.4407,0.2000,経路未発見,210
10158,0.0062,-10.5153,0.2000,経路未発見,106
10159,0.0062,-10.4367,0.2000,経路未発見,38
10160,0.0062,-11.0887,0.1667,経路未発見,63
10161,0.0062,-11.0100,0.1667,経路未発見,36
10162,0.0062,-11.6207,0.1333,経路未発見,35
10163,0.0062,-11.2060,0.1333,経路未発見,30
10164,0.0062,-10.4860,0.1667,経路未発見,138
10165,0.0062,-10.6953,0.1667,経路未発見,140
10166,0.0062,-10.6700,0.1667,経路未発見,27
10167,0.0062,-10.2947,0.1667,経路未発見,63
10168,0.0062,-10.3493,0.1667,経路未発見,72
10169,0.0062,-9.9000,0.1667,経路未発見,52
10170,0.0062,-9.7760,0.1667,経路未発見,28
10171,0.0062,-9.1547,0.2000,経路未発見,137
10172,0.0062,-9.2133,0.2000,経路未発見,49
10173,0.0062,-9.9053,0.1667,経路未発見,37
10174,0.0062,-10.4640,0.1333,経路未発見,33
10175,0.0062,-11.2387,0.1333,経路未発見,596
10176,0.0062,-11.9520,0.1000,経路未発見,68
10177,0.0062,-12.0280,0.1000,経路未発見,66
10178,0.0062,-11.9560,0.1000,経路未発見,43
10179,0.0062,-11.8853,0.1000,経路未発見,97
10180,0.0062,-11.8320,0.1000,経路未発見,45
10181,0.0062,-12.0267,0.1000,経路未発見,429
10182,0.0061,-11.8960,0.1000,経路未発見,26
10183,0.0061,-12.5787,0.0667,経路未発見,106
10184,0.0061,-13.2267,0.0667,経路未発見,524
10185,0.0061,-13.1200,0.0667,経路未発見,45
10186,0.0061,-13.1493,0.0667,経路未発見,86
10187,0.0061,-12.4013,0.1000,経路未発見,142
10188,0.0061,-12.5560,0.1000,経路未発見,211
10189,0.0061,-11.8773,0.1333,経路未発見,125
10190,0.0061,-11.2600,0.1667,経路未発見,135
10191,0.0061,-11.5347,0.1667,経路未発見,162
10192,0.0061,-10.9320,0.2000,経路未発見,174
10193,0.0061,-10.3387,0.2333,経路未発見,158
10194,0.0061,-10.9867,0.2000,経路未発見,87
10195,0.0061,-10.8133,0.2000,経路未発見,37
10196,0.0061,-11.3540,0.2000,経路未発見,637
10197,0.0061,-11.5767,0.2000,経路未発見,278
10198,0.0061,-11.6020,0.2000,経路未発見,42
10199,0.0061,-11.8687,0.2000,経路未発見,241
10200,0.0061,-11.9487,0.2000,経路未発見,62
10201,0.0061,-12.2660,0.2000,経路未発見,299
10202,0.0061,-12.2433,0.2000,経路未発見,45
10203,0.0061,-12.3807,0.2000,経路未発見,154
10204,0.0061,-12.9147,0.2000,経路未発見,637
10205,0.0061,-12.1053,0.2000,経路未発見,50
10206,0.0061,-12.1453,0.2000,経路未発見,40
10207,0.0061,-11.4360,0.2333,経路未発見,143
10208,0.0061,-11.3373,0.2333,経路未発見,35
10209,0.0061,-11.3547,0.2333,経路未発見,42
10210,0.0061,-11.3453,0.2333,経路未発見,28
10211,0.0061,-11.0680,0.2333,経路未発見,107
10212,0.0061,-11.1267,0.2333,経路未発見,28
10213,0.0061,-11.0667,0.2333,経路未発見,36
10214,0.0061,-10.3827,0.2333,経路未発見,36
10215,0.0060,-10.3987,0.2333,経路未発見,50
10216,0.0060,-10.4680,0.2333,経路未発見,127
10217,0.0060,-10.9547,0.2000,経路未発見,25
10218,0.0060,-10.2720,0.2333,経路未発見,263
10219,0.0060,-10.9507,0.2000,経路未発見,34
10220,0.0060,-11.9587,0.1667,経路未発見,351
10221,0.0060,-12.3273,0.1667,経路未発見,637
10222,0.0060,-13.7673,0.1333,経路未発見,530
10223,0.0060,-14.5233,0.1000,経路未発見,45
10224,0.0060,-14.4633,0.1000,経路未発見,75
10225,0.0060,-14.5060,0.1000,経路未発見,61
10226,0.0060,-13.9733,0.1000,経路未発見,40
10227,0.0060,-13.6613,0.1000,経路未発見,87
10228,0.0060,-13.8787,0.1000,経路未発見,239
10229,0.0060,-13.5800,0.1000,経路未発見,28
10230,0.0060,-13.5947,0.1000,経路未発見,39
10231,0.0060,-14.0733,0.0667,経路未発見,149
10232,0.0060,-13.6880,0.1000,経路未発見,261
10233,0.0060,-13.6307,0.1000,経路未発見,159
10234,0.0060,-13.0020,0.1333,経路未発見,528
10235,0.0060,-13.0620,0.1333,経路未発見,69
10236,0.0060,-13.6647,0.1333,経路未発見,551
10237,0.0060,-14.4100,0.1000,経路未発見,114
10238,0.0060,-14.2433,0.1333,経路未発見,464
10239,0.0060,-13.5087,0.1667,経路未発見,130
10240,0.0060,-13.6300,0.1667,経路未発見,137
10241,0.0060,-13.6247,0.1667,経路未発見,217
10242,0.0060,-13.6900,0.1667,経路未発見,75
10243,0.0060,-13.6753,0.1667,経路未発見,50
10244,0.0060,-14.2380,0.1667,経路未発見,447
10245,0.0060,-14.7407,0.1667,経路未発見,413
10246,0.0060,-14.6180,0.1667,経路未発見,35
10247,0.0060,-14.0647,0.2000,経路未発見,149
10248,0.0059,-14.5807,0.1667,経路未発見,49
10249,0.0059,-14.5567,0.1667,経路未発見,28
10250,0.0059,-13.5727,0.2000,経路未発見,134
10251,0.0059,-12.9947,0.2000,経路未発見,102
10252,0.0059,-12.2640,0.2000,経路未発見,116
10253,0.0059,-12.6720,0.2000,経路未発見,474
10254,0.0059,-13.0200,0.2000,経路未発見,265
10255,0.0059,-13.3027,0.2000,経路未発見,244
10256,0.0059,-13.9373,0.2000,経路未発見,88
10257,0.0059,-13.2400,0.2333,経路未発見,136
10258,0.0059,-12.9707,0.2333,経路未発見,44
10259,0.0059,-12.3813,0.2667,経路未発見,123
10260,0.0059,-12.2960,0.2667,経路未発見,41
10261,0.0059,-12.1360,0.2667,経路未発見,33
10262,0.0059,-12.5973,0.2333,経路未発見,89
10263,0.0059,-12.4827,0.2333,経路未発見,43
10264,0.0059,-12.0507,0.2333,経路未発見,128
10265,0.0059,-12.4160,0.2333,経路未発見,183
10266,0.0059,-11.0920,0.2667,経路未発見,138
10267,0.0059,-11.4840,0.2667,経路未発見,275
10268,0.0059,-12.2907,0.2333,経路未発見,408
10269,0.0059,-12.9280,0.2000,経路未発見,33
10270,0.0059,-12.8427,0.2000,経路未発見,42
10271,0.0059,-12.6813,0.2000,経路未発見,98
10272,0.0059,-12.6413,0.2000,経路未発見,52
10273,0.0059,-12.0973,0.2333,経路未発見,194
10274,0.0059,-10.8813,0.2667,経路未発見,121
10275,0.0059,-10.4880,0.2667,経路未発見,134
10276,0.0059,-10.6013,0.2667,経路未発見,37
10277,0.0059,-11.2320,0.2333,経路未発見,40
10278,0.0059,-11.6440,0.2333,経路未発見,422
10279,0.0059,-11.1120,0.2667,経路未発見,179
10280,0.0059,-11.0160,0.2667,経路未発見,119
10281,0.0059,-11.0013,0.2667,経路未発見,43
10282,0.0058,-10.8773,0.2667,経路未発見,32
10283,0.0058,-10.4147,0.2667,経路未発見,101
10284,0.0058,-9.5347,0.3000,121,180
10285,0.0058,-8.5293,0.3333,経路未発見,121
10286,0.0058,-7.2387,0.3667,経路未発見,116
10287,0.0058,-7.4253,0.3667,経路未発見,295
10288,0.0058,-7.5253,0.3667,97,117
10289,0.0058,-7.5013,0.3667,97,124
10290,0.0058,-6.9587,0.4000,経路未発見,93
10291,0.0058,-7.1533,0.4000,経路未発見,141
10292,0.0058,-7.1747,0.4000,経路未発見,56
10293,0.0058,-7.6833,0.4000,経路未発見,637
10294,0.0058,-8.1993,0.3667,経路未発見,33
10295,0.0058,-7.8860,0.3667,経路未発見,56
10296,0.0058,-8.5393,0.3333,経路未発見,45
10297,0.0058,-7.3700,0.3667,経路未発見,119
10298,0.0058,-7.1540,0.3667,経路未発見,163
10299,0.0058,-6.5247,0.4000,経路未発見,136
10300,0.0058,-6.5953,0.4000,経路未発見,120
10301,0.0058,-6.6100,0.4000,経路未発見,92
10302,0.0058,-5.9180,0.4333,経路未発見,122
10303,0.0058,-6.1553,0.4333,経路未発見,334
10304,0.0058,-6.8713,0.4000,125,38
10305,0.0058,-6.1193,0.4333,経路未発見,139
10306,0.0058,-5.9687,0.4333,経路未発見,107
10307,0.0058,-5.9740,0.4333,経路未発見,46
10308,0.0058,-5.5740,0.4333,121,203
10309,0.0058,-5.4460,0.4333,経路未発見,121
10310,0.0058,-6.1140,0.4000,経路未発見,39
10311,0.0058,-6.0367,0.4000,経路未発見,43
10312,0.0058,-6.0273,0.4000,経路未発見,46
10313,0.0058,-5.2780,0.4333,経路未発見,122
10314,0.0058,-5.2993,0.4333,経路未発見,177
10315,0.0058,-5.9540,0.4000,119,35
10316,0.0058,-5.9327,0.4000,経路未発見,119
10317,0.0057,-6.4220,0.3667,経路未発見,113
10318,0.0057,-6.7753,0.3667,経路未発見,369
10319,0.0057,-7.4553,0.3333,経路未発見,79
10320,0.0057,-7.3407,0.3333,経路未発見,121
10321,0.0057,-7.1833,0.3333,経路未発見,73
10322,0.0057,-7.0873,0.3333,経路未発見,60
10323,0.0057,-6.5987,0.3333,経路未発見,55
10324,0.0057,-6.6080,0.3333,経路未発見,38
10325,0.0057,-7.0367,0.3333,経路未発見,637
10326,0.0057,-7.5480,0.3333,経路未発見,637
10327,0.0057,-8.5227,0.3000,経路未発見,205
10328,0.0057,-8.1000,0.3000,経路未発見,30
10329,0.0057,-8.1213,0.3000,経路未発見,133
10330,0.0057,-8.0320,0.3000,経路未発見,36
10331,0.0057,-8.0547,0.3000,経路未発見,58
10332,0.0057,-8.1240,0.3000,経路未発見,136
10333,0.0057,-8.4893,0.2667,経路未発見,79
10334,0.0057,-7.8347,0.3000,経路未発見,129
10335,0.0057,-7.8320,0.3000,経路未発見,118
10336,0.0057,-7.3573,0.3333,経路未発見,169
10337,0.0057,-7.8547,0.3333,経路未発見,462
10338,0.0057,-8.3773,0.3333,経路未発見,453
10339,0.0057,-9.0320,0.3000,経路未発見,27
10340,0.0057,-9.3267,0.3000,経路未発見,270
10341,0.0057,-9.4307,0.3000,経路未発見,55
10342,0.0057,-9.4427,0.3000,経路未発見,81
10343,0.0057,-10.5793,0.2667,経路未発見,637
10344,0.0057,-11.3207,0.2333,127,204
10345,0.0057,-11.8447,0.2333,127,343
10346,0.0057,-11.8553,0.2333,経路未発見,127
10347,0.0057,-11.7807,0.2333,経路未発見,29
10348,0.0057,-11.4687,0.2333,経路未発見,131
10349,0.0057,-11.4873,0.2333,経路未発見,57
10350,0.0057,-12.2447,0.2000,経路未発見,68
10351,0.0057,-12.2580,0.2000,経路未発見,52
10352,0.0056,-12.2967,0.2000,経路未発見,79
10353,0.0056,-12.2660,0.2000,経路未発見,42
10354,0.0056,-12.2980,0.2000,経路未発見,55
10355,0.0056,-11.8347,0.2000,経路未発見,122
10356,0.0056,-11.4033,0.2000,経路未発見,82
10357,0.0056,-11.1700,0.2000,経路未発見,128
10358,0.0056,-11.2380,0.2000,経路未発見,76
10359,0.0056,-11.9047,0.1667,経路未発見,81
10360,0.0056,-12.0033,0.1667,経路未発見,110
10361,0.0056,-11.8287,0.1667,経路未発見,24
10362,0.0056,-12.4967,0.1333,経路未発見,83
10363,0.0056,-12.4393,0.1333,経路未発見,37
10364,0.0056,-13.0367,0.1000,経路未発見,36
10365,0.0056,-13.8820,0.0667,経路未発見,96
10366,0.0056,-14.5140,0.0333,経路未発見,114
10367,0.0056,-14.0233,0.0333,経路未発見,48
10368,0.0056,-13.5020,0.0333,経路未発見,40
10369,0.0056,-13.7100,0.0333,経路未発見,180
10370,0.0056,-13.4553,0.0333,経路未発見,42
10371,0.0056,-13.8980,0.0333,経路未発見,395
10372,0.0056,-13.2700,0.0667,経路未発見,125
10373,0.0056,-12.1413,0.1000,経路未発見,128
10374,0.0056,-11.9520,0.1000,経路未発見,38
10375,0.0056,-12.0467,0.1000,経路未発見,472
10376,0.0056,-12.8240,0.0667,経路未発見,68
10377,0.0056,-12.9293,0.0667,経路未発見,88
10378,0.0056,-13.0387,0.0667,経路未発見,107
10379,0.0056,-12.6307,0.1000,経路未発見,304
10380,0.0056,-12.5547,0.1000,経路未発見,32
10381,0.0056,-12.7707,0.1000,経路未発見,154
10382,0.0056,-12.7627,0.1000,経路未発見,53
10383,0.0056,-12.8227,0.1000,経路未発見,70
10384,0.0056,-12.8267,0.1000,経路未発見,48
10385,0.0056,-12.9107,0.1000,経路未発見,111
10386,0.0056,-12.6173,0.1333,経路未発見,335
10387,0.0056,-13.1140,0.1333,経路未発見,637
10388,0.0055,-13.0540,0.1333,経路未発見,44
10389,0.0055,-13.0380,0.1333,経路未発見,49
10390,0.0055,-12.6287,0.1667,経路未発見,338
10391,0.0055,-12.6993,0.1667,経路未発見,40
10392,0.0055,-12.6087,0.1667,経路未発見,45
10393,0.0055,-12.6127,0.1667,119,31
10394,0.0055,-13.2340,0.1667,経路未発見,425
10395,0.0055,-13.0540,0.1667,経路未発見,35
10396,0.0055,-12.2647,0.2000,経路未発見,127
10397,0.0055,-12.2753,0.2000,経路未発見,56
10398,0.0055,-12.2220,0.2000,経路未発見,38
10399,0.0055,-12.5840,0.2000,経路未発見,637
10400,0.0055,-12.5547,0.2000,経路未発見,43
10401,0.0055,-12.0547,0.2000,経路未発見,41
10402,0.0055,-12.0120,0.2000,経路未発見,131
10403,0.0055,-13.1680,0.1667,経路未発見,379
10404,0.0055,-13.1107,0.1667,経路未発見,25
10405,0.0055,-12.7827,0.1667,経路未発見,119
10406,0.0055,-12.0160,0.2000,経路未発見,97
10407,0.0055,-12.1053,0.2000,経路未発見,140
10408,0.0055,-11.2013,0.2333,経路未発見,114
10409,0.0055,-11.5547,0.2000,経路未発見,41
10410,0.0055,-12.0133,0.2000,経路未発見,376
10411,0.0055,-11.8253,0.2000,経路未発見,48
10412,0.0055,-11.8280,0.2000,経路未発見,76
10413,0.0055,-11.8560,0.2000,経路未発見,136
10414,0.0055,-11.8453,0.2000,経路未発見,40
10415,0.0055,-11.0600,0.2333,経路未発見,122
10416,0.0055,-11.2120,0.2000,経路未発見,30
10417,0.0055,-11.1207,0.2000,経路未発見,181
10418,0.0055,-11.3420,0.2000,経路未発見,124
10419,0.0055,-11.5313,0.2000,経路未発見,199
10420,0.0055,-11.2913,0.2000,経路未発見,158
10421,0.0055,-11.2393,0.2000,経路未発見,122
10422,0.0055,-10.9660,0.2333,経路未発見,155
10423,0.0055,-11.0500,0.2333,経路未発見,96
10424,0.0054,-10.7193,0.2333,経路未発見,227
10425,0.0054,-10.7513,0.2333,経路未発見,40
10426,0.0054,-10.8420,0.2333,117,138
10427,0.0054,-10.7993,0.2333,経路未発見,117
10428,0.0054,-11.2807,0.2333,経路未発見,440
10429,0.0054,-10.8413,0.2333,経路未発見,103
10430,0.0054,-10.8360,0.2333,経路未発見,39
10431,0.0054,-10.8053,0.2333,経路未発見,35
10432,0.0054,-11.4347,0.2000,経路未発見,25
10433,0.0054,-10.2707,0.2333,経路未発見,122
10434,0.0054,-10.2480,0.2333,経路未発見,36
10435,0.0054,-9.9453,0.2333,経路未発見,25
10436,0.0054,-10.5987,0.2000,経路未発見,42
10437,0.0054,-10.3920,0.2333,経路未発見,502
10438,0.0054,-11.0933,0.2000,経路未発見,65
10439,0.0054,-11.0973,0.2000,経路未発見,42
10440,0.0054,-10.6520,0.2000,経路未発見,61
10441,0.0054,-10.7347,0.2000,経路未発見,103
10442,0.0054,-10.8853,0.2000,119,140
10443,0.0054,-10.1480,0.2333,121,136
10444,0.0054,-10.1733,0.2333,経路未発見,105
10445,0.0054,-10.8387,0.2000,経路未発見,75
10446,0.0054,-10.8520,0.2000,経路未発見,32
10447,0.0054,-10.9153,0.2000,経路未発見,637
10448,0.0054,-10.7020,0.2000,経路未発見,38
10449,0.0054,-10.6593,0.2000,経路未発見,206
10450,0.0054,-11.3380,0.1667,経路未発見,112
10451,0.0054,-11.4287,0.1667,経路未発見,94
10452,0.0054,-11.7847,0.1333,115,111
10453,0.0054,-11.0207,0.1667,経路未発見,115
10454,0.0054,-10.8407,0.1667,経路未発見,40
10455,0.0054,-10.7793,0.1667,経路未発見,48
10456,0.0054,-11.6367,0.1333,経路未発見,242
10457,0.0054,-12.1487,0.1333,経路未発見,446
10458,0.0054,-11.8433,0.1333,経路未発見,182
10459,0.0054,-11.7273,0.1333,経路未発見,44
10460,0.0054,-11.7393,0.1333,経路未発見,39
10461,0.0053,-11.7273,0.1333,経路未発見,36
10462,0.0053,-11.7833,0.1333,経路未発見,59
10463,0.0053,-12.4273,0.1000,経路未発見,44
10464,0.0053,-11.7793,0.1333,経路未発見,121
10465,0.0053,-11.8260,0.1333,経路未発見,37
10466,0.0053,-11.2553,0.1667,経路未発見,121
10467,0.0053,-11.3953,0.1333,経路未発見,44
10468,0.0053,-10.6860,0.1667,経路未発見,127
10469,0.0053,-10.0967,0.2000,経路未発見,130
10470,0.0053,-9.4313,0.2333,経路未発見,124
10471,0.0053,-9.2980,0.2333,経路未発見,52
10472,0.0053,-9.1260,0.2333,経路未発見,47
10473,0.0053,-9.7327,0.2000,経路未発見,33
10474,0.0053,-10.0727,0.2000,経路未発見,265
10475,0.0053,-10.0927,0.2000,経路未発見,61
10476,0.0053,-9.4420,0.2333,経路未発見,123
10477,0.0053,-9.0693,0.2333,経路未発見,96
10478,0.0053,-9.2293,0.2333,経路未発見,135
10479,0.0053,-9.4800,0.2333,経路未発見,298
10480,0.0053,-9.3280,0.2333,経路未発見,37
10481,0.0053,-8.7600,0.2667,経路未発見,239
10482,0.0053,-8.7200,0.2667,経路未発見,50
10483,0.0053,-9.9407,0.2333,経路未発見,637
10484,0.0053,-9.8607,0.2333,経路未発見,38
10485,0.0053,-9.9700,0.2333,経路未発見,130
10486,0.0053,-9.6900,0.2333,経路未発見,43
10487,0.0053,-8.5647,0.2667,127,128
10488,0.0053,-8.4513,0.2667,経路未発見,211
10489,0.0053,-9.1133,0.2667,経路未発見,637
10490,0.0053,-9.7287,0.2667,経路未発見,637
10491,0.0053,-9.1127,0.3000,経路未発見,126
10492,0.0053,-8.8140,0.3333,経路未発見,364
10493,0.0053,-9.2820,0.3333,経路未発見,373
10494,0.0053,-10.2860,0.3000,経路未発見,286
10495,0.0053,-10.3167,0.3000,経路未発見,99
10496,0.0053,-11.2540,0.2667,経路未発見,277
10497,0.0053,-10.5140,0.3000,経路未発見,128
10498,0.0053,-11.1887,0.2667,経路未発見,35
10499,0.0052,-11.1007,0.2667,経路未発見,121
10500,0.0052,-11.1673,0.2667,経路未発見,155
10501,0.0052,-11.3060,0.2667,経路未発見,137
10502,0.0052,-11.6140,0.2667,経路未発見,189
10503,0.0052,-11.6087,0.2667,経路未発見,33
10504,0.0052,-11.2247,0.2667,経路未発見,69
10505,0.0052,-10.5927,0.3000,経路未発見,124
10506,0.0052,-11.3500,0.2667,経路未発見,35
10507,0.0052,-11.1847,0.2667,経路未発見,40
10508,0.0052,-11.3447,0.2667,経路未発見,253
10509,0.0052,-10.9220,0.2667,経路未発見,116
10510,0.0052,-11.4407,0.2667,経路未発見,397
10511,0.0052,-12.0100,0.2333,経路未発見,43
10512,0.0052,-11.3260,0.2667,経路未発見,126
10513,0.0052,-10.1987,0.3000,経路未発見,128
10514,0.0052,-10.1920,0.3000,経路未発見,58
10515,0.0052,-10.2067,0.3000,経路未発見,74
10516,0.0052,-10.2333,0.3000,経路未発見,29
10517,0.0052,-10.1453,0.3000,経路未発見,119
10518,0.0052,-10.0293,0.3000,経路未発見,33
10519,0.0052,-9.4727,0.3000,経路未発見,114
10520,0.0052,-8.8907,0.3000,経路未発見,38
10521,0.0052,-8.9653,0.3000,経路未発見,163
10522,0.0052,-9.2813,0.2667,経路未発見,38
10523,0.0052,-8.7813,0.2667,経路未発見,31
10524,0.0052,-8.4427,0.2667,123,39
10525,0.0052,-7.7253,0.3000,経路未発見,123
10526,0.0052,-7.3413,0.3000,経路未発見,47
10527,0.0052,-8.0333,0.2667,経路未発見,46
10528,0.0052,-8.3027,0.2667,経路未発見,211
10529,0.0052,-8.9507,0.2333,経路未発見,32
10530,0.0052,-9.5827,0.2000,経路未発見,46
10531,0.0052,-8.7987,0.2333,125,132
10532,0.0052,-8.5080,0.2333,125,75
10533,0.0052,-7.8960,0.2667,経路未発見,128
10534,0.0052,-7.9227,0.2667,経路未発見,81
10535,0.0052,-9.3120,0.2333,経路未発見,569
10536,0.0052,-9.4093,0.2333,経路未発見,104
10537,0.0051,-8.8600,0.2667,経路未発見,173
10538,0.0051,-8.8253,0.2667,経路未発見,257
10539,0.0051,-9.2587,0.2667,経路未発見,284
10540,0.0051,-8.7920,0.2667,経路未発見,55
10541,0.0051,-8.7000,0.2667,経路未発見,30
10542,0.0051,-9.4760,0.2333,経路未発見,152
10543,0.0051,-9.5613,0.2333,経路未発見,211
10544,0.0051,-9.5747,0.2333,経路未発見,73
10545,0.0051,-8.8040,0.2667,経路未発見,148
10546,0.0051,-8.7867,0.2667,経路未発見,60
10547,0.0051,-9.4747,0.2333,経路未発見,57
10548,0.0051,-9.5147,0.2333,経路未発見,76
10549,0.0051,-8.7507,0.2667,経路未発見,129
10550,0.0051,-8.1093,0.3000,経路未発見,139
10551,0.0051,-8.0107,0.3000,経路未発見,127
10552,0.0051,-8.0120,0.3000,経路未発見,42
10553,0.0051,-8.1107,0.3000,経路未発見,118
10554,0.0051,-7.4800,0.3333,経路未発見,128
10555,0.0051,-7.5707,0.3333,経路未発見,134
10556,0.0051,-8.3373,0.3333,経路未発見,566
10557,0.0051,-7.6533,0.3667,経路未発見,134
10558,0.0051,-6.7200,0.4000,経路未発見,135
10559,0.0051,-6.1360,0.4333,経路未発見,131
10560,0.0051,-6.1320,0.4333,経路未発見,64
10561,0.0051,-6.1960,0.4333,経路未発見,161
10562,0.0051,-6.1360,0.4333,経路未発見,27
10563,0.0051,-6.2160,0.4333,経路未発見,207
10564,0.0051,-6.2160,0.4333,経路未発見,42
10565,0.0051,-4.7653,0.4667,経路未発見,135
10566,0.0051,-4.0253,0.5000,経路未発見,152
10567,0.0051,-3.9960,0.5000,経路未発見,132
10568,0.0051,-3.9933,0.5000,経路未発見,183
10569,0.0051,-3.5640,0.5000,経路未発見,45
10570,0.0051,-3.5267,0.5000,経路未発見,42
10571,0.0051,-3.9560,0.5000,経路未発見,298
10572,0.0051,-3.8880,0.5000,経路未発見,108
10573,0.0051,-4.3827,0.4667,経路未発見,39
10574,0.0051,-4.6507,0.4667,経路未発見,181
10575,0.0051,-5.3120,0.4333,経路未発見,57
10576,0.0050,-5.3147,0.4333,経路未発見,51
10577,0.0050,-5.3907,0.4333,経路未発見,34
10578,0.0050,-5.3413,0.4333,経路未発見,32
10579,0.0050,-6.0080,0.4000,経路未発見,78
10580,0.0050,-7.1913,0.3667,経路未発見,637
10581,0.0050,-7.8673,0.3333,経路未発見,38
10582,0.0050,-7.1847,0.3667,経路未発見,109
10583,0.0050,-7.1433,0.3667,経路未発見,49
10584,0.0050,-8.0327,0.3333,127,214
10585,0.0050,-8.5873,0.3000,127,32
10586,0.0050,-7.9060,0.3000,経路未発見,116
10587,0.0050,-8.5353,0.2667,経路未発見,58
10588,0.0050,-8.5273,0.2667,経路未発見,129
10589,0.0050,-9.4487,0.2333,経路未発見,237
10590,0.0050,-9.4260,0.2333,経路未発見,77
10591,0.0050,-10.0967,0.2000,経路未発見,88
10592,0.0050,-9.6927,0.2333,経路未発見,187
10593,0.0050,-10.2687,0.2000,経路未発見,64
10594,0.0050,-10.2567,0.2000,経路未発見,43
10595,0.0050,-10.9420,0.1667,経路未発見,54
10596,0.0050,-11.5367,0.1333,経路未発見,77
10597,0.0050,-12.2700,0.1000,経路未発見,85
10598,0.0050,-11.9953,0.1000,経路未発見,44
10599,0.0050,-11.9780,0.1000,経路未発見,45
10600,0.0050,-12.0220,0.1000,経路未発見,85
10601,0.0050,-11.7540,0.1000,経路未発見,118
10602,0.0050,-11.7047,0.1000,経路未発見,56
10603,0.0050,-11.0180,0.1333,経路未発見,105
10604,0.0050,-10.7047,0.1333,経路未発見,38
10605,0.0050,-10.6353,0.1333,経路未発見,36
10606,0.0050,-10.6327,0.1333,経路未発見,80
10607,0.0050,-10.6180,0.1333,経路未発見,114
10608,0.0050,-11.0673,0.1333,経路未発見,284
10609,0.0050,-11.1460,0.1333,経路未発見,85
10610,0.0050,-10.5987,0.1333,経路未発見,85
10611,0.0050,-10.6360,0.1333,経路未発見,86
10612,0.0050,-11.3053,0.1000,経路未発見,75
10613,0.0050,-11.5333,0.1000,経路未発見,143
10614,0.0050,-11.3733,0.1000,経路未発見,36
10615,0.0050,-11.8080,0.1000,経路未発見,362
10616,0.0049,-11.7507,0.1000,経路未発見,39
10617,0.0049,-12.6067,0.1000,経路未発見,627
10618,0.0049,-13.7160,0.0667,経路未発見,348
10619,0.0049,-13.4307,0.0667,経路未発見,74
10620,0.0049,-13.7867,0.0667,経路未発見,156
10621,0.0049,-13.7427,0.0667,経路未発見,55
10622,0.0049,-13.8440,0.0667,経路未発見,168
10623,0.0049,-13.2707,0.1000,経路未発見,171
10624,0.0049,-13.2547,0.1000,経路未発見,31
10625,0.0049,-13.3373,0.1000,経路未発見,87
10626,0.0049,-12.7507,0.1333,経路未発見,139
10627,0.0049,-12.0493,0.1667,経路未発見,175
10628,0.0049,-11.9947,0.1667,経路未発見,25
10629,0.0049,-12.0000,0.1667,経路未発見,81
10630,0.0049,-11.9427,0.1667,経路未発見,40
10631,0.0049,-11.8293,0.1667,経路未発見,46
10632,0.0049,-11.8160,0.1667,経路未発見,58
10633,0.0049,-12.5933,0.1333,経路未発見,65
10634,0.0049,-12.6707,0.1333,経路未発見,81
10635,0.0049,-12.8827,0.1333,経路未発見,129
10636,0.0049,-13.4080,0.1333,経路未発見,455
10637,0.0049,-12.7467,0.1667,経路未発見,147
10638,0.0049,-12.3347,0.1667,経路未発見,85
10639,0.0049,-12.2720,0.1667,経路未発見,66
10640,0.0049,-12.2520,0.1667,経路未発見,52
10641,0.0049,-12.2747,0.1667,経路未発見,93
10642,0.0049,-12.3027,0.1667,経路未発見,86
10643,0.0049,-12.2560,0.1667,経路未発見,205
10644,0.0049,-12.1693,0.1667,経路未発見,46
10645,0.0049,-11.7427,0.1667,経路未発見,38
10646,0.0049,-11.8413,0.1667,経路未発見,129
10647,0.0049,-11.2347,0.1667,経路未発見,259
10648,0.0049,-11.1480,0.1667,経路未発見,289
10649,0.0049,-11.1853,0.1667,経路未発見,86
10650,0.0049,-11.0280,0.1667,経路未発見,220
10651,0.0049,-11.0440,0.1667,経路未発見,68
10652,0.0049,-11.4240,0.1333,経路未発見,74
10653,0.0049,-11.4907,0.1333,経路未発見,202
10654,0.0049,-10.9547,0.1667,経路未発見,162
10655,0.0049,-11.1293,0.1667,経路未発見,230
10656,0.0049,-11.7360,0.1333,経路未発見,50
10657,0.0048,-12.4200,0.1000,経路未発見,133
10658,0.0048,-12.6200,0.1000,経路未発見,40
10659,0.0048,-11.9653,0.1333,経路未発見,105
10660,0.0048,-12.0267,0.1333,経路未発見,71
10661,0.0048,-12.0467,0.1333,経路未発見,47
10662,0.0048,-12.2880,0.1333,経路未発見,139
10663,0.0048,-12.7400,0.1333,経路未発見,457
10664,0.0048,-13.2780,0.1333,経路未発見,637
10665,0.0048,-13.2060,0.1333,経路未発見,82
10666,0.0048,-12.6553,0.1333,経路未発見,35
10667,0.0048,-13.2447,0.1000,経路未発見,48
10668,0.0048,-13.0927,0.1333,経路未発見,487
10669,0.0048,-13.1780,0.1333,経路未発見,64
10670,0.0048,-13.2060,0.1333,経路未発見,44
10671,0.0048,-12.7047,0.1667,経路未発見,303
10672,0.0048,-12.6433,0.1667,経路未発見,43
10673,0.0048,-12.4420,0.1667,経路未発見,36
10674,0.0048,-12.5393,0.1667,経路未発見,96
10675,0.0048,-12.5460,0.1667,経路未発見,33
10676,0.0048,-12.5300,0.1667,経路未発見,58
10677,0.0048,-12.2993,0.1667,経路未発見,33
10678,0.0048,-12.0673,0.1667,経路未発見,42
10679,0.0048,-11.9953,0.1667,経路未発見,39
10680,0.0048,-12.2567,0.1667,経路未発見,419
10681,0.0048,-12.1820,0.1667,経路未発見,46
10682,0.0048,-12.2620,0.1667,経路未発見,175
10683,0.0048,-12.9393,0.1333,経路未発見,181
10684,0.0048,-13.6407,0.1000,経路未発見,175
10685,0.0048,-13.3887,0.1000,経路未発見,32
10686,0.0048,-13.4393,0.1000,経路未発見,128
10687,0.0048,-13.7993,0.1000,経路未発見,424
10688,0.0048,-13.6407,0.1000,経路未発見,34
10689,0.0048,-14.2740,0.0667,経路未発見,37
10690,0.0048,-13.6607,0.1000,経路未発見,178
10691,0.0048,-13.0033,0.1333,経路未発見,136
10692,0.0048,-13.1927,0.1333,経路未発見,283
10693,0.0048,-12.7807,0.1333,経路未発見,41
10694,0.0048,-11.6453,0.1667,経路未発見,181
10695,0.0048,-11.7080,0.1667,経路未発見,193
10696,0.0048,-11.8573,0.1667,経路未発見,122
10697,0.0048,-11.9520,0.1667,経路未発見,40
10698,0.0048,-12.1880,0.1333,経路未発見,63
10699,0.0047,-12.2120,0.1333,経路未発見,82
10700,0.0047,-12.3320,0.1333,経路未発見,143
10701,0.0047,-12.7933,0.1000,経路未発見,66
10702,0.0047,-12.9773,0.1000,経路未発見,156
10703,0.0047,-12.9840,0.1000,経路未発見,82
10704,0.0047,-12.4360,0.1333,経路未発見,177
10705,0.0047,-12.4680,0.1333,経路未発見,46
10706,0.0047,-12.4360,0.1333,経路未発見,54
10707,0.0047,-12.7480,0.1333,経路未発見,303
10708,0.0047,-12.0400,0.1667,経路未発見,134
10709,0.0047,-12.1813,0.1667,経路未発見,119
10710,0.0047,-11.7533,0.1667,経路未発見,53
10711,0.0047,-11.8240,0.1667,経路未発見,43
10712,0.0047,-11.0440,0.2000,経路未発見,137
10713,0.0047,-11.3453,0.2000,経路未発見,385
10714,0.0047,-11.2480,0.2000,経路未発見,41
10715,0.0047,-11.2893,0.2000,経路未発見,49
10716,0.0047,-11.6907,0.2000,経路未発見,426
10717,0.0047,-10.6120,0.2333,経路未発見,149
10718,0.0047,-10.0173,0.2667,経路未発見,133
10719,0.0047,-10.0640,0.2667,経路未発見,51
10720,0.0047,-11.3507,0.2333,経路未発見,519
10721,0.0047,-12.1427,0.2000,経路未発見,98
10722,0.0047,-11.7440,0.2000,経路未発見,75
10723,0.0047,-11.7827,0.2000,経路未発見,87
10724,0.0047,-12.3507,0.1667,経路未発見,75
10725,0.0047,-12.1680,0.1667,経路未発見,61
10726,0.0047,-12.0880,0.1667,経路未発見,48
10727,0.0047,-12.0053,0.1667,経路未発見,36
10728,0.0047,-11.9147,0.1667,経路未発見,57
10729,0.0047,-12.3493,0.1667,経路未発見,498
10730,0.0047,-12.6900,0.1667,経路未発見,637
10731,0.0047,-12.6913,0.1667,経路未発見,81
10732,0.0047,-12.5420,0.1667,経路未発見,46
10733,0.0047,-12.5247,0.1667,経路未発見,39
10734,0.0047,-13.0020,0.1333,経路未発見,79
10735,0.0047,-13.1633,0.1333,経路未発見,61
10736,0.0047,-13.2327,0.1333,経路未発見,172
10737,0.0047,-12.9793,0.1333,経路未発見,94
10738,0.0047,-13.7087,0.1000,経路未発見,97
10739,0.0047,-13.6940,0.1000,経路未発見,113
10740,0.0047,-13.5793,0.1000,経路未発見,22
10741,0.0046,-13.5273,0.1000,経路未発見,37
10742,0.0046,-14.1687,0.0667,経路未発見,37
10743,0.0046,-14.0207,0.0667,経路未発見,297
10744,0.0046,-13.9620,0.0667,経路未発見,79
10745,0.0046,-13.9940,0.0667,経路未発見,121
10746,0.0046,-13.5393,0.0667,経路未発見,41
10747,0.0046,-14.5113,0.0333,経路未発見,297
10748,0.0046,-15.1913,0.0000,経路未発見,107
10749,0.0046,-15.3967,0.0000,経路未発見,168
10750,0.0046,-14.6687,0.0000,経路未発見,43
10751,0.0046,-14.5820,0.0000,経路未発見,92
10752,0.0046,-15.1607,0.0000,経路未発見,489
10753,0.0046,-15.0180,0.0000,経路未発見,40
10754,0.0046,-15.0607,0.0000,経路未発見,80
10755,0.0046,-15.1207,0.0000,経路未発見,101
10756,0.0046,-15.0553,0.0000,経路未発見,52
10757,0.0046,-15.2553,0.0000,経路未発見,218
10758,0.0046,-15.4300,0.0000,経路未発見,202
10759,0.0046,-14.9540,0.0000,経路未発見,101
10760,0.0046,-14.4867,0.0000,経路未発見,53
10761,0.0046,-14.5480,0.0000,経路未発見,89
10762,0.0046,-14.5440,0.0000,経路未発見,45
10763,0.0046,-14.9773,0.0000,経路未発見,337
10764,0.0046,-15.2987,0.0000,経路未発見,313
10765,0.0046,-15.2240,0.0000,経路未発見,94
10766,0.0046,-15.2853,0.0000,経路未発見,198
10767,0.0046,-15.3267,0.0000,経路未発見,110
10768,0.0046,-15.1907,0.0000,経路未発見,36
10769,0.0046,-15.0827,0.0000,経路未発見,34
10770,0.0046,-15.1227,0.0000,経路未発見,64
10771,0.0046,-14.6427,0.0333,経路未発見,241
10772,0.0046,-14.7000,0.0333,経路未発見,91
10773,0.0046,-13.7707,0.0667,経路未発見,147
10774,0.0046,-13.8813,0.0667,経路未発見,66
10775,0.0046,-13.8147,0.0667,経路未発見,39
10776,0.0046,-13.7987,0.0667,経路未発見,56
10777,0.0046,-13.8773,0.0667,経路未発見,330
10778,0.0046,-13.8200,0.0667,経路未発見,50
10779,0.0046,-14.3267,0.0667,経路未発見,132
10780,0.0046,-14.5760,0.0667,経路未発見,220
10781,0.0046,-14.8440,0.0667,経路未発見,314
10782,0.0046,-14.3267,0.0667,経路未発見,148
10783,0.0046,-14.4227,0.0667,経路未発見,73
10784,0.0046,-14.0493,0.1000,経路未発見,340
10785,0.0045,-13.9693,0.1000,経路未発見,29
10786,0.0045,-14.0840,0.1000,経路未発見,135
10787,0.0045,-13.9707,0.1000,経路未発見,81
10788,0.0045,-13.9147,0.1000,経路未発見,155
10789,0.0045,-14.0733,0.1000,経路未発見,165
10790,0.0045,-14.1760,0.1000,119,163
10791,0.0045,-13.4067,0.1333,経路未発見,119
10792,0.0045,-13.7853,0.1333,経路未発見,291
10793,0.0045,-13.4627,0.1333,経路未発見,83
10794,0.0045,-13.2907,0.1333,経路未発見,163
10795,0.0045,-13.2253,0.1333,経路未発見,70
10796,0.0045,-13.0467,0.1333,経路未発見,60
10797,0.0045,-12.9507,0.1333,経路未発見,66
10798,0.0045,-13.0973,0.1333,経路未発見,178
10799,0.0045,-13.0880,0.1333,経路未発見,56
10800,0.0045,-13.3800,0.1333,経路未発見,130
10801,0.0045,-13.9600,0.1000,経路未発見,86
10802,0.0045,-13.9400,0.1000,経路未発見,69
10803,0.0045,-14.6733,0.0667,経路未発見,67
10804,0.0045,-15.2307,0.0667,経路未発見,483
10805,0.0045,-15.3587,0.0667,経路未発見,144
10806,0.0045,-14.7600,0.1000,経路未発見,188
10807,0.0045,-14.2680,0.1000,経路未発見,37
10808,0.0045,-13.6240,0.1333,経路未発見,117
10809,0.0045,-12.9827,0.1333,経路未発見,49
10810,0.0045,-13.2760,0.1333,経路未発見,317
10811,0.0045,-13.0200,0.1333,経路未発見,100
10812,0.0045,-12.4680,0.1667,経路未発見,228
10813,0.0045,-12.4240,0.1667,経路未発見,73
10814,0.0045,-12.2827,0.1667,経路未発見,272
10815,0.0045,-12.7947,0.1667,経路未発見,425
10816,0.0045,-12.7280,0.1667,経路未発見,61
10817,0.0045,-12.0293,0.2000,経路未発見,139
10818,0.0045,-11.9907,0.2000,経路未発見,71
10819,0.0045,-11.3133,0.2333,経路未発見,265
10820,0.0045,-11.2973,0.2333,経路未発見,212
10821,0.0045,-11.9733,0.2000,経路未発見,69
10822,0.0045,-11.5747,0.2000,経路未発見,36
10823,0.0045,-11.6293,0.2000,経路未発見,63
10824,0.0045,-11.6093,0.2000,経路未発見,76
10825,0.0045,-11.5347,0.2000,経路未発見,29
10826,0.0045,-11.5067,0.2000,経路未発見,41
10827,0.0045,-11.4653,0.2000,経路未発見,36
10828,0.0045,-11.3387,0.2000,経路未発見,64
10829,0.0044,-10.7360,0.2333,経路未発見,137
10830,0.0044,-10.6253,0.2333,経路未発見,79
10831,0.0044,-10.5907,0.2333,経路未発見,81
10832,0.0044,-10.5773,0.2333,経路未発見,115
10833,0.0044,-10.3987,0.2333,経路未発見,34
10834,0.0044,-10.1333,0.2333,経路未発見,199
10835,0.0044,-10.6467,0.2333,経路未発見,496
10836,0.0044,-11.7293,0.2000,経路未発見,373
10837,0.0044,-11.8533,0.2000,経路未発見,113
10838,0.0044,-12.5400,0.1667,経路未発見,50
10839,0.0044,-12.7107,0.1667,経路未発見,277
10840,0.0044,-12.5467,0.1667,経路未発見,206
10841,0.0044,-13.1133,0.1667,経路未発見,519
10842,0.0044,-13.9187,0.1333,経路未発見,306
10843,0.0044,-13.9587,0.1333,経路未発見,119
10844,0.0044,-14.7147,0.1000,経路未発見,272
10845,0.0044,-14.2320,0.1000,経路未発見,82
10846,0.0044,-14.4907,0.1000,経路未発見,241
10847,0.0044,-15.2080,0.0667,経路未発見,63
10848,0.0044,-15.2160,0.0667,経路未発見,78
10849,0.0044,-15.6760,0.0333,経路未発見,72
10850,0.0044,-15.6013,0.0333,経路未発見,69
10851,0.0044,-15.5947,0.0333,経路未発見,38
10852,0.0044,-15.8107,0.0333,経路未発見,210
10853,0.0044,-15.9240,0.0333,経路未発見,259
10854,0.0044,-15.7653,0.0333,経路未発見,44
10855,0.0044,-16.0893,0.0333,経路未発見,243
10856,0.0044,-16.8293,0.0333,経路未発見,556
10857,0.0044,-16.9493,0.0333,経路未発見,57
10858,0.0044,-16.9013,0.0333,経路未発見,44
10859,0.0044,-17.6093,0.0000,経路未発見,48
10860,0.0044,-17.7440,0.0000,経路未発見,79
10861,0.0044,-17.6520,0.0000,経路未発見,40
10862,0.0044,-17.6613,0.0000,経路未発見,57
10863,0.0044,-17.8213,0.0000,経路未発見,113
10864,0.0044,-17.6493,0.0000,経路未発見,188
10865,0.0044,-17.0853,0.0000,経路未発見,69
10866,0.0044,-16.6587,0.0000,経路未発見,97
10867,0.0044,-16.6813,0.0000,経路未発見,69
10868,0.0044,-16.5907,0.0000,経路未発見,29
10869,0.0044,-16.2827,0.0000,経路未発見,32
10870,0.0044,-16.3860,0.0000,経路未発見,637
10871,0.0044,-16.0820,0.0000,経路未発見,329
10872,0.0044,-15.9913,0.0000,経路未発見,270
10873,0.0044,-15.9647,0.0000,経路未発見,80
10874,0.0044,-15.0753,0.0333,経路未発見,172
10875,0.0043,-15.2620,0.0333,経路未発見,207
10876,0.0043,-14.9953,0.0333,経路未発見,59
10877,0.0043,-15.0407,0.0333,経路未発見,77
10878,0.0043,-14.9487,0.0333,経路未発見,48
10879,0.0043,-14.9273,0.0333,経路未発見,36
10880,0.0043,-14.9473,0.0333,経路未発見,63
10881,0.0043,-14.9353,0.0333,経路未発見,39
10882,0.0043,-14.9060,0.0333,経路未発見,97
10883,0.0043,-14.6647,0.0333,経路未発見,68
10884,0.0043,-14.8647,0.0333,経路未発見,188
10885,0.0043,-14.6860,0.0333,経路未発見,141
10886,0.0043,-14.0967,0.0333,経路未発見,137
10887,0.0043,-14.0060,0.0333,経路未発見,51
10888,0.0043,-14.2100,0.0333,経路未発見,75
10889,0.0043,-14.5947,0.0333,経路未発見,637
10890,0.0043,-14.4107,0.0333,経路未発見,71
10891,0.0043,-14.5413,0.0333,経路未発見,68
10892,0.0043,-14.7000,0.0333,経路未発見,178
10893,0.0043,-14.6907,0.0333,経路未発見,146
10894,0.0043,-13.9573,0.0667,経路未発見,194
10895,0.0043,-13.9373,0.0667,経路未発見,52
10896,0.0043,-13.8507,0.0667,経路未発見,34
10897,0.0043,-14.3853,0.0667,経路未発見,497
10898,0.0043,-14.5507,0.0667,経路未発見,71
10899,0.0043,-14.8440,0.0667,経路未発見,240
10900,0.0043,-14.7713,0.0667,経路未発見,298
10901,0.0043,-14.4940,0.0667,経路未発見,56
10902,0.0043,-14.5647,0.0667,経路未発見,289
10903,0.0043,-14.7940,0.0667,経路未発見,272
10904,0.0043,-15.0340,0.0667,経路未発見,352
10905,0.0043,-14.9633,0.0667,経路未発見,80
10906,0.0043,-15.1833,0.0667,経路未発見,265
10907,0.0043,-15.1113,0.0667,経路未発見,75
10908,0.0043,-15.2740,0.0667,経路未発見,129
10909,0.0043,-15.5807,0.0667,経路未発見,294
10910,0.0043,-15.5247,0.0667,経路未発見,46
10911,0.0043,-14.9527,0.1000,経路未発見,126
10912,0.0043,-14.7287,0.1000,経路未発見,35
10913,0.0043,-14.8380,0.1000,経路未発見,79
10914,0.0043,-14.7553,0.1000,経路未発見,66
10915,0.0043,-14.7247,0.1000,経路未発見,56
10916,0.0043,-14.7913,0.1000,経路未発見,131
10917,0.0043,-14.1327,0.1333,経路未発見,101
10918,0.0043,-13.9553,0.1333,経路未発見,60
10919,0.0043,-13.7187,0.1333,経路未発見,231
10920,0.0043,-13.8227,0.1333,経路未発見,169
10921,0.0042,-13.7560,0.1333,経路未発見,84
10922,0.0042,-14.0453,0.1333,経路未発見,390
10923,0.0042,-14.4293,0.1333,経路未発見,338
10924,0.0042,-15.0373,0.1000,経路未発見,88
10925,0.0042,-15.0867,0.1000,経路未発見,98
10926,0.0042,-15.3013,0.1000,経路未発見,212
10927,0.0042,-14.7400,0.1000,経路未発見,114
10928,0.0042,-14.5387,0.1333,経路未発見,499
10929,0.0042,-14.2453,0.1333,経路未発見,32
10930,0.0042,-13.9667,0.1333,経路未発見,153
10931,0.0042,-13.2160,0.1667,経路未発見,119
10932,0.0042,-13.2733,0.1667,経路未発見,119
10933,0.0042,-12.9307,0.1667,経路未発見,35
10934,0.0042,-13.4560,0.1333,経路未発見,191
10935,0.0042,-13.7880,0.1333,経路未発見,399
10936,0.0042,-13.8267,0.1333,経路未発見,254
10937,0.0042,-13.7640,0.1333,経路未発見,76
10938,0.0042,-13.7440,0.1333,経路未発見,127
10939,0.0042,-13.4253,0.1333,経路未発見,48
10940,0.0042,-13.4707,0.1333,経路未発見,96
10941,0.0042,-13.5560,0.1333,経路未発見,247
10942,0.0042,-14.1553,0.1333,経路未発見,637
10943,0.0042,-14.0207,0.1333,経路未発見,50
10944,0.0042,-14.3700,0.1333,経路未発見,361
10945,0.0042,-14.9393,0.1333,経路未発見,488
10946,0.0042,-15.4020,0.1333,経路未発見,533
10947,0.0042,-16.0900,0.1000,経路未発見,53
10948,0.0042,-16.0633,0.1000,経路未発見,36
10949,0.0042,-16.4433,0.1000,経路未発見,404
10950,0.0042,-15.6260,0.1333,経路未発見,122
10951,0.0042,-15.6487,0.1333,経路未発見,57
10952,0.0042,-15.1847,0.1333,経路未発見,56
10953,0.0042,-14.1993,0.1667,経路未発見,244
10954,0.0042,-14.2367,0.1667,経路未発見,82
10955,0.0042,-14.3007,0.1667,経路未発見,122
10956,0.0042,-14.2807,0.1667,経路未発見,134
10957,0.0042,-13.5913,0.2000,経路未発見,160
10958,0.0042,-13.9260,0.1667,経路未発見,183
10959,0.0042,-14.1340,0.1667,経路未発見,170
10960,0.0042,-14.1780,0.1667,経路未発見,184
10961,0.0042,-15.2487,0.1333,経路未発見,296
10962,0.0042,-14.9260,0.1333,経路未発見,86
10963,0.0042,-14.3700,0.1667,経路未発見,149
10964,0.0042,-14.1927,0.1667,経路未発見,43
10965,0.0042,-13.8140,0.1667,経路未発見,76
10966,0.0042,-13.7287,0.1667,経路未発見,80
10967,0.0042,-13.6820,0.1667,経路未発見,38
10968,0.0042,-13.5140,0.1667,経路未発見,39
10969,0.0041,-13.2420,0.2000,経路未発見,419
10970,0.0041,-13.6793,0.2000,経路未発見,448
10971,0.0041,-14.8713,0.1667,経路未発見,520
10972,0.0041,-14.3227,0.1667,経路未発見,70
10973,0.0041,-14.4560,0.1667,経路未発見,87
10974,0.0041,-14.0000,0.1667,経路未発見,56
10975,0.0041,-13.8267,0.1667,経路未発見,396
10976,0.0041,-13.1787,0.1667,経路未発見,53
10977,0.0041,-13.4333,0.1667,経路未発見,212
10978,0.0041,-13.5000,0.1667,経路未発見,40
10979,0.0041,-12.9600,0.1667,経路未発見,127
10980,0.0041,-13.5880,0.1333,経路未発見,101
10981,0.0041,-13.5800,0.1333,経路未発見,129
10982,0.0041,-12.9480,0.1667,経路未発見,119
10983,0.0041,-13.4800,0.1333,経路未発見,51
10984,0.0041,-12.8987,0.1667,経路未発見,299
10985,0.0041,-13.1540,0.1667,経路未発見,637
10986,0.0041,-13.1740,0.1667,経路未発見,206
10987,0.0041,-14.0300,0.1333,経路未発見,212
10988,0.0041,-13.1167,0.1667,経路未発見,141
10989,0.0041,-13.5460,0.1667,経路未発見,530
10990,0.0041,-13.4420,0.1667,経路未発見,118
10991,0.0041,-13.2473,0.1667,経路未発見,169
10992,0.0041,-13.4127,0.1667,経路未発見,229
10993,0.0041,-14.0127,0.1333,経路未発見,39
10994,0.0041,-14.0793,0.1333,経路未発見,43
10995,0.0041,-14.3567,0.1333,経路未発見,266
10996,0.0041,-14.1673,0.1667,経路未発見,599
10997,0.0041,-14.2380,0.1667,経路未発見,75
10998,0.0041,-14.7253,0.1667,経路未発見,637
10999,0.0041,-14.4000,0.1667,経路未発見,137
11000,0.0041,-13.9720,0.1667,経路未発見,90
11001,0.0041,-14.1400,0.1667,経路未発見,632
11002,0.0041,-14.0933,0.1667,経路未発見,32
11003,0.0041,-13.8720,0.2000,経路未発見,563
11004,0.0041,-13.2667,0.2333,経路未発見,124
11005,0.0041,-13.4813,0.2333,経路未発見,542
11006,0.0041,-13.4840,0.2333,経路未発見,51
11007,0.0041,-12.5253,0.2667,経路未発見,127
11008,0.0041,-12.5520,0.2667,経路未発見,115
11009,0.0041,-11.9280,0.3000,経路未発見,191
11010,0.0041,-11.8907,0.3000,経路未発見,45
11011,0.0041,-11.9387,0.3000,経路未発見,88
11012,0.0041,-12.7013,0.2667,経路未発見,170
11013,0.0041,-13.0133,0.2667,経路未発見,300
11014,0.0041,-13.9933,0.2333,経路未発見,430
11015,0.0041,-13.7767,0.2333,経路未発見,210
11016,0.0041,-13.5447,0.2333,経路未発見,42
11017,0.0041,-13.5113,0.2333,経路未発見,95
11018,0.0040,-14.8087,0.2000,119,488
11019,0.0040,-13.6300,0.2333,経路未発見,140
11020,0.0040,-14.1427,0.2333,経路未発見,637
11021,0.0040,-14.2413,0.2333,経路未発見,214
11022,0.0040,-14.5213,0.2333,経路未発見,419
11023,0.0040,-13.8813,0.2667,経路未発見,119
11024,0.0040,-13.9827,0.2667,経路未発見,75
11025,0.0040,-13.6880,0.2667,経路未発見,53
11026,0.0040,-13.6787,0.2333,経路未発見,53
11027,0.0040,-13.2933,0.2667,経路未発見,358
11028,0.0040,-13.0740,0.2667,経路未発見,162
11029,0.0040,-14.1833,0.2333,経路未発見,465
11030,0.0040,-14.1473,0.2333,経路未発見,45
11031,0.0040,-13.3553,0.2333,経路未発見,103
11032,0.0040,-13.6593,0.2333,経路未発見,265
11033,0.0040,-13.7647,0.2000,経路未発見,58
11034,0.0040,-14.9193,0.1667,経路未発見,476
11035,0.0040,-14.2407,0.1667,経路未発見,50
11036,0.0040,-14.7287,0.1667,経路未発見,376
11037,0.0040,-15.7393,0.1333,経路未発見,260
11038,0.0040,-16.1293,0.1333,経路未発見,637
11039,0.0040,-17.1427,0.1000,経路未発見,343
11040,0.0040,-17.3293,0.1000,経路未発見,110
11041,0.0040,-17.6807,0.1000,経路未発見,637
11042,0.0040,-17.5673,0.1000,経路未発見,72
11043,0.0040,-17.9340,0.1000,経路未発見,616
11044,0.0040,-17.3420,0.1000,経路未発見,25
11045,0.0040,-17.3887,0.1000,経路未発見,103
11046,0.0040,-17.4620,0.1000,経路未発見,88
11047,0.0040,-17.2647,0.1000,経路未発見,45
11048,0.0040,-16.6420,0.1333,経路未発見,609
11049,0.0040,-17.3193,0.1000,経路未発見,82
11050,0.0040,-16.9253,0.1000,経路未発見,170
11051,0.0040,-15.9827,0.1333,経路未発見,124
11052,0.0040,-15.4413,0.1333,経路未発見,32
11053,0.0040,-16.1960,0.1000,経路未発見,152
11054,0.0040,-16.0827,0.1000,経路未発見,44
11055,0.0040,-16.0920,0.1000,経路未発見,66
11056,0.0040,-16.5553,0.1000,経路未発見,637
11057,0.0040,-16.8940,0.0667,経路未発見,52
11058,0.0040,-16.9700,0.0667,経路未発見,248
11059,0.0040,-16.9207,0.0667,経路未発見,345
11060,0.0040,-16.9233,0.0667,経路未発見,67
11061,0.0040,-16.8207,0.0667,経路未発見,27
11062,0.0040,-17.0107,0.0667,経路未発見,637
11063,0.0040,-17.5313,0.0667,経路未発見,637
11064,0.0040,-17.2033,0.0667,経路未発見,125
11065,0.0040,-16.7420,0.1000,経路未発見,234
11066,0.0040,-16.3753,0.1000,経路未発見,89
11067,0.0040,-16.0393,0.1000,経路未発見,35
11068,0.0039,-15.6000,0.1000,経路未発見,37
11069,0.0039,-15.1213,0.1000,経路未発見,49
11070,0.0039,-15.4793,0.1000,経路未発見,637
11071,0.0039,-15.0360,0.1000,経路未発見,74
11072,0.0039,-15.0693,0.1000,経路未発見,99
11073,0.0039,-14.5787,0.1000,経路未発見,178
11074,0.0039,-15.1380,0.1000,経路未発見,637
11075,0.0039,-15.0073,0.1000,経路未発見,70
11076,0.0039,-15.4093,0.1000,経路未発見,637
11077,0.0039,-15.5160,0.1000,経路未発見,124
11078,0.0039,-15.5173,0.0667,経路未発見,95
11079,0.0039,-15.4080,0.0667,経路未発見,44
11080,0.0039,-15.2440,0.0667,経路未発見,56
11081,0.0039,-15.9640,0.0333,経路未発見,81
11082,0.0039,-15.4280,0.0667,経路未発見,201
11083,0.0039,-15.2720,0.0667,経路未発見,33
11084,0.0039,-15.1960,0.0667,経路未発見,43
11085,0.0039,-15.1320,0.0667,経路未発見,48
11086,0.0039,-14.3927,0.1000,経路未発見,385
11087,0.0039,-14.8260,0.1000,経路未発見,349
11088,0.0039,-14.8127,0.1000,経路未発見,211
11089,0.0039,-14.3353,0.1000,経路未発見,35
11090,0.0039,-14.4593,0.1000,経路未発見,193
11091,0.0039,-14.7727,0.1000,経路未発見,256
11092,0.0039,-14.2800,0.1000,経路未発見,35
11093,0.0039,-14.0193,0.1000,経路未発見,286
11094,0.0039,-14.2547,0.1000,経路未発見,637
11095,0.0039,-14.7053,0.0667,経路未発見,35
11096,0.0039,-14.8627,0.0667,経路未発見,270
11097,0.0039,-15.0280,0.0667,経路未発見,156
11098,0.0039,-15.0520,0.0667,経路未発見,59
11099,0.0039,-15.0293,0.0667,経路未発見,46
11100,0.0039,-15.0093,0.0667,経路未発見,637
11101,0.0039,-15.2573,0.0667,経路未発見,206
11102,0.0039,-15.2813,0.0667,経路未発見,66
11103,0.0039,-15.0640,0.0667,経路未発見,40
11104,0.0039,-14.5487,0.0667,経路未発見,40
11105,0.0039,-14.5807,0.0667,経路未発見,131
11106,0.0039,-13.5427,0.1000,経路未発見,104
11107,0.0039,-13.6293,0.1000,経路未発見,188
11108,0.0039,-13.6707,0.1000,経路未発見,58
11109,0.0039,-14.3560,0.1000,経路未発見,566
11110,0.0039,-14.4960,0.1000,経路未発見,164
11111,0.0039,-14.9953,0.1000,経路未発見,637
11112,0.0039,-14.9393,0.1000,経路未発見,102
11113,0.0039,-15.4807,0.1000,経路未発見,322
11114,0.0039,-16.2220,0.1000,経路未発見,557
11115,0.0039,-16.2393,0.1000,経路未発見,56
11116,0.0039,-15.8473,0.1000,経路未発見,129
11117,0.0039,-15.4060,0.1000,経路未発見,42
11118,0.0039,-15.1953,0.1000,経路未発見,44
11119,0.0038,-15.4193,0.1000,経路未発見,195
11120,0.0038,-15.7280,0.1000,経路未発見,637
11121,0.0038,-15.5600,0.1000,経路未発見,134
11122,0.0038,-15.6360,0.1000,経路未発見,63
11123,0.0038,-15.5013,0.1000,経路未発見,148
11124,0.0038,-15.2060,0.1000,経路未発見,134
11125,0.0038,-14.6727,0.1333,経路未発見,229
11126,0.0038,-14.4820,0.1333,経路未発見,80
11127,0.0038,-14.8187,0.1333,経路未発見,637
11128,0.0038,-15.2947,0.1333,経路未発見,429
11129,0.0038,-15.3013,0.1333,経路未発見,41
11130,0.0038,-14.1273,0.1667,経路未発見,116
11131,0.0038,-13.8367,0.1667,経路未発見,38
11132,0.0038,-13.8087,0.1667,経路未発見,66
11133,0.0038,-13.2153,0.2000,経路未発見,100
11134,0.0038,-13.2647,0.2000,経路未発見,60
11135,0.0038,-13.7273,0.2000,経路未発見,549
11136,0.0038,-14.2793,0.1667,経路未発見,34
11137,0.0038,-14.5040,0.1667,経路未発見,637
11138,0.0038,-14.9727,0.1667,経路未発見,637
11139,0.0038,-14.3180,0.1667,経路未発見,69
11140,0.0038,-14.3767,0.1667,経路未発見,180
11141,0.0038,-14.5467,0.1667,経路未発見,579
11142,0.0038,-15.2147,0.1333,経路未発見,40
11143,0.0038,-14.0533,0.1667,経路未発見,122
11144,0.0038,-13.3240,0.1667,経路未発見,58
11145,0.0038,-13.2720,0.1667,経路未発見,30
11146,0.0038,-13.9560,0.1333,経路未発見,50
11147,0.0038,-14.0613,0.1333,経路未発見,47
11148,0.0038,-14.0360,0.1333,経路未発見,86
11149,0.0038,-13.9027,0.1333,経路未発見,41
11150,0.0038,-13.4767,0.1333,経路未発見,38
11151,0.0038,-13.4060,0.1333,経路未発見,48
11152,0.0038,-14.0553,0.1333,経路未発見,549
11153,0.0038,-13.9327,0.1333,経路未発見,36
11154,0.0038,-13.7713,0.1333,経路未発見,52
11155,0.0038,-14.8240,0.1000,経路未発見,637
11156,0.0038,-14.8800,0.1000,経路未発見,203
11157,0.0038,-14.5540,0.1333,経路未発見,632
11158,0.0038,-13.4020,0.1667,経路未発見,140
11159,0.0038,-12.7073,0.2000,経路未発見,97
11160,0.0038,-13.3727,0.1667,経路未発見,57
11161,0.0038,-13.4073,0.1667,経路未発見,56
11162,0.0038,-13.5500,0.1667,経路未発見,175
11163,0.0038,-14.7387,0.1333,経路未発見,637
11164,0.0038,-14.4707,0.1667,経路未発見,459
11165,0.0038,-13.8613,0.1667,経路未発見,90
11166,0.0038,-14.0027,0.1667,経路未発見,152
11167,0.0038,-13.7393,0.1667,経路未発見,149
11168,0.0038,-13.1760,0.1667,経路未発見,35
11169,0.0038,-13.1960,0.1667,経路未発見,63
11170,0.0038,-12.5173,0.2000,経路未発見,161
11171,0.0038,-11.9827,0.2000,経路未発見,83
11172,0.0037,-12.4060,0.2000,経路未発見,637
11173,0.0037,-13.2233,0.1667,経路未発見,109
11174,0.0037,-13.8100,0.1667,経路未発見,448
11175,0.0037,-13.8620,0.1667,経路未発見,67
11176,0.0037,-13.8580,0.1667,経路未発見,37
11177,0.0037,-13.7753,0.1667,経路未発見,42
11178,0.0037,-13.7153,0.1667,経路未発見,46
11179,0.0037,-13.6700,0.1667,経路未発見,46
11180,0.0037,-13.5780,0.1667,経路未発見,95
11181,0.0037,-13.2913,0.2000,経路未発見,361
11182,0.0037,-12.9700,0.2000,経路未発見,287
11183,0.0037,-13.0420,0.2000,経路未発見,76
11184,0.0037,-13.0207,0.2000,経路未発見,29
11185,0.0037,-12.8933,0.2000,経路未発見,264
11186,0.0037,-12.8787,0.2000,経路未発見,135
11187,0.0037,-12.0120,0.2000,経路未発見,96
11188,0.0037,-13.1033,0.1667,経路未発見,637
11189,0.0037,-14.2020,0.1333,経路未発見,351
11190,0.0037,-14.3140,0.1333,経路未発見,41
11191,0.0037,-14.6607,0.1333,経路未発見,198
11192,0.0037,-14.4927,0.1333,経路未発見,45
11193,0.0037,-13.8773,0.1333,経路未発見,35
11194,0.0037,-14.1547,0.1000,経路未発見,34
11195,0.0037,-14.6653,0.1000,経路未発見,444
11196,0.0037,-15.0260,0.1000,経路未発見,637
11197,0.0037,-14.9073,0.1000,経路未発見,86
11198,0.0037,-15.1407,0.1000,経路未発見,200
11199,0.0037,-15.8273,0.1000,経路未発見,627
11200,0.0037,-16.7287,0.0667,経路未発見,362
11201,0.0037,-16.5660,0.0667,経路未発見,42
11202,0.0037,-16.1493,0.0667,経路未発見,60
11203,0.0037,-16.2880,0.0667,経路未発見,290
11204,0.0037,-15.7533,0.0667,経路未発見,44
11205,0.0037,-16.3420,0.0667,経路未発見,637
11206,0.0037,-16.5793,0.0667,経路未発見,209
11207,0.0037,-16.5807,0.0667,経路未発見,41
11208,0.0037,-16.5620,0.0667,経路未発見,47
11209,0.0037,-16.5527,0.0667,経路未発見,41
11210,0.0037,-16.8433,0.0667,経路未発見,180
11211,0.0037,-17.1513,0.0333,経路未発見,49
11212,0.0037,-16.0873,0.0667,経路未発見,75
11213,0.0037,-16.2087,0.0667,経路未発見,153
11214,0.0037,-16.9487,0.0667,経路未発見,563
11215,0.0037,-17.0213,0.0667,経路未発見,637
11216,0.0037,-17.0747,0.0667,経路未発見,188
11217,0.0037,-17.1280,0.0667,経路未発見,136
11218,0.0037,-16.7567,0.0667,経路未発見,91
11219,0.0037,-15.6820,0.1000,経路未発見,96
11220,0.0037,-15.6327,0.1000,経路未発見,79
11221,0.0037,-15.2500,0.1000,経路未発見,35
11222,0.0037,-15.2620,0.1000,経路未発見,60
11223,0.0037,-14.5953,0.1333,経路未発見,125
11224,0.0037,-13.9073,0.1667,経路未発見,132
11225,0.0037,-13.4207,0.1667,経路未発見,54
11226,0.0036,-12.9720,0.1667,経路未発見,67
11227,0.0036,-12.2547,0.2000,経路未発見,137
11228,0.0036,-12.5973,0.2000,経路未発見,467
11229,0.0036,-11.9067,0.2000,経路未発見,38
11230,0.0036,-11.8533,0.2000,経路未発見,317
11231,0.0036,-11.1587,0.2333,経路未発見,141
11232,0.0036,-11.4693,0.2333,経路未発見,349
11233,0.0036,-11.2187,0.2333,経路未発見,63
11234,0.0036,-11.2107,0.2333,経路未発見,38
11235,0.0036,-10.8060,0.2333,経路未発見,122
11236,0.0036,-10.0300,0.2667,経路未発見,159
11237,0.0036,-10.0500,0.2667,経路未発見,38
11238,0.0036,-10.5920,0.2667,経路未発見,637
11239,0.0036,-10.7347,0.2667,経路未発見,197
11240,0.0036,-10.8253,0.2667,経路未発見,266
11241,0.0036,-10.8280,0.2667,経路未発見,78
11242,0.0036,-11.5920,0.2333,経路未発見,47
11243,0.0036,-12.2187,0.2333,経路未発見,597
11244,0.0036,-11.4613,0.2333,経路未発見,29
11245,0.0036,-10.3220,0.2667,経路未発見,104
11246,0.0036,-10.2473,0.2667,経路未発見,128
11247,0.0036,-11.3827,0.2333,経路未発見,637
11248,0.0036,-11.6787,0.2333,経路未発見,332
11249,0.0036,-12.8833,0.2000,経路未発見,637
11250,0.0036,-13.2860,0.2000,経路未発見,413
11251,0.0036,-13.3473,0.2000,経路未発見,54
11252,0.0036,-13.8413,0.2000,経路未発見,637
11253,0.0036,-14.6240,0.1667,経路未発見,89
11254,0.0036,-15.7267,0.1333,経路未発見,355
11255,0.0036,-16.4093,0.1333,経路未発見,476
11256,0.0036,-16.4600,0.1333,経路未発見,93
11257,0.0036,-17.2480,0.1000,経路未発見,102
11258,0.0036,-17.2353,0.1000,経路未発見,637
11259,0.0036,-17.1767,0.1000,経路未発見,41
11260,0.0036,-16.9553,0.1000,経路未発見,113
11261,0.0036,-17.8207,0.0667,経路未発見,129
11262,0.0036,-17.7967,0.0667,経路未発見,312
11263,0.0036,-17.8673,0.0667,経路未発見,153
11264,0.0036,-17.8860,0.0667,経路未発見,49
11265,0.0036,-17.7460,0.0667,経路未発見,52
11266,0.0036,-17.6393,0.0667,経路未発見,136
11267,0.0036,-17.7580,0.0667,経路未発見,105
11268,0.0036,-17.6280,0.0667,経路未発見,301
11269,0.0036,-17.7707,0.0667,経路未発見,283
11270,0.0036,-18.1573,0.0667,経路未発見,525
11271,0.0036,-17.5853,0.1000,経路未発見,222
11272,0.0036,-17.5147,0.1000,経路未発見,31
11273,0.0036,-16.1440,0.1333,経路未発見,174
11274,0.0036,-16.6620,0.1333,経路未発見,637
11275,0.0036,-17.4340,0.1000,経路未発見,44
11276,0.0036,-16.6633,0.1333,経路未発見,124
11277,0.0036,-16.2120,0.1333,経路未発見,91
11278,0.0036,-15.8440,0.1333,経路未発見,71
11279,0.0036,-15.3620,0.1333,経路未発見,87
11280,0.0036,-14.2420,0.1667,経路未発見,124
11281,0.0035,-14.1660,0.1667,経路未発見,34
11282,0.0035,-13.6480,0.1667,経路未発見,61
11283,0.0035,-13.9853,0.1667,経路未発見,317
11284,0.0035,-13.7960,0.1667,経路未発見,240
11285,0.0035,-13.5273,0.1667,経路未発見,637
11286,0.0035,-13.9320,0.1667,経路未発見,637
11287,0.0035,-13.9173,0.1667,経路未発見,119
11288,0.0035,-13.4140,0.1667,経路未発見,43
11289,0.0035,-13.4993,0.1667,経路未発見,39
11290,0.0035,-13.9380,0.1667,経路未発見,421
11291,0.0035,-13.1900,0.2000,経路未発見,191
11292,0.0035,-12.8940,0.2000,経路未発見,105
11293,0.0035,-12.7567,0.2000,経路未発見,43
11294,0.0035,-12.9607,0.2000,経路未発見,220
11295,0.0035,-12.9193,0.2000,経路未発見,54
11296,0.0035,-13.5660,0.1667,経路未発見,40
11297,0.0035,-13.7913,0.1667,経路未発見,339
11298,0.0035,-13.3460,0.1667,経路未発見,28
11299,0.0035,-13.3673,0.1667,経路未発見,280
11300,0.0035,-12.8420,0.1667,経路未発見,158
11301,0.0035,-13.4380,0.1333,経路未発見,73
11302,0.0035,-13.5047,0.1333,経路未発見,58
11303,0.0035,-14.0220,0.1000,経路未発見,44
11304,0.0035,-13.5427,0.1000,経路未発見,41
11305,0.0035,-13.4813,0.1000,経路未発見,64
11306,0.0035,-14.1400,0.0667,経路未発見,58
11307,0.0035,-13.4427,0.1000,経路未発見,107
11308,0.0035,-13.8860,0.1000,経路未発見,637
11309,0.0035,-14.0500,0.1000,経路未発見,154
11310,0.0035,-14.6967,0.0667,経路未発見,51
11311,0.0035,-14.1287,0.1000,経路未発見,137
11312,0.0035,-14.2020,0.1000,経路未発見,125
11313,0.0035,-14.3013,0.1000,経路未発見,637
11314,0.0035,-14.0560,0.1000,経路未発見,48
11315,0.0035,-13.8593,0.1000,経路未発見,241
11316,0.0035,-13.4013,0.1000,85,53
11317,0.0035,-13.2440,0.1000,経路未発見,29
11318,0.0035,-13.2973,0.1000,経路未発見,76
11319,0.0035,-13.4107,0.1000,経路未発見,170
11320,0.0035,-12.8453,0.1000,経路未発見,50
11321,0.0035,-13.9087,0.0667,経路未発見,637
11322,0.0035,-13.2513,0.1000,経路未発見,146
11323,0.0035,-13.2527,0.1000,経路未発見,46
11324,0.0035,-13.0860,0.1000,経路未発見,151
11325,0.0035,-13.0807,0.1000,経路未発見,89
11326,0.0035,-13.1313,0.1000,経路未発見,55
11327,0.0035,-12.0847,0.1333,経路未発見,131
11328,0.0035,-12.2047,0.1333,経路未発見,80
11329,0.0035,-12.3493,0.1333,経路未発見,637
11330,0.0035,-12.1560,0.1333,経路未発見,73
11331,0.0035,-12.1800,0.1333,経路未発見,68
11332,0.0035,-12.0907,0.1333,経路未発見,47
11333,0.0035,-12.0787,0.1333,経路未発見,33
11334,0.0035,-12.7293,0.1333,経路未発見,507
11335,0.0035,-13.2287,0.1333,経路未発見,637
11336,0.0035,-13.7107,0.1333,経路未発見,637
11337,0.0035,-14.3853,0.1000,経路未発見,81
11338,0.0034,-13.9527,0.1000,経路未発見,63
11339,0.0034,-13.7433,0.1000,経路未発見,52
11340,0.0034,-14.2600,0.1000,経路未発見,637
11341,0.0034,-14.8453,0.0667,経路未発見,41
11342,0.0034,-14.8027,0.0667,経路未発見,55
11343,0.0034,-14.2740,0.0667,経路未発見,53
11344,0.0034,-13.6033,0.1000,経路未発見,130
11345,0.0034,-13.3167,0.1000,経路未発見,79
11346,0.0034,-12.6740,0.1333,経路未発見,131
11347,0.0034,-12.6740,0.1333,経路未発見,28
11348,0.0034,-12.0287,0.1667,経路未発見,190
11349,0.0034,-11.8380,0.1667,経路未発見,47
11350,0.0034,-11.4820,0.2000,経路未発見,345
11351,0.0034,-10.9453,0.2000,経路未発見,47
11352,0.0034,-11.2227,0.2000,経路未発見,354
11353,0.0034,-11.5253,0.2000,経路未発見,150
11354,0.0034,-11.4307,0.2000,経路未発見,39
11355,0.0034,-11.4347,0.2000,経路未発見,78
11356,0.0034,-11.4200,0.2000,経路未発見,69
11357,0.0034,-12.7653,0.1667,経路未発見,536
11358,0.0034,-13.2007,0.1667,経路未発見,637
11359,0.0034,-12.1813,0.2000,経路未発見,194
11360,0.0034,-12.5360,0.2000,経路未発見,305
11361,0.0034,-11.7107,0.2333,経路未発見,87
11362,0.0034,-11.7787,0.2333,経路未発見,46
11363,0.0034,-12.0680,0.2333,経路未発見,257
11364,0.0034,-11.3867,0.2333,経路未発見,39
11365,0.0034,-10.8887,0.2333,経路未発見,63
11366,0.0034,-10.5747,0.2333,経路未発見,173
11367,0.0034,-10.6760,0.2333,経路未発見,77
11368,0.0034,-10.5960,0.2333,経路未発見,26
11369,0.0034,-10.6227,0.2333,経路未発見,30
11370,0.0034,-10.1713,0.2333,経路未発見,91
11371,0.0034,-10.2793,0.2333,経路未発見,106
11372,0.0034,-10.7380,0.2333,経路未発見,434
11373,0.0034,-10.8367,0.2333,経路未発見,166
11374,0.0034,-11.4940,0.2000,経路未発見,50
11375,0.0034,-11.8593,0.2000,経路未発見,311
11376,0.0034,-12.4993,0.1667,経路未発見,79
11377,0.0034,-11.9153,0.2000,経路未発見,123
11378,0.0034,-12.5407,0.1667,経路未発見,67
11379,0.0034,-12.6393,0.1667,経路未発見,68
11380,0.0034,-13.4000,0.1333,経路未発見,637
11381,0.0034,-13.4427,0.1333,経路未発見,52
11382,0.0034,-13.7720,0.1000,経路未発見,36
11383,0.0034,-13.6413,0.1000,経路未発見,146
11384,0.0034,-13.6453,0.1000,経路未発見,32
11385,0.0034,-13.0400,0.1333,経路未発見,115
11386,0.0034,-12.9973,0.1333,経路未発見,45
11387,0.0034,-11.6067,0.1667,経路未発見,97
11388,0.0034,-11.1353,0.1667,経路未発見,86
11389,0.0034,-12.3593,0.1333,経路未発見,504
11390,0.0034,-12.0140,0.1333,経路未発見,66
11391,0.0034,-12.7553,0.1000,経路未発見,49
11392,0.0034,-13.2453,0.1000,経路未発見,637
11393,0.0034,-12.4587,0.1333,経路未発見,161
11394,0.0034,-12.4853,0.1333,経路未発見,40
11395,0.0034,-12.4720,0.1333,経路未発見,53
11396,0.0034,-12.3347,0.1333,経路未発見,41
11397,0.0033,-12.3173,0.1333,経路未発見,85
11398,0.0033,-12.4107,0.1333,経路未発見,93
11399,0.0033,-12.3760,0.1333,経路未発見,46
11400,0.0033,-12.6693,0.1333,経路未発見,327
11401,0.0033,-12.4373,0.1667,経路未発見,464
11402,0.0033,-12.0040,0.1667,経路未発見,41
11403,0.0033,-11.8707,0.1667,経路未発見,38
11404,0.0033,-11.9960,0.1667,経路未発見,56
11405,0.0033,-12.7007,0.1667,経路未発見,637
11406,0.0033,-12.6807,0.1667,経路未発見,42
11407,0.0033,-13.3273,0.1333,経路未発見,46
11408,0.0033,-13.6340,0.1333,経路未発見,335
11409,0.0033,-13.5487,0.1333,経路未発見,46
11410,0.0033,-13.1520,0.1333,経路未発見,56
11411,0.0033,-13.7040,0.1333,経路未発見,428
11412,0.0033,-13.7280,0.1333,経路未発見,42
11413,0.0033,-13.5413,0.1333,経路未発見,29
11414,0.0033,-13.5053,0.1333,経路未発見,30
11415,0.0033,-14.1307,0.1000,経路未発見,60
11416,0.0033,-14.1040,0.1000,経路未発見,36
11417,0.0033,-14.8387,0.0667,経路未発見,52
11418,0.0033,-14.8133,0.0667,経路未発見,68
11419,0.0033,-14.1867,0.0667,経路未発見,55
11420,0.0033,-14.2680,0.0667,経路未発見,79
11421,0.0033,-14.2627,0.0667,経路未発見,41
11422,0.0033,-13.7687,0.0667,経路未発見,44
11423,0.0033,-14.3087,0.0333,経路未発見,38
11424,0.0033,-14.4033,0.0333,経路未発見,114
11425,0.0033,-14.7047,0.0333,経路未発見,284
11426,0.0033,-15.0833,0.0333,経路未発見,395
11427,0.0033,-14.9700,0.0333,経路未発見,39
11428,0.0033,-14.9687,0.0333,経路未発見,55
11429,0.0033,-15.0127,0.0333,経路未発見,78
11430,0.0033,-15.4060,0.0333,経路未発見,611
11431,0.0033,-16.0373,0.0000,経路未発見,637
11432,0.0033,-16.0053,0.0000,経路未発見,84
11433,0.0033,-16.0920,0.0000,経路未発見,59
11434,0.0033,-15.6960,0.0333,経路未発見,439
11435,0.0033,-15.0920,0.0333,経路未発見,637
11436,0.0033,-15.1053,0.0333,経路未発見,43
11437,0.0033,-14.4720,0.0667,経路未発見,95
11438,0.0033,-14.1600,0.0667,経路未発見,54
11439,0.0033,-14.2267,0.0667,経路未発見,57
11440,0.0033,-14.4707,0.0667,経路未発見,270
11441,0.0033,-13.8907,0.0667,経路未発見,56
11442,0.0033,-13.4067,0.1000,経路未発見,256
11443,0.0033,-13.6040,0.1000,経路未発見,91
11444,0.0033,-13.0973,0.1333,経路未発見,206
11445,0.0033,-13.0787,0.1333,経路未発見,46
11446,0.0033,-13.0627,0.1667,経路未発見,584
11447,0.0033,-13.0747,0.1667,経路未発見,63
11448,0.0033,-13.0107,0.1667,経路未発見,28
11449,0.0033,-12.9853,0.1667,経路未発見,89
11450,0.0033,-13.3560,0.1667,経路未発見,400
11451,0.0033,-13.3893,0.1667,経路未発見,41
11452,0.0033,-13.3733,0.1667,経路未発見,80
11453,0.0033,-13.3253,0.1667,経路未発見,29
11454,0.0033,-13.4653,0.1667,経路未発見,194
11455,0.0033,-12.4787,0.2000,経路未発見,95
11456,0.0033,-12.2013,0.2000,経路未発見,183
11457,0.0033,-12.2080,0.2000,経路未発見,34
11458,0.0032,-11.8467,0.2333,経路未発見,391
11459,0.0032,-11.7827,0.2333,経路未発見,33
11460,0.0032,-11.2613,0.2333,経路未発見,218
11461,0.0032,-10.7513,0.2333,経路未発見,39
11462,0.0032,-11.3500,0.2333,経路未発見,503
11463,0.0032,-11.4807,0.2333,経路未発見,208
11464,0.0032,-11.7433,0.2000,経路未発見,84
11465,0.0032,-11.2333,0.2000,経路未発見,32
11466,0.0032,-11.2133,0.2000,経路未発見,39
11467,0.0032,-11.7947,0.1667,経路未発見,36
11468,0.0032,-12.2647,0.1667,経路未発見,637
11469,0.0032,-11.5327,0.2000,経路未発見,131
11470,0.0032,-11.2340,0.2000,経路未発見,44
11471,0.0032,-10.6100,0.2333,経路未発見,129
11472,0.0032,-11.0820,0.2000,経路未発見,35
11473,0.0032,-10.8820,0.2000,経路未発見,39
11474,0.0032,-11.4713,0.1667,経路未発見,78
11475,0.0032,-10.8007,0.2000,経路未発見,105
11476,0.0032,-10.1287,0.2000,経路未発見,80
11477,0.0032,-9.4433,0.2333,経路未発見,143
11478,0.0032,-9.9567,0.2333,経路未発見,376
11479,0.0032,-9.9900,0.2333,経路未発見,98
11480,0.0032,-9.6207,0.2333,経路未発見,70
11481,0.0032,-9.5807,0.2333,経路未発見,42
11482,0.0032,-9.5713,0.2333,経路未発見,91
11483,0.0032,-9.7380,0.2333,経路未発見,106
11484,0.0032,-9.6607,0.2333,経路未発見,159
11485,0.0032,-10.3687,0.2000,経路未発見,93
11486,0.0032,-10.2500,0.2000,経路未発見,53
11487,0.0032,-10.3327,0.2000,経路未発見,71
11488,0.0032,-9.9833,0.2000,経路未発見,110
11489,0.0032,-10.0313,0.2000,経路未発見,38
11490,0.0032,-9.8540,0.2000,経路未発見,48
11491,0.0032,-9.9247,0.2000,経路未発見,63
11492,0.0032,-9.2940,0.2000,経路未発見,87
11493,0.0032,-9.1207,0.2000,経路未発見,58
11494,0.0032,-9.2020,0.2000,経路未発見,85
11495,0.0032,-9.2580,0.2000,経路未発見,110
11496,0.0032,-9.2673,0.2000,経路未発見,44
11497,0.0032,-9.2860,0.2000,経路未発見,98
11498,0.0032,-8.7720,0.2000,経路未発見,39
11499,0.0032,-9.5000,0.1667,経路未発見,101
11500,0.0032,-9.5680,0.1667,経路未発見,78
11501,0.0032,-10.1867,0.1333,経路未発見,100
11502,0.0032,-10.2347,0.1333,経路未発見,33
11503,0.0032,-10.3640,0.1333,経路未発見,117
11504,0.0032,-10.3693,0.1333,経路未発見,47
11505,0.0032,-11.0267,0.1000,経路未発見,44
11506,0.0032,-11.7240,0.0667,経路未発見,93
11507,0.0032,-12.3867,0.0333,経路未発見,40
11508,0.0032,-11.2040,0.0667,経路未発見,74
11509,0.0032,-11.1813,0.0667,経路未発見,94
11510,0.0032,-11.1160,0.0667,経路未発見,94
11511,0.0032,-11.2107,0.0667,経路未発見,80
11512,0.0032,-10.5600,0.1000,経路未発見,119
11513,0.0032,-9.8213,0.1333,経路未発見,139
11514,0.0032,-9.0387,0.1667,経路未発見,125
11515,0.0032,-8.3733,0.2000,経路未発見,108
11516,0.0032,-8.4720,0.2000,経路未発見,114
11517,0.0032,-8.3893,0.2000,経路未発見,78
11518,0.0032,-9.0893,0.1667,経路未発見,79
11519,0.0032,-9.0960,0.1667,経路未発見,89
11520,0.0031,-8.3800,0.2000,経路未発見,93
11521,0.0031,-7.6627,0.2333,経路未発見,127
11522,0.0031,-7.2187,0.2667,経路未発見,147
11523,0.0031,-7.2320,0.2667,経路未発見,96
11524,0.0031,-7.1427,0.2667,経路未発見,30
11525,0.0031,-7.1680,0.2667,経路未発見,40
11526,0.0031,-7.2280,0.2667,経路未発見,93
11527,0.0031,-6.5880,0.3000,経路未発見,103
11528,0.0031,-6.7187,0.3000,経路未発見,95
11529,0.0031,-5.9640,0.3333,経路未発見,92
11530,0.0031,-5.9093,0.3333,経路未発見,131
11531,0.0031,-5.9533,0.3333,経路未発見,57
11532,0.0031,-5.6973,0.3667,経路未発見,188
11533,0.0031,-4.9720,0.4000,経路未発見,104
11534,0.0031,-4.9067,0.4000,経路未発見,49
11535,0.0031,-4.9067,0.4000,経路未発見,44
11536,0.0031,-5.0947,0.4000,経路未発見,156
11537,0.0031,-5.0840,0.4000,経路未発見,32
11538,0.0031,-5.7720,0.3667,経路未発見,38
11539,0.0031,-5.7693,0.3667,経路未発見,84
11540,0.0031,-4.9840,0.4000,経路未発見,57
11541,0.0031,-4.1867,0.4333,97,107
11542,0.0031,-4.7920,0.4000,経路未発見,80
11543,0.0031,-5.3640,0.3667,経路未発見,29
11544,0.0031,-5.9827,0.3333,経路未発見,52
11545,0.0031,-5.9747,0.3333,経路未発見,121
11546,0.0031,-5.8893,0.3333,経路未発見,36
11547,0.0031,-5.8773,0.3333,経路未発見,127
11548,0.0031,-5.8800,0.3333,経路未発見,33
11549,0.0031,-5.9240,0.3333,経路未発見,37
11550,0.0031,-6.6040,0.3000,経路未発見,58
11551,0.0031,-6.6067,0.3000,経路未発見,110
11552,0.0031,-7.0400,0.2667,119,55
11553,0.0031,-6.3827,0.3000,経路未発見,129
11554,0.0031,-6.4027,0.3000,経路未発見,39
11555,0.0031,-5.7240,0.3333,経路未発見,113
11556,0.0031,-5.6773,0.3333,経路未発見,46
11557,0.0031,-6.3253,0.3000,経路未発見,33
11558,0.0031,-5.5600,0.3333,経路未発見,127
11559,0.0031,-6.2720,0.3000,経路未発見,114
11560,0.0031,-6.3320,0.3000,経路未発見,75
11561,0.0031,-6.5320,0.3000,経路未発見,219
11562,0.0031,-6.7787,0.2667,経路未発見,38
11563,0.0031,-7.4387,0.2333,経路未発見,52
11564,0.0031,-7.4453,0.2333,経路未発見,53
11565,0.0031,-7.4453,0.2333,経路未発見,84
11566,0.0031,-7.2427,0.2333,経路未発見,36
11567,0.0031,-6.9853,0.2667,経路未発見,173
11568,0.0031,-7.0507,0.2667,経路未発見,58
11569,0.0031,-6.3533,0.3000,経路未発見,125
11570,0.0031,-7.1173,0.2667,経路未発見,86
11571,0.0031,-7.1467,0.2667,経路未発見,129
11572,0.0031,-6.4667,0.3000,経路未発見,101
11573,0.0031,-6.5253,0.3000,125,98
11574,0.0031,-6.5760,0.3000,経路未発見,96
11575,0.0031,-7.1880,0.2667,経路未発見,37
11576,0.0031,-6.5773,0.3000,経路未発見,161
11577,0.0031,-6.6493,0.3000,経路未発見,114
11578,0.0031,-6.6440,0.3000,経路未発見,104
11579,0.0031,-6.6787,0.3000,125,112
11580,0.0031,-6.7160,0.3000,125,44
11581,0.0031,-6.7347,0.3000,125,124
11582,0.0031,-6.8360,0.3000,125,42
11583,0.0031,-7.4880,0.2667,125,81
11584,0.0031,-7.4573,0.2667,125,49
11585,0.0030,-7.4227,0.2667,経路未発見,125
11586,0.0030,-7.3840,0.2667,経路未発見,46
11587,0.0030,-7.3800,0.2667,経路未発見,32
11588,0.0030,-7.3480,0.2667,経路未発見,122
11589,0.0030,-7.3360,0.2667,経路未発見,51
11590,0.0030,-7.3187,0.2667,経路未発見,84
11591,0.0030,-6.4160,0.3000,経路未発見,118
11592,0.0030,-6.3787,0.3000,経路未発見,85
11593,0.0030,-6.4160,0.3000,経路未発見,77
11594,0.0030,-5.8347,0.3333,経路未発見,153
11595,0.0030,-5.8147,0.3333,経路未発見,27
11596,0.0030,-5.9213,0.3333,経路未発見,95
11597,0.0030,-6.1760,0.3000,経路未発見,93
11598,0.0030,-6.2267,0.3000,経路未発見,38
11599,0.0030,-6.8800,0.2667,経路未発見,32
11600,0.0030,-6.1827,0.3000,経路未発見,107
11601,0.0030,-6.8360,0.2667,経路未発見,36
11602,0.0030,-8.0893,0.2333,経路未発見,242
11603,0.0030,-8.0840,0.2333,経路未発見,86
11604,0.0030,-8.0467,0.2333,経路未発見,79
11605,0.0030,-8.1667,0.2333,経路未発見,141
11606,0.0030,-9.0907,0.2000,経路未発見,194
11607,0.0030,-9.0693,0.2000,経路未発見,113
11608,0.0030,-8.4067,0.2333,経路未発見,136
11609,0.0030,-8.3187,0.2333,経路未発見,72
11610,0.0030,-8.2960,0.2333,経路未発見,108
11611,0.0030,-8.9280,0.2000,経路未発見,42
11612,0.0030,-8.8387,0.2000,経路未発見,83
11613,0.0030,-9.6307,0.2000,経路未発見,530
11614,0.0030,-9.6640,0.2000,経路未発見,61
11615,0.0030,-10.3893,0.1667,経路未発見,71
11616,0.0030,-10.5613,0.1667,経路未発見,146
11617,0.0030,-10.6467,0.1667,経路未発見,84
11618,0.0030,-11.3000,0.1333,経路未発見,76
11619,0.0030,-11.2747,0.1333,経路未発見,42
11620,0.0030,-11.2160,0.1333,経路未発見,50
11621,0.0030,-11.3040,0.1333,経路未発見,146
11622,0.0030,-11.3120,0.1333,経路未発見,36
11623,0.0030,-11.3427,0.1333,経路未発見,83
11624,0.0030,-12.1813,0.1000,経路未発見,143
11625,0.0030,-12.2347,0.1000,経路未発見,92
11626,0.0030,-12.1640,0.1000,経路未発見,93
11627,0.0030,-12.1787,0.1000,経路未発見,39
11628,0.0030,-12.2213,0.1000,経路未発見,142
11629,0.0030,-12.2493,0.1000,経路未発見,72
11630,0.0030,-12.3213,0.1000,経路未発見,123
11631,0.0030,-12.3507,0.1000,経路未発見,39
11632,0.0030,-12.5760,0.1000,経路未発見,607
11633,0.0030,-12.6027,0.1000,経路未発見,87
11634,0.0030,-12.7107,0.1000,経路未発見,132
11635,0.0030,-12.6520,0.1000,経路未発見,37
11636,0.0030,-12.3413,0.1000,経路未発見,38
11637,0.0030,-12.3120,0.1000,経路未発見,106
11638,0.0030,-13.0387,0.0667,経路未発見,133
11639,0.0030,-13.6680,0.0667,経路未発見,575
11640,0.0030,-13.6307,0.0667,経路未発見,51
11641,0.0030,-13.7347,0.0667,経路未発見,74
11642,0.0030,-13.7707,0.0667,経路未発見,40
11643,0.0030,-12.5080,0.1000,経路未発見,227
11644,0.0030,-12.5360,0.1000,経路未発見,85
11645,0.0030,-12.5467,0.1000,経路未発見,52
11646,0.0030,-12.3573,0.1000,経路未発見,31
11647,0.0030,-11.6573,0.1333,経路未発見,125
11648,0.0030,-11.6773,0.1333,経路未発見,42
11649,0.0030,-11.7520,0.1333,経路未発見,48
11650,0.0030,-11.7507,0.1333,経路未発見,39
11651,0.0029,-11.6787,0.1333,経路未発見,149
11652,0.0029,-11.6853,0.1333,経路未発見,87
11653,0.0029,-10.9387,0.1667,経路未発見,128
11654,0.0029,-10.0253,0.2000,経路未発見,116
11655,0.0029,-10.0040,0.2000,経路未発見,95
11656,0.0029,-10.0667,0.2000,経路未発見,79
11657,0.0029,-10.0507,0.2000,経路未発見,46
11658,0.0029,-10.0987,0.2000,経路未発見,101
11659,0.0029,-9.4867,0.2333,経路未発見,139
11660,0.0029,-10.1653,0.2000,経路未発見,106
11661,0.0029,-9.5547,0.2333,経路未発見,145
11662,0.0029,-8.8347,0.2333,経路未発見,106
11663,0.0029,-9.1627,0.2333,経路未発見,360
11664,0.0029,-9.1200,0.2333,経路未発見,81
11665,0.0029,-9.1427,0.2333,経路未発見,127
11666,0.0029,-9.1853,0.2333,経路未発見,109
11667,0.0029,-9.4053,0.2333,経路未発見,174
11668,0.0029,-9.3000,0.2333,経路未発見,38
11669,0.0029,-8.2453,0.2667,経路未発見,165
11670,0.0029,-8.2507,0.2667,経路未発見,36
11671,0.0029,-8.1960,0.2667,経路未発見,83
11672,0.0029,-8.1960,0.2667,経路未発見,40
11673,0.0029,-8.6947,0.2333,125,52
11674,0.0029,-8.7080,0.2333,125,39
11675,0.0029,-7.9720,0.2667,経路未発見,125
11676,0.0029,-7.9787,0.2667,経路未発見,34
11677,0.0029,-8.6227,0.2333,経路未発見,94
11678,0.0029,-7.9093,0.2667,経路未発見,111
11679,0.0029,-7.8600,0.2667,経路未発見,72
11680,0.0029,-8.0173,0.2667,経路未発見,104
11681,0.0029,-8.6920,0.2333,経路未発見,86
11682,0.0029,-8.7173,0.2333,経路未発見,40
11683,0.0029,-9.3960,0.2000,経路未発見,92
11684,0.0029,-10.1053,0.1667,経路未発見,98
11685,0.0029,-10.1307,0.1667,経路未発見,116
11686,0.0029,-9.4640,0.2000,経路未発見,166
11687,0.0029,-9.4747,0.2000,経路未発見,43
11688,0.0029,-9.6267,0.2000,経路未発見,197
11689,0.0029,-10.3147,0.1667,経路未発見,105
11690,0.0029,-10.2733,0.1667,経路未発見,93
11691,0.0029,-11.9793,0.1333,経路未発見,637
11692,0.0029,-11.9287,0.1333,経路未発見,28
11693,0.0029,-11.5807,0.1333,経路未発見,66
11694,0.0029,-10.8807,0.1667,経路未発見,123
11695,0.0029,-11.5087,0.1667,経路未発見,526
11696,0.0029,-11.4513,0.1667,経路未発見,84
11697,0.0029,-11.2100,0.1667,経路未発見,50
11698,0.0029,-11.2500,0.1667,経路未発見,101
11699,0.0029,-11.7607,0.1333,経路未発見,114
11700,0.0029,-11.8327,0.1333,経路未発見,83
11701,0.0029,-11.9273,0.1333,経路未発見,118
11702,0.0029,-11.9807,0.1333,経路未発見,95
11703,0.0029,-11.9673,0.1333,経路未発見,98
11704,0.0029,-11.9020,0.1333,経路未発見,79
11705,0.0029,-12.5433,0.1000,経路未発見,53
11706,0.0029,-11.9273,0.1333,経路未発見,109
11707,0.0029,-11.2193,0.1667,経路未発見,115
11708,0.0029,-11.2353,0.1667,経路未発見,123
11709,0.0029,-11.2047,0.1667,経路未発見,34
11710,0.0029,-11.4247,0.1667,経路未発見,293
11711,0.0029,-11.3647,0.1667,経路未発見,37
11712,0.0029,-11.5993,0.1667,経路未発見,206
11713,0.0029,-11.6167,0.1667,経路未発見,100
11714,0.0029,-11.5500,0.1667,経路未発見,46
11715,0.0029,-10.8393,0.2000,経路未発見,112
11716,0.0029,-11.4513,0.1667,経路未発見,79
11717,0.0029,-10.7980,0.2000,経路未発見,147
11718,0.0029,-10.4833,0.2000,127,42
11719,0.0029,-10.4487,0.2000,127,35
11720,0.0028,-9.7660,0.2333,経路未発見,127
11721,0.0028,-8.7813,0.2333,経路未発見,157
11722,0.0028,-9.1320,0.2333,経路未発見,397
11723,0.0028,-8.4520,0.2667,経路未発見,103
11724,0.0028,-9.1840,0.2333,経路未発見,54
11725,0.0028,-8.5800,0.2333,経路未発見,72
11726,0.0028,-8.6227,0.2333,経路未発見,85
11727,0.0028,-8.6560,0.2333,131,86
11728,0.0028,-7.9627,0.2667,経路未発見,131
11729,0.0028,-7.9040,0.2667,経路未発見,53
11730,0.0028,-7.8267,0.2667,経路未発見,32
11731,0.0028,-7.7200,0.2667,経路未発見,43
11732,0.0028,-7.6693,0.2667,経路未発見,82
11733,0.0028,-7.9987,0.2667,経路未発見,141
11734,0.0028,-8.0800,0.2667,経路未発見,107
11735,0.0028,-8.1053,0.2667,経路未発見,94
11736,0.0028,-9.3160,0.2333,経路未発見,465
11737,0.0028,-10.1280,0.2000,経路未発見,102
11738,0.0028,-10.3387,0.2000,経路未発見,281
11739,0.0028,-9.8293,0.2333,経路未発見,193
11740,0.0028,-9.5080,0.2333,経路未発見,90
11741,0.0028,-9.5267,0.2333,経路未発見,79
11742,0.0028,-10.3440,0.2333,経路未発見,315
11743,0.0028,-10.3000,0.2333,経路未発見,44
11744,0.0028,-9.6333,0.2667,経路未発見,98
11745,0.0028,-10.3133,0.2333,経路未発見,58
11746,0.0028,-9.6187,0.2667,経路未発見,104
11747,0.0028,-10.2400,0.2333,経路未発見,38
11748,0.0028,-10.2707,0.2333,経路未発見,92
11749,0.0028,-10.3960,0.2333,経路未発見,104
11750,0.0028,-11.1520,0.2000,経路未発見,83
11751,0.0028,-11.0373,0.2000,経路未発見,42
11752,0.0028,-10.8693,0.2000,経路未発見,126
11753,0.0028,-12.0133,0.1667,経路未発見,298
11754,0.0028,-11.7773,0.2000,経路未発見,514
11755,0.0028,-11.7933,0.2000,経路未発見,70
11756,0.0028,-11.0853,0.2333,経路未発見,92
11757,0.0028,-11.0773,0.2333,経路未発見,36
11758,0.0028,-12.1547,0.2000,経路未発見,350
11759,0.0028,-12.2907,0.2000,経路未発見,120
11760,0.0028,-12.4467,0.2000,経路未発見,190
11761,0.0028,-12.6947,0.2000,経路未発見,242
11762,0.0028,-12.7973,0.2000,経路未発見,96
11763,0.0028,-12.9553,0.2000,経路未発見,637
11764,0.0028,-12.9180,0.2000,経路未発見,42
11765,0.0028,-13.1340,0.2000,経路未発見,198
11766,0.0028,-11.9500,0.2333,経路未発見,129
11767,0.0028,-11.8060,0.2333,経路未発見,35
11768,0.0028,-12.4833,0.2000,経路未発見,200
11769,0.0028,-12.9940,0.1667,経路未発見,37
11770,0.0028,-12.9887,0.1667,経路未発見,42
11771,0.0028,-13.4593,0.1667,経路未発見,368
11772,0.0028,-12.3807,0.1667,経路未発見,40
11773,0.0028,-12.4007,0.1667,経路未発見,57
11774,0.0028,-13.2633,0.1333,経路未発見,157
11775,0.0028,-13.2607,0.1333,経路未発見,69
11776,0.0028,-15.0873,0.1000,経路未発見,612
11777,0.0028,-15.5033,0.1000,経路未発見,256
11778,0.0028,-16.0360,0.1000,経路未発見,637
11779,0.0028,-16.3360,0.1000,経路未発見,402
11780,0.0028,-16.5947,0.1000,経路未発見,139
11781,0.0028,-16.6120,0.1333,経路未発見,632
11782,0.0028,-16.5200,0.1333,経路未発見,119
11783,0.0028,-16.3467,0.1333,経路未発見,226
11784,0.0028,-16.6080,0.1000,経路未発見,155
11785,0.0028,-16.4813,0.1000,経路未発見,47
11786,0.0028,-17.6147,0.0667,経路未発見,420
11787,0.0028,-17.5707,0.0667,経路未発見,36
11788,0.0028,-17.4933,0.0667,経路未発見,273
11789,0.0028,-17.2867,0.0667,経路未発見,32
11790,0.0028,-17.1840,0.0667,経路未発見,80
11791,0.0028,-17.0640,0.0667,経路未発見,171
11792,0.0027,-16.9160,0.0667,経路未発見,43
11793,0.0027,-16.7153,0.0667,経路未発見,309
11794,0.0027,-16.6607,0.0667,経路未発見,34
11795,0.0027,-16.7407,0.0667,経路未発見,245
11796,0.0027,-17.3713,0.0333,経路未発見,40
11797,0.0027,-17.9267,0.0333,経路未発見,637
11798,0.0027,-17.7387,0.0333,経路未発見,99
11799,0.0027,-17.8480,0.0333,経路未発見,38
11800,0.0027,-17.9640,0.0333,経路未発見,113
11801,0.0027,-17.5480,0.0333,経路未発見,82
11802,0.0027,-18.0227,0.0333,経路未発見,412
11803,0.0027,-17.9893,0.0333,経路未発見,74
11804,0.0027,-18.5907,0.0333,経路未発見,163
11805,0.0027,-18.9160,0.0333,経路未発見,313
11806,0.0027,-18.1840,0.0333,経路未発見,352
11807,0.0027,-18.2540,0.0333,経路未発見,637
11808,0.0027,-18.1607,0.0333,経路未発見,637
11809,0.0027,-17.8687,0.0333,経路未発見,159
11810,0.0027,-17.5273,0.0333,経路未発見,32
11811,0.0027,-17.3567,0.0333,経路未発見,466
11812,0.0027,-17.6247,0.0333,経路未発見,331
11813,0.0027,-17.4167,0.0333,経路未発見,124
11814,0.0027,-17.8187,0.0333,経路未発見,637
11815,0.0027,-18.5160,0.0333,経路未発見,576
11816,0.0027,-18.0120,0.0333,経路未発見,46
11817,0.0027,-18.7540,0.0333,経路未発見,637
11818,0.0027,-18.1913,0.0667,経路未発見,440
11819,0.0027,-18.4100,0.0667,経路未発見,118
11820,0.0027,-18.5860,0.0667,経路未発見,132
11821,0.0027,-18.4967,0.0667,経路未発見,55
11822,0.0027,-18.6620,0.0667,経路未発見,101
11823,0.0027,-18.5433,0.0667,経路未発見,200
11824,0.0027,-18.6287,0.0667,経路未発見,68
11825,0.0027,-18.3580,0.0667,経路未発見,76
11826,0.0027,-18.4407,0.0667,経路未発見,44
11827,0.0027,-17.9160,0.0667,経路未発見,45
11828,0.0027,-18.4207,0.0667,経路未発見,637
11829,0.0027,-18.1740,0.1000,経路未発見,473
11830,0.0027,-17.3553,0.1333,経路未発見,104
11831,0.0027,-18.0033,0.1333,経路未発見,562
11832,0.0027,-17.5553,0.1333,経路未発見,40
11833,0.0027,-17.6660,0.1333,経路未発見,107
11834,0.0027,-16.8980,0.1333,経路未発見,45
11835,0.0027,-16.8580,0.1333,経路未発見,190
11836,0.0027,-16.4513,0.1333,経路未発見,69
11837,0.0027,-16.0107,0.1333,経路未発見,45
11838,0.0027,-15.6713,0.1333,経路未発見,163
11839,0.0027,-14.7460,0.1667,経路未発見,73
11840,0.0027,-14.8913,0.1667,経路未発見,87
11841,0.0027,-15.3287,0.1333,経路未発見,281
11842,0.0027,-15.0687,0.1333,経路未発見,96
11843,0.0027,-14.9380,0.1333,経路未発見,36
11844,0.0027,-14.8727,0.1333,経路未発見,637
11845,0.0027,-14.3287,0.1333,経路未発見,156
11846,0.0027,-14.3287,0.1333,経路未発見,42
11847,0.0027,-13.7120,0.1333,経路未発見,100
11848,0.0027,-14.4193,0.1000,経路未発見,637
11849,0.0027,-14.8367,0.1000,経路未発見,499
11850,0.0027,-14.6287,0.1000,経路未発見,40
11851,0.0027,-15.0333,0.1000,経路未発見,637
11852,0.0027,-14.8533,0.1000,経路未発見,46
11853,0.0027,-15.1220,0.1000,経路未発見,637
11854,0.0027,-15.0633,0.1000,経路未発見,43
11855,0.0027,-15.0713,0.1000,経路未発見,31
11856,0.0027,-15.4613,0.1000,経路未発見,637
11857,0.0027,-15.9833,0.1000,経路未発見,637
11858,0.0027,-15.8107,0.1000,経路未発見,272
11859,0.0027,-15.9507,0.0667,経路未発見,39
11860,0.0027,-17.3013,0.0333,経路未発見,530
11861,0.0027,-17.1433,0.0333,経路未発見,637
11862,0.0027,-17.1047,0.0333,経路未発見,53
11863,0.0027,-16.7153,0.0667,経路未発見,417
11864,0.0027,-16.7540,0.0667,経路未発見,80
11865,0.0027,-17.0307,0.0667,経路未発見,637
11866,0.0026,-17.8213,0.0667,経路未発見,637
11867,0.0026,-18.3167,0.0667,経路未発見,637
11868,0.0026,-18.4833,0.0667,経路未発見,257
11869,0.0026,-19.7120,0.0333,経路未発見,637
11870,0.0026,-20.0273,0.0333,経路未発見,637
11871,0.0026,-20.2187,0.0333,経路未発見,637
11872,0.0026,-19.6893,0.0667,経路未発見,290
11873,0.0026,-19.6947,0.0667,経路未発見,44
11874,0.0026,-19.7120,0.0667,経路未発見,637
11875,0.0026,-19.2080,0.1000,経路未発見,334
11876,0.0026,-18.7067,0.1333,経路未発見,226
11877,0.0026,-18.5827,0.1333,経路未発見,43
11878,0.0026,-18.1887,0.1333,経路未発見,103
11879,0.0026,-18.2740,0.1333,経路未発見,519
11880,0.0026,-18.5807,0.1333,経路未発見,190
11881,0.0026,-17.8920,0.1667,経路未発見,442
11882,0.0026,-18.0253,0.1667,経路未発見,81
11883,0.0026,-18.0027,0.1667,経路未発見,637
11884,0.0026,-18.6427,0.1667,経路未発見,551
11885,0.0026,-19.1507,0.1667,経路未発見,307
11886,0.0026,-17.9993,0.2000,経路未発見,131
11887,0.0026,-17.4613,0.2000,経路未発見,48
11888,0.0026,-17.6307,0.2000,経路未発見,391
11889,0.0026,-17.6613,0.2000,経路未発見,37
11890,0.0026,-17.4780,0.2000,経路未発見,637
11891,0.0026,-16.9307,0.2000,経路未発見,41
11892,0.0026,-17.3280,0.2000,経路未発見,340
11893,0.0026,-17.9853,0.1667,経路未発見,151
11894,0.0026,-18.0027,0.1667,経路未発見,56
11895,0.0026,-18.0093,0.1667,経路未発見,637
11896,0.0026,-17.3240,0.1667,経路未発見,104
11897,0.0026,-16.8887,0.1667,経路未発見,143
11898,0.0026,-17.0947,0.1667,経路未発見,637
11899,0.0026,-16.6273,0.1667,経路未発見,89
11900,0.0026,-16.3080,0.1667,経路未発見,143
11901,0.0026,-15.8247,0.1667,経路未発見,83
11902,0.0026,-16.2193,0.1333,経路未発見,30
11903,0.0026,-16.2647,0.1333,経路未発見,83
11904,0.0026,-15.8747,0.1333,経路未発見,69
11905,0.0026,-16.7300,0.1000,経路未発見,637
11906,0.0026,-17.2673,0.0667,経路未発見,48
11907,0.0026,-18.6940,0.0667,経路未発見,568
11908,0.0026,-19.3407,0.0667,経路未発見,555
11909,0.0026,-19.1780,0.0667,経路未発見,423
11910,0.0026,-19.3920,0.0667,経路未発見,637
11911,0.0026,-19.6520,0.0333,経路未発見,37
11912,0.0026,-18.8413,0.0667,経路未発見,90
11913,0.0026,-18.4660,0.0667,経路未発見,38
11914,0.0026,-18.5993,0.0667,経路未発見,433
11915,0.0026,-18.5560,0.0667,経路未発見,637
11916,0.0026,-18.9400,0.0667,経路未発見,419
11917,0.0026,-19.0787,0.0667,経路未発見,100
11918,0.0026,-18.6680,0.0667,経路未発見,90
11919,0.0026,-18.8907,0.0667,経路未発見,226
11920,0.0026,-18.4420,0.0667,経路未発見,58
11921,0.0026,-18.4447,0.0667,経路未発見,35
11922,0.0026,-18.0607,0.1000,経路未発見,451
11923,0.0026,-17.6513,0.1000,経路未発見,32
11924,0.0026,-18.0693,0.1000,経路未発見,637
11925,0.0026,-17.5353,0.1000,経路未発見,59
11926,0.0026,-17.9040,0.1000,経路未発見,637
11927,0.0026,-17.7853,0.1000,経路未発見,28
11928,0.0026,-17.3273,0.1000,経路未発見,53
11929,0.0026,-16.6140,0.1333,経路未発見,109
11930,0.0026,-16.4607,0.1333,経路未発見,40
11931,0.0026,-16.4980,0.1333,経路未発見,40
11932,0.0026,-17.0173,0.1333,経路未発見,637
11933,0.0026,-17.1347,0.1333,経路未発見,152
11934,0.0026,-17.0947,0.1333,経路未発見,100
11935,0.0026,-17.0947,0.1333,経路未発見,637
11936,0.0026,-17.2373,0.1333,経路未発見,92
11937,0.0026,-15.9147,0.1333,経路未発見,83
11938,0.0026,-15.3680,0.1333,経路未発見,133
11939,0.0026,-15.4520,0.1333,経路未発見,464
11940,0.0026,-15.4240,0.1333,経路未発見,637
11941,0.0026,-14.9133,0.1667,経路未発見,254
11942,0.0026,-15.5853,0.1333,経路未発見,38
11943,0.0025,-15.5587,0.1333,経路未発見,68
11944,0.0025,-14.7853,0.1333,経路未発見,43
11945,0.0025,-13.8847,0.1667,経路未発見,323
11946,0.0025,-14.1953,0.1333,経路未発見,48
11947,0.0025,-14.7493,0.1333,経路未発見,637
11948,0.0025,-15.1633,0.1333,経路未発見,637
11949,0.0025,-15.1460,0.1333,経路未発見,183
11950,0.0025,-14.4300,0.1667,経路未発見,125
11951,0.0025,-14.5393,0.1667,経路未発見,80
11952,0.0025,-14.7060,0.1333,経路未発見,217
11953,0.0025,-14.7447,0.1333,経路未発見,63
11954,0.0025,-13.6413,0.1667,経路未発見,148
11955,0.0025,-13.6507,0.1667,経路未発見,80
11956,0.0025,-13.2527,0.1667,経路未発見,104
11957,0.0025,-12.6687,0.2000,経路未発見,127
11958,0.0025,-12.7953,0.2000,経路未発見,201
11959,0.0025,-13.5047,0.1667,経路未発見,47
11960,0.0025,-14.1260,0.1667,経路未発見,453
11961,0.0025,-14.0953,0.1667,経路未発見,39
11962,0.0025,-14.1447,0.1667,経路未発見,637
11963,0.0025,-14.0420,0.1667,経路未発見,75
11964,0.0025,-13.3847,0.2000,経路未発見,141
11965,0.0025,-13.4127,0.2000,経路未発見,637
11966,0.0025,-13.3073,0.2000,経路未発見,37
11967,0.0025,-12.6980,0.2333,経路未発見,233
11968,0.0025,-12.5193,0.2333,経路未発見,48
11969,0.0025,-11.9607,0.2333,経路未発見,46
11970,0.0025,-11.4227,0.2333,経路未発見,33
11971,0.0025,-11.8960,0.2000,経路未発見,32
11972,0.0025,-12.4047,0.2000,経路未発見,637
11973,0.0025,-12.3887,0.2000,経路未発見,60
11974,0.0025,-12.8693,0.2000,経路未発見,637
11975,0.0025,-13.7093,0.1667,経路未発見,332
11976,0.0025,-13.8040,0.1667,経路未発見,125
11977,0.0025,-13.5787,0.1667,経路未発見,637
11978,0.0025,-13.8127,0.1667,経路未発見,634
11979,0.0025,-13.6180,0.1667,経路未発見,45
11980,0.0025,-14.8180,0.1333,経路未発見,423
11981,0.0025,-14.0860,0.1667,経路未発見,138
11982,0.0025,-13.9260,0.1667,経路未発見,74
11983,0.0025,-13.2820,0.2000,経路未発見,130
11984,0.0025,-13.1913,0.2000,経路未発見,99
11985,0.0025,-13.3793,0.2000,経路未発見,215
11986,0.0025,-13.4207,0.2000,経路未発見,157
11987,0.0025,-14.0353,0.1667,経路未発見,53
11988,0.0025,-13.8220,0.1667,経路未発見,32
11989,0.0025,-14.1647,0.1667,経路未発見,314
11990,0.0025,-14.3113,0.1667,経路未発見,593
11991,0.0025,-14.6687,0.1667,経路未発見,292
11992,0.0025,-14.2013,0.1667,経路未発見,111
11993,0.0025,-14.6900,0.1667,経路未発見,637
11994,0.0025,-15.7620,0.1333,経路未発見,299
11995,0.0025,-15.2333,0.1333,経路未発見,40
11996,0.0025,-15.6580,0.1333,経路未発見,637
11997,0.0025,-15.5940,0.1333,経路未発見,185
11998,0.0025,-15.6060,0.1333,経路未発見,72
11999,0.0025,-15.1140,0.1667,経路未発見,278
12000,0.0025,-15.3513,0.1667,経路未発見,200
12001,0.0025,-15.5620,0.1667,経路未発見,218
12002,0.0025,-15.0787,0.1667,経路未発見,40
12003,0.0025,-15.0400,0.1667,経路未発見,41
12004,0.0025,-15.0080,0.1667,経路未発見,637
12005,0.0025,-14.5880,0.1667,経路未発見,61
12006,0.0025,-15.2667,0.1667,経路未発見,629
12007,0.0025,-15.3087,0.1667,経路未発見,286
12008,0.0025,-14.5327,0.1667,経路未発見,35
12009,0.0025,-14.6393,0.1667,経路未発見,157
12010,0.0025,-14.5247,0.1667,経路未発見,341
12011,0.0025,-15.2060,0.1333,経路未発見,49
12012,0.0025,-15.6480,0.1333,経路未発見,637
12013,0.0025,-16.3120,0.1000,経路未発見,65
12014,0.0025,-17.0387,0.0667,経路未発見,44
12015,0.0025,-16.8080,0.0667,経路未発見,55
12016,0.0025,-17.4267,0.0667,経路未発見,636
12017,0.0025,-17.5987,0.0667,経路未発見,166
12018,0.0025,-18.3213,0.0667,経路未発見,526
12019,0.0025,-18.4500,0.0667,経路未発見,637
12020,0.0025,-17.1247,0.1000,経路未発見,186
12021,0.0025,-16.4447,0.1333,経路未発見,376
12022,0.0025,-16.5993,0.1333,経路未発見,246
12023,0.0024,-15.5253,0.1667,経路未発見,149
12024,0.0024,-15.1440,0.1667,経路未発見,72
12025,0.0024,-15.5333,0.1667,経路未発見,341
12026,0.0024,-15.5767,0.1667,経路未発見,445
12027,0.0024,-15.8220,0.1667,経路未発見,331
12028,0.0024,-16.7420,0.1667,経路未発見,621
12029,0.0024,-17.3287,0.1333,経路未発見,113
12030,0.0024,-17.3473,0.1333,経路未発見,172
12031,0.0024,-17.6533,0.1333,経路未発見,637
12032,0.0024,-18.0173,0.1333,経路未発見,303
12033,0.0024,-18.1213,0.1333,経路未発見,162
12034,0.0024,-17.6407,0.1667,経路未発見,560
12035,0.0024,-17.9727,0.1667,経路未発見,317
12036,0.0024,-17.2700,0.1667,経路未発見,57
12037,0.0024,-17.5300,0.1667,経路未発見,627
12038,0.0024,-17.5047,0.1667,経路未発見,26
12039,0.0024,-17.9627,0.1667,経路未発見,637
12040,0.0024,-17.9440,0.1667,経路未発見,266
12041,0.0024,-17.8880,0.1667,経路未発見,37
12042,0.0024,-17.3967,0.1667,経路未発見,30
12043,0.0024,-17.8727,0.1667,経路未発見,436
12044,0.0024,-18.4247,0.1667,経路未発見,509
12045,0.0024,-19.1673,0.1667,経路未発見,589
12046,0.0024,-18.6700,0.1667,経路未発見,193
12047,0.0024,-18.9447,0.1667,経路未発見,372
12048,0.0024,-18.8320,0.1667,経路未発見,637
12049,0.0024,-18.8093,0.1667,経路未発見,637
12050,0.0024,-19.3813,0.1333,経路未発見,34
12051,0.0024,-20.1700,0.1000,経路未発見,637
12052,0.0024,-20.0073,0.1000,経路未発見,73
12053,0.0024,-20.6433,0.0667,経路未発見,41
12054,0.0024,-20.5807,0.0667,経路未発見,51
12055,0.0024,-20.7340,0.0667,経路未発見,403
12056,0.0024,-20.4073,0.0667,経路未発見,187
12057,0.0024,-20.7540,0.0333,経路未発見,47
12058,0.0024,-19.8753,0.0333,経路未発見,70
12059,0.0024,-19.7420,0.0333,87,35
12060,0.0024,-18.7940,0.0667,経路未発見,87
12061,0.0024,-18.3213,0.0667,経路未発見,44
12062,0.0024,-18.4460,0.0667,経路未発見,637
12063,0.0024,-18.6433,0.0667,経路未発見,213
12064,0.0024,-18.7487,0.0333,経路未発見,38
12065,0.0024,-18.3980,0.0333,経路未発見,28
12066,0.0024,-18.3820,0.0333,経路未発見,95
12067,0.0024,-18.2953,0.0333,経路未発見,534
12068,0.0024,-17.8740,0.0667,経路未発見,266
12069,0.0024,-17.8060,0.0667,経路未発見,637
12070,0.0024,-17.6513,0.0667,経路未発見,199
12071,0.0024,-17.6660,0.1000,経路未発見,599
12072,0.0024,-17.0580,0.1333,経路未発見,134
12073,0.0024,-17.2153,0.1333,経路未発見,537
12074,0.0024,-16.6340,0.1333,経路未発見,45
12075,0.0024,-15.9513,0.1333,経路未発見,60
12076,0.0024,-15.6833,0.1667,経路未発見,617
12077,0.0024,-15.3833,0.1667,経路未発見,66
12078,0.0024,-14.9520,0.1667,経路未発見,190
12079,0.0024,-14.4887,0.1667,経路未発見,45
12080,0.0024,-14.4873,0.1667,経路未発見,50
12081,0.0024,-14.4980,0.1667,経路未発見,637
12082,0.0024,-15.2180,0.1667,経路未発見,607
12083,0.0024,-15.1887,0.1667,経路未発見,50
12084,0.0024,-15.9007,0.1667,経路未発見,616
12085,0.0024,-15.8607,0.1667,経路未発見,331
12086,0.0024,-15.7873,0.1667,経路未発見,176
12087,0.0024,-15.9660,0.1667,経路未発見,151
12088,0.0024,-16.3747,0.1667,経路未発見,637
12089,0.0024,-16.8567,0.1667,経路未発見,637
12090,0.0024,-17.5953,0.1333,経路未発見,35
12091,0.0024,-18.0487,0.1333,経路未発見,351
12092,0.0024,-18.0913,0.1333,経路未発見,637
12093,0.0024,-17.7980,0.1333,経路未発見,66
12094,0.0024,-18.1327,0.1333,経路未発見,335
12095,0.0024,-18.2927,0.1333,経路未発見,216
12096,0.0024,-18.6007,0.1333,経路未発見,139
12097,0.0024,-17.9607,0.1667,経路未発見,621
12098,0.0024,-18.4073,0.1333,経路未発見,43
12099,0.0024,-18.2187,0.1333,経路未発見,278
12100,0.0024,-17.4267,0.1667,経路未発見,196
12101,0.0024,-17.5560,0.1333,経路未発見,115
12102,0.0024,-18.1933,0.1000,経路未発見,56
12103,0.0024,-17.2000,0.1333,経路未発見,339
12104,0.0024,-17.2413,0.1333,経路未発見,47
12105,0.0024,-17.6120,0.1333,経路未発見,351
12106,0.0023,-18.0980,0.1000,経路未発見,637
12107,0.0023,-18.2300,0.1000,経路未発見,261
12108,0.0023,-18.5680,0.1000,経路未発見,637
12109,0.0023,-18.5920,0.1000,経路未発見,76
12110,0.0023,-18.8387,0.1000,87,214
12111,0.0023,-18.2780,0.1000,経路未発見,37
12112,0.0023,-17.8113,0.1000,経路未発見,291
12113,0.0023,-18.3900,0.1000,経路未発見,510
12114,0.0023,-17.6367,0.1000,経路未発見,40
12115,0.0023,-17.5500,0.1000,経路未発見,337
12116,0.0023,-16.8033,0.1333,経路未発見,148
12117,0.0023,-16.5993,0.1333,経路未発見,41
12118,0.0023,-15.5240,0.1667,経路未発見,156
12119,0.0023,-15.2887,0.1667,経路未発見,269
12120,0.0023,-15.4687,0.1667,経路未発見,176
12121,0.0023,-14.4047,0.2000,経路未発見,165
12122,0.0023,-13.9160,0.2000,経路未発見,49
12123,0.0023,-14.6240,0.2000,経路未発見,546
12124,0.0023,-14.7860,0.2000,経路未発見,637
12125,0.0023,-15.1907,0.2000,経路未発見,637
12126,0.0023,-14.3227,0.2333,経路未発見,216
12127,0.0023,-14.2893,0.2000,経路未発見,49
12128,0.0023,-14.5133,0.2000,経路未発見,216
12129,0.0023,-14.3147,0.2000,経路未発見,155
12130,0.0023,-15.3473,0.1667,経路未発見,637
12131,0.0023,-15.2433,0.1667,経路未発見,52
12132,0.0023,-15.6140,0.1667,経路未発見,335
12133,0.0023,-16.4427,0.1333,経路未発見,637
12134,0.0023,-15.9040,0.1667,経路未発見,249
12135,0.0023,-16.2813,0.1667,経路未発見,389
12136,0.0023,-16.2813,0.1667,経路未発見,637
12137,0.0023,-15.3000,0.2000,経路未発見,99
12138,0.0023,-14.8047,0.2000,経路未発見,33
12139,0.0023,-14.7833,0.2000,経路未発見,47
12140,0.0023,-13.9740,0.2333,経路未発見,211
12141,0.0023,-14.1153,0.2333,経路未発見,108
12142,0.0023,-14.1980,0.2333,経路未発見,353
12143,0.0023,-12.9380,0.2667,経路未発見,150
12144,0.0023,-12.6180,0.3000,経路未発見,379
12145,0.0023,-12.2380,0.3000,経路未発見,74
12146,0.0023,-12.9193,0.2667,経路未発見,44
12147,0.0023,-13.0353,0.2667,経路未発見,69
12148,0.0023,-13.6207,0.2333,経路未発見,61
12149,0.0023,-13.3553,0.2333,経路未発見,48
12150,0.0023,-13.6800,0.2333,経路未発見,637
12151,0.0023,-14.2573,0.2000,経路未発見,55
12152,0.0023,-14.1947,0.2333,経路未発見,617
12153,0.0023,-14.1073,0.2333,経路未発見,637
12154,0.0023,-14.0280,0.2333,経路未発見,435
12155,0.0023,-13.5140,0.2333,経路未発見,43
12156,0.0023,-14.5240,0.2000,89,637
12157,0.0023,-14.4480,0.2000,経路未発見,30
12158,0.0023,-14.7907,0.2000,経路未発見,504
12159,0.0023,-14.7080,0.2000,経路未発見,73
12160,0.0023,-13.6113,0.2333,経路未発見,167
12161,0.0023,-13.6140,0.2333,経路未発見,39
12162,0.0023,-12.7047,0.2667,経路未発見,227
12163,0.0023,-11.8493,0.3000,経路未発見,319
12164,0.0023,-12.3533,0.2667,89,33
12165,0.0023,-10.8107,0.3000,経路未発見,89
12166,0.0023,-10.8760,0.3000,経路未発見,637
12167,0.0023,-11.8467,0.2667,87,234
12168,0.0023,-11.1267,0.3000,89,87
12169,0.0023,-10.4000,0.3333,経路未発見,87
12170,0.0023,-10.9960,0.3000,経路未発見,54
12171,0.0023,-10.2320,0.3333,87,88
12172,0.0023,-9.1120,0.3667,87,87
12173,0.0023,-9.0027,0.3667,経路未発見,87
12174,0.0023,-9.2760,0.3333,87,31
12175,0.0023,-8.5307,0.3667,経路未発見,87
12176,0.0023,-8.5373,0.3667,87,90
12177,0.0023,-8.6027,0.3667,87,129
12178,0.0023,-8.5960,0.3667,89,42
12179,0.0023,-8.5960,0.3667,89,73
12180,0.0023,-7.3553,0.4000,経路未発見,89
12181,0.0023,-7.3087,0.4000,89,31
12182,0.0023,-6.6047,0.4000,経路未発見,89
12183,0.0023,-5.2933,0.4333,経路未発見,85
12184,0.0023,-5.1107,0.4333,経路未発見,277
12185,0.0023,-5.1067,0.4333,87,50
12186,0.0023,-3.8487,0.4667,経路未発見,87
12187,0.0023,-4.6553,0.4667,経路未発見,521
12188,0.0023,-4.1033,0.4667,87,52
12189,0.0023,-3.3300,0.5000,87,87
12190,0.0023,-3.2233,0.5000,87,87
12191,0.0023,-2.4620,0.5333,経路未発見,87
12192,0.0023,-2.2807,0.5333,87,91
12193,0.0022,-1.9473,0.5333,87,88
12194,0.0022,-2.4427,0.5333,87,637
12195,0.0022,-2.4400,0.5333,87,87
12196,0.0022,-1.1820,0.5667,経路未発見,87
12197,0.0022,-1.4373,0.5667,経路未発見,637
12198,0.0022,-2.6807,0.5333,経路未発見,637
12199,0.0022,-3.3647,0.5000,87,73
12200,0.0022,-2.6033,0.5333,経路未発見,87
12201,0.0022,-3.3607,0.5000,87,50
12202,0.0022,-3.3607,0.5000,経路未発見,87
12203,0.0022,-3.4167,0.5000,89,91
12204,0.0022,-2.7540,0.5333,経路未発見,87
12205,0.0022,-3.3380,0.5333,経路未発見,506
12206,0.0022,-3.2740,0.5333,経路未発見,44
12207,0.0022,-2.4460,0.5667,87,87
12208,0.0022,-1.7500,0.6000,87,87
12209,0.0022,-1.0353,0.6333,経路未発見,87
12210,0.0022,-1.0967,0.6333,経路未発見,97
12211,0.0022,-1.6347,0.6333,87,637
12212,0.0022,-1.6320,0.6333,経路未発見,87
12213,0.0022,-2.4080,0.6000,87,57
12214,0.0022,-1.3613,0.6333,87,87
12215,0.0022,-0.5987,0.6667,経路未発見,87
12216,0.0022,-1.3027,0.6333,87,37
12217,0.0022,-0.5653,0.6333,87,63
12218,0.0022,0.1600,0.6667,経路未発見,87
12219,0.0022,-0.6320,0.6333,87,56
12220,0.0022,-0.6320,0.6333,経路未発見,87
12221,0.0022,-1.3733,0.6000,経路未発見,56
12222,0.0022,-2.7867,0.5667,87,577
12223,0.0022,-2.7600,0.5667,87,87
12224,0.0022,-2.7373,0.5667,87,637
12225,0.0022,-2.7373,0.5667,経路未発見,87
12226,0.0022,-3.4907,0.5333,87,48
12227,0.0022,-2.2487,0.5667,87,87
12228,0.0022,-1.0053,0.6000,87,87
12229,0.0022,-0.3480,0.6333,87,88
12230,0.0022,-0.3480,0.6333,89,87
12231,0.0022,0.4333,0.6667,経路未発見,89
12232,0.0022,0.3240,0.6667,経路未発見,150
12233,0.0022,-0.3907,0.6333,経路未発見,55
12234,0.0022,-0.9880,0.6333,87,516
12235,0.0022,-0.4040,0.6333,経路未発見,87
12236,0.0022,0.2893,0.6667,87,96
12237,0.0022,0.3400,0.6667,87,87
12238,0.0022,0.3400,0.6667,経路未発見,87
12239,0.0022,-0.4507,0.6333,経路未発見,53
12240,0.0022,-1.1173,0.6000,経路未発見,38
12241,0.0022,-0.5873,0.6000,87,33
12242,0.0022,-0.5873,0.6000,87,87
12243,0.0022,-0.4727,0.6000,87,73
12244,0.0022,-0.4727,0.6000,経路未発見,87
12245,0.0022,-1.2380,0.5667,経路未発見,55
12246,0.0022,-0.5793,0.6000,経路未発見,102
12247,0.0022,0.0873,0.6333,経路未発見,110
12248,0.0022,-0.6047,0.6000,経路未発見,34
12249,0.0022,-0.6353,0.6000,経路未発見,54
12250,0.0022,-0.6833,0.6000,経路未発見,85
12251,0.0022,0.0580,0.6333,87,87
12252,0.0022,0.7780,0.6333,87,64
12253,0.0022,0.0287,0.6000,経路未発見,67
12254,0.0022,0.3987,0.6000,経路未発見,47
12255,0.0022,-0.3320,0.5667,89,85
12256,0.0022,0.4187,0.6000,87,89
12257,0.0022,0.4187,0.6000,87,87
12258,0.0022,0.3867,0.6000,87,92
12259,0.0022,0.4133,0.6000,経路未発見,87
12260,0.0022,0.3680,0.6000,87,102
12261,0.0022,0.3707,0.6000,87,87
12262,0.0022,0.4800,0.6000,経路未発見,87
12263,0.0022,0.5147,0.6000,経路未発見,52
12264,0.0022,0.2707,0.5667,経路未発見,53
12265,0.0022,0.2253,0.5667,87,83
12266,0.0022,-0.5093,0.5333,経路未発見,47
12267,0.0022,-0.5653,0.5333,87,91
12268,0.0022,-0.5653,0.5333,経路未発見,87
12269,0.0022,0.1827,0.5667,経路未発見,100
12270,0.0022,0.2427,0.5667,経路未発見,33
12271,0.0022,0.0493,0.5667,経路未発見,64
12272,0.0022,-0.7427,0.5333,87,46
12273,0.0022,-0.7160,0.5333,87,80
12274,0.0022,-0.7160,0.5333,経路未発見,87
12275,0.0022,-0.7347,0.5333,経路未発見,50
12276,0.0022,-0.7587,0.5333,87,101
12277,0.0022,-0.7027,0.5333,87,87
12278,0.0022,-0.0107,0.5667,87,87
12279,0.0022,0.8120,0.6000,経路未発見,87
12280,0.0022,0.0760,0.5667,経路未発見,50
12281,0.0022,-0.6133,0.5333,経路未発見,32
12282,0.0022,-0.0027,0.5667,87,96
12283,0.0022,0.7467,0.6000,経路未発見,87
12284,0.0021,0.7960,0.6000,87,57
12285,0.0021,1.5267,0.6333,経路未発見,87
12286,0.0021,0.7680,0.6000,経路未発見,50
12287,0.0021,0.7307,0.6000,経路未発見,96
12288,0.0021,-0.0347,0.5667,87,56
12289,0.0021,-0.0347,0.5667,87,87
12290,0.0021,0.0107,0.5667,経路未発見,87
12291,0.0021,-0.8387,0.5333,経路未発見,55
12292,0.0021,-1.7347,0.5000,経路未発見,153
12293,0.0021,-1.0413,0.5333,87,100
12294,0.0021,-0.9693,0.5333,87,56
12295,0.0021,-0.9240,0.5333,経路未発見,87
12296,0.0021,-0.9160,0.5333,87,52
12297,0.0021,-0.8600,0.5333,87,87
12298,0.0021,-1.6187,0.5000,87,148
12299,0.0021,-1.5760,0.5000,経路未発見,87
12300,0.0021,-0.9053,0.5333,経路未発見,87
12301,0.0021,-0.8147,0.5333,経路未発見,53
12302,0.0021,-0.1000,0.5667,経路未発見,107
12303,0.0021,0.5240,0.6000,経路未発見,93
12304,0.0021,-0.4040,0.5667,経路未発見,78
12305,0.0021,-0.3840,0.5667,87,52
12306,0.0021,-0.3413,0.5667,87,88
12307,0.0021,-0.3413,0.5667,87,87
12308,0.0021,-1.0347,0.5333,経路未発見,33
12309,0.0021,-1.7907,0.5000,経路未発見,50
12310,0.0021,-1.0600,0.5333,経路未発見,89
12311,0.0021,-0.4160,0.5667,経路未発見,102
12312,0.0021,-1.0920,0.5333,87,45
12313,0.0021,-1.0920,0.5333,87,87
12314,0.0021,-0.3720,0.5667,87,89
12315,0.0021,-0.3720,0.5667,経路未発見,87
12316,0.0021,-0.3680,0.5667,経路未発見,49
12317,0.0021,-1.1413,0.5333,経路未発見,70
12318,0.0021,-1.1067,0.5333,経路未発見,74
12319,0.0021,-1.1520,0.5333,87,102
12320,0.0021,-1.1520,0.5333,経路未発見,87
12321,0.0021,-1.1000,0.5333,経路未発見,56
12322,0.0021,-0.9200,0.5333,87,33
12323,0.0021,-0.8773,0.5333,経路未発見,87
12324,0.0021,-0.1507,0.5667,87,100
12325,0.0021,-0.1507,0.5667,経路未発見,87
12326,0.0021,0.5680,0.6000,87,102
12327,0.0021,0.5680,0.6000,87,87
12328,0.0021,1.3267,0.6333,経路未発見,87
12329,0.0021,0.5627,0.6000,87,52
12330,0.0021,0.5627,0.6000,経路未発見,87
12331,0.0021,1.3027,0.6333,経路未発見,91
12332,0.0021,1.3800,0.6333,87,87
12333,0.0021,1.4387,0.6333,経路未発見,87
12334,0.0021,1.5013,0.6333,経路未発見,56
12335,0.0021,1.4720,0.6333,87,55
12336,0.0021,1.4987,0.6333,87,87
12337,0.0021,0.7693,0.6000,87,34
12338,0.0021,1.4627,0.6333,87,87
12339,0.0021,2.2187,0.6667,87,87
12340,0.0021,2.2720,0.6667,87,87
12341,0.0021,2.2480,0.6667,87,101
12342,0.0021,3.0120,0.7000,経路未発見,87
12343,0.0021,2.1693,0.6667,経路未発見,60
12344,0.0021,1.3973,0.6333,87,68
12345,0.0021,1.3973,0.6333,経路未発見,87
12346,0.0021,1.4880,0.6333,87,32
12347,0.0021,2.2987,0.6667,経路未発見,87
12348,0.0021,3.0213,0.7000,87,98
12349,0.0021,3.0667,0.7000,87,87
12350,0.0021,3.0667,0.7000,経路未発見,87
12351,0.0021,3.8213,0.7333,経路未発見,100
12352,0.0021,3.7013,0.7333,87,64
12353,0.0021,3.7013,0.7333,経路未発見,87
12354,0.0021,2.9440,0.7000,経路未発見,62
12355,0.0021,2.8907,0.7000,経路未発見,89
12356,0.0021,2.1707,0.6667,経路未発見,59
12357,0.0021,1.3813,0.6333,87,58
12358,0.0021,1.3813,0.6333,87,87
12359,0.0021,2.1453,0.6667,87,87
12360,0.0021,2.1453,0.6667,87,87
12361,0.0021,2.2013,0.6667,経路未発見,87
12362,0.0021,1.4693,0.6333,経路未発見,51
12363,0.0021,0.6987,0.6000,91,55
12364,0.0021,1.5587,0.6333,経路未発見,91
12365,0.0021,1.5400,0.6333,87,50
12366,0.0021,1.5187,0.6333,経路未発見,103
12367,0.0021,1.1493,0.6333,経路未発見,360
12368,0.0021,1.1493,0.6333,経路未発見,87
12369,0.0021,0.3120,0.6000,経路未発見,56
12370,0.0021,-0.5093,0.5667,経路未発見,55
12371,0.0021,-1.2613,0.5333,87,55
12372,0.0021,-1.2613,0.5333,87,87
12373,0.0021,-0.4187,0.5667,経路未発見,87
12374,0.0021,0.3693,0.6000,87,96
12375,0.0021,0.3693,0.6000,87,87
12376,0.0021,0.3587,0.6000,87,36
12377,0.0021,0.3587,0.6000,87,87
12378,0.0021,0.3987,0.6000,87,87
12379,0.0020,0.3720,0.6000,87,88
12380,0.0020,0.3720,0.6000,87,87
12381,0.0020,0.4147,0.6000,87,87
12382,0.0020,1.2507,0.6333,87,87
12383,0.0020,1.2507,0.6333,経路未発見,87
12384,0.0020,1.2533,0.6333,87,64
12385,0.0020,1.3067,0.6333,87,87
12386,0.0020,2.0720,0.6667,経路未発見,87
12387,0.0020,2.0720,0.6667,87,58
12388,0.0020,1.1773,0.6333,87,189
12389,0.0020,0.5187,0.6000,87,30
12390,0.0020,0.5187,0.6000,87,87
12391,0.0020,0.5187,0.6000,87,87
12392,0.0020,1.2480,0.6333,経路未発見,89
12393,0.0020,1.9760,0.6667,87,100
12394,0.0020,1.9813,0.6667,経路未発見,87
12395,0.0020,2.0253,0.6667,87,46
12396,0.0020,2.0467,0.6667,87,87
12397,0.0020,3.1453,0.7000,87,87
12398,0.0020,2.4427,0.6667,87,41
12399,0.0020,3.2800,0.7000,87,87
12400,0.0020,3.3853,0.7000,87,43
12401,0.0020,4.2067,0.7333,経路未発見,87
12402,0.0020,3.3880,0.7000,経路未発見,53
12403,0.0020,2.5613,0.6667,87,90
12404,0.0020,2.5987,0.6667,経路未発見,87
12405,0.0020,2.5693,0.6667,経路未発見,90
12406,0.0020,3.1960,0.7000,87,87
12407,0.0020,3.1960,0.7000,87,87
12408,0.0020,3.1960,0.7000,87,87
12409,0.0020,3.2227,0.7000,経路未発見,87
12410,0.0020,2.4600,0.6667,87,65
12411,0.0020,1.5733,0.6333,87,104
12412,0.0020,1.5707,0.6333,87,89
12413,0.0020,1.5707,0.6333,87,87
12414,0.0020,2.3680,0.6667,経路未発見,87
12415,0.0020,2.3360,0.6667,87,92
12416,0.0020,2.3360,0.6667,87,87
12417,0.0020,2.4293,0.6667,87,42
12418,0.0020,3.3240,0.7000,経路未発見,87
12419,0.0020,3.2160,0.7000,87,54
12420,0.0020,2.5040,0.6667,経路未発見,54
12421,0.0020,2.4613,0.6667,87,100
12422,0.0020,2.4640,0.6667,87,87
12423,0.0020,2.5067,0.6667,経路未発見,87
12424,0.0020,1.6920,0.6333,経路未発見,52
12425,0.0020,2.4147,0.6667,87,102
12426,0.0020,2.3960,0.6667,87,101
12427,0.0020,2.3960,0.6667,87,87
12428,0.0020,1.8687,0.6667,87,637
12429,0.0020,1.8687,0.6667,87,87
12430,0.0020,2.5847,0.7000,87,87
12431,0.0020,2.5847,0.7000,87,87
12432,0.0020,3.4033,0.7333,経路未発見,87
12433,0.0020,3.5433,0.7333,経路未発見,33
12434,0.0020,2.3667,0.7000,経路未発見,637
12435,0.0020,2.3293,0.7000,87,99
12436,0.0020,2.3800,0.7000,87,87
12437,0.0020,2.3800,0.7000,87,87
12438,0.0020,2.3800,0.7000,87,87
12439,0.0020,2.3800,0.7000,87,87
12440,0.0020,3.1427,0.7333,87,87
12441,0.0020,4.0293,0.7667,87,87
12442,0.0020,4.0320,0.7667,経路未発見,87
12443,0.0020,4.0320,0.7667,経路未発見,87
12444,0.0020,4.0320,0.7667,経路未発見,87
12445,0.0020,3.2787,0.7333,経路未発見,53
12446,0.0020,3.2333,0.7333,87,102
12447,0.0020,3.9293,0.7667,87,87
12448,0.0020,3.9293,0.7667,経路未発見,87
12449,0.0020,4.6453,0.8000,87,87
12450,0.0020,5.3573,0.8333,87,87
12451,0.0020,5.4000,0.8333,87,87
12452,0.0020,4.1900,0.8000,87,637
12453,0.0020,4.1900,0.8000,87,87
12454,0.0020,5.0047,0.8333,87,87
12455,0.0020,5.0500,0.8333,87,87
12456,0.0020,5.0687,0.8333,87,87
12457,0.0020,5.0687,0.8333,87,87
12458,0.0020,6.2987,0.8667,87,87
12459,0.0020,6.2987,0.8667,87,87
12460,0.0020,6.2987,0.8667,87,87
12461,0.0020,6.2987,0.8667,87,87
12462,0.0020,6.2987,0.8667,87,87
12463,0.0020,6.9853,0.9000,87,87
12464,0.0020,8.1620,0.9333,87,87
12465,0.0020,8.2287,0.9333,87,87
12466,0.0020,8.2287,0.9333,87,87
12467,0.0020,8.2287,0.9333,87,87
12468,0.0020,8.2287,0.9333,87,87
12469,0.0020,8.2287,0.9333,87,87
12470,0.0020,8.2287,0.9333,87,87
12471,0.0020,8.2287,0.9333,87,87
12472,0.0020,8.2287,0.9333,87,87
12473,0.0020,8.2287,0.9333,87,87
12474,0.0020,8.2287,0.9333,87,87
12475,0.0020,9.0140,0.9667,87,87
12476,0.0020,9.0593,0.9667,87,87
12477,0.0020,9.0567,0.9667,87,89
12478,0.0020,8.3180,0.9333,87,47
12479,0.0019,8.3687,0.9333,87,87
12480,0.0019,8.3687,0.9333,87,87
12481,0.0019,8.3713,0.9333,87,85
12482,0.0019,9.5813,0.9667,87,87
12483,0.0019,9.5547,0.9667,87,88
12484,0.0019,9.5547,0.9667,87,87
12485,0.0019,9.5547,0.9667,87,87
12486,0.0019,9.5547,0.9667,87,87
12487,0.0019,9.5547,0.9667,87,87
12488,0.0019,9.5547,0.9667,87,87
12489,0.0019,8.4880,0.9333,87,243
12490,0.0019,8.4880,0.9333,87,87
12491,0.0019,7.7827,0.9000,87,36
12492,0.0019,7.7827,0.9000,87,87
12493,0.0019,7.0800,0.8667,87,41
12494,0.0019,6.0027,0.8333,87,344
12495,0.0019,6.0027,0.8333,87,87
12496,0.0019,6.0027,0.8333,87,87
12497,0.0019,6.0027,0.8333,87,87
12498,0.0019,6.0027,0.8333,87,87
12499,0.0019,4.8853,0.8000,87,355
12500,0.0019,4.8853,0.8000,87,87
12501,0.0019,4.8853,0.8000,87,87
12502,0.0019,4.8853,0.8000,87,87
12503,0.0019,4.8827,0.8000,87,89
12504,0.0019,4.8827,0.8000,87,87
12505,0.0019,4.8827,0.8000,87,87
12506,0.0019,4.2640,0.7667,87,80
12507,0.0019,4.2640,0.7667,87,89
12508,0.0019,4.3213,0.7667,87,81
12509,0.0019,4.3213,0.7667,87,87
12510,0.0019,4.3213,0.7667,87,87
12511,0.0019,3.1400,0.7333,87,335
12512,0.0019,3.1400,0.7333,87,87
12513,0.0019,3.1667,0.7333,87,87
12514,0.0019,3.1667,0.7333,87,87
12515,0.0019,3.1667,0.7333,87,87
12516,0.0019,3.1667,0.7333,87,87
12517,0.0019,3.1667,0.7333,87,87
12518,0.0019,3.1667,0.7333,87,87
12519,0.0019,4.2333,0.7667,87,87
12520,0.0019,4.2333,0.7667,経路未発見,87
12521,0.0019,4.8960,0.8000,87,100
12522,0.0019,4.8987,0.8000,87,85
12523,0.0019,5.6013,0.8333,87,87
12524,0.0019,6.6787,0.8667,87,87
12525,0.0019,5.1867,0.8333,87,545
12526,0.0019,5.1867,0.8333,87,87
12527,0.0019,3.7920,0.8000,87,563
12528,0.0019,3.7920,0.8000,87,87
12529,0.0019,4.9093,0.8333,87,87
12530,0.0019,4.9093,0.8333,87,87
12531,0.0019,4.9093,0.8333,87,87
12532,0.0019,4.9093,0.8333,87,87
12533,0.0019,4.2320,0.8000,87,82
12534,0.0019,4.2320,0.8000,87,87
12535,0.0019,4.2320,0.8000,87,87
12536,0.0019,4.8507,0.8333,87,87
12537,0.0019,4.8533,0.8333,87,87
12538,0.0019,5.5347,0.8667,87,87
12539,0.0019,5.5347,0.8667,87,87
12540,0.0019,5.5347,0.8667,87,87
12541,0.0019,6.7133,0.9000,87,87
12542,0.0019,6.7133,0.9000,87,87
12543,0.0019,6.7133,0.9000,87,87
12544,0.0019,6.7133,0.9000,87,87
12545,0.0019,6.7080,0.9000,87,91
12546,0.0019,6.7080,0.9000,87,87
12547,0.0019,6.7000,0.9000,87,93
12548,0.0019,6.7000,0.9000,87,87
12549,0.0019,6.0000,0.8667,87,84
12550,0.0019,6.0000,0.8667,87,87
12551,0.0019,6.0427,0.8667,87,87
12552,0.0019,6.0400,0.8667,87,87
12553,0.0019,6.0400,0.8667,87,87
12554,0.0019,6.0400,0.8667,87,87
12555,0.0019,7.5320,0.9000,87,87
12556,0.0019,6.5547,0.8667,87,178
12557,0.0019,7.9493,0.9000,87,87
12558,0.0019,7.9493,0.9000,87,87
12559,0.0019,7.9493,0.9000,87,87
12560,0.0019,7.2720,0.9000,87,576
12561,0.0019,7.2720,0.9000,87,87
12562,0.0019,7.2720,0.9000,87,87
12563,0.0019,7.9520,0.9333,87,87
12564,0.0019,7.9520,0.9333,87,87
12565,0.0019,7.9520,0.9333,87,87
12566,0.0019,7.8960,0.9333,87,91
12567,0.0019,7.8960,0.9333,87,87
12568,0.0019,7.1893,0.9000,87,85
12569,0.0019,7.1893,0.9000,87,87
12570,0.0019,7.1893,0.9000,87,87
12571,0.0019,7.1893,0.9000,87,87
12572,0.0019,7.1893,0.9000,87,87
12573,0.0019,7.1893,0.9000,87,87
12574,0.0019,6.3120,0.8667,87,214
12575,0.0019,6.3173,0.8667,87,87
12576,0.0019,6.3147,0.8667,87,89
12577,0.0019,6.3227,0.8667,87,87
12578,0.0019,6.3227,0.8667,87,87
12579,0.0019,7.0227,0.9000,87,87
12580,0.0019,7.0227,0.9000,87,87
12581,0.0019,7.0227,0.9000,87,87
12582,0.0019,7.0227,0.9000,87,87
12583,0.0019,7.0013,0.9000,87,84
12584,0.0018,5.8233,0.8667,87,637
12585,0.0018,5.8233,0.8667,87,87
12586,0.0018,6.0780,0.8667,87,43
12587,0.0018,6.0780,0.8667,87,87
12588,0.0018,5.3793,0.8333,87,64
12589,0.0018,5.3793,0.8333,87,87
12590,0.0018,6.0567,0.8333,87,87
12591,0.0018,6.0567,0.8333,87,87
12592,0.0018,6.0567,0.8333,87,87
12593,0.0018,6.0567,0.8333,87,87
12594,0.0018,6.0567,0.8333,87,87
12595,0.0018,6.0567,0.8333,87,87
12596,0.0018,5.3593,0.8000,87,80
12597,0.0018,5.3593,0.8000,87,87
12598,0.0018,6.0660,0.8333,87,87
12599,0.0018,6.0660,0.8333,87,87
12600,0.0018,6.0660,0.8333,87,87
12601,0.0018,6.0660,0.8333,87,87
12602,0.0018,6.0660,0.8333,87,87
12603,0.0018,6.0660,0.8333,87,87
12604,0.0018,6.9433,0.8667,87,87
12605,0.0018,6.9433,0.8667,87,87
12606,0.0018,6.9460,0.8667,87,87
12607,0.0018,6.9460,0.8667,87,87
12608,0.0018,6.9460,0.8667,87,87
12609,0.0018,6.9460,0.8667,87,87
12610,0.0018,6.9460,0.8667,87,87
12611,0.0018,6.8873,0.8667,87,93
12612,0.0018,6.8873,0.8667,87,87
12613,0.0018,6.9087,0.8667,87,87
12614,0.0018,8.0867,0.9000,87,87
12615,0.0018,8.0867,0.9000,87,87
12616,0.0018,8.8093,0.9333,87,87
12617,0.0018,8.8093,0.9333,87,87
12618,0.0018,9.5080,0.9667,87,87
12619,0.0018,9.5080,0.9667,87,87
12620,0.0018,9.5080,0.9667,87,87
12621,0.0018,9.5080,0.9667,87,87
12622,0.0018,8.2373,0.9333,87,453
12623,0.0018,8.2347,0.9333,87,89
12624,0.0018,8.2347,0.9333,87,87
12625,0.0018,8.2347,0.9333,87,87
12626,0.0018,8.9880,0.9667,87,87
12627,0.0018,8.9880,0.9667,87,87
12628,0.0018,8.9880,0.9667,87,87
12629,0.0018,8.9880,0.9667,87,87
12630,0.0018,7.4320,0.9333,87,616
12631,0.0018,7.4320,0.9333,87,87
12632,0.0018,7.4320,0.9333,87,87
12633,0.0018,7.4320,0.9333,87,87
12634,0.0018,7.4320,0.9333,87,87
12635,0.0018,7.4320,0.9333,87,87
12636,0.0018,7.4320,0.9333,87,87
12637,0.0018,7.4320,0.9333,87,87
12638,0.0018,7.4320,0.9333,87,87
12639,0.0018,7.4320,0.9333,87,87
12640,0.0018,7.4320,0.9333,87,87
12641,0.0018,7.4453,0.9333,87,102
12642,0.0018,7.4453,0.9333,87,87
12643,0.0018,6.5960,0.9000,87,148
12644,0.0018,6.5960,0.9000,87,87
12645,0.0018,6.6360,0.9000,87,57
12646,0.0018,6.6360,0.9000,87,87
12647,0.0018,6.6360,0.9000,87,87
12648,0.0018,6.6360,0.9000,87,87
12649,0.0018,6.6360,0.9000,87,87
12650,0.0018,6.6360,0.9000,87,87
12651,0.0018,6.6360,0.9000,87,87
12652,0.0018,7.9067,0.9333,87,87
12653,0.0018,7.9093,0.9333,87,87
12654,0.0018,7.9093,0.9333,87,87
12655,0.0018,7.9093,0.9333,87,87
12656,0.0018,7.9093,0.9333,87,87
12657,0.0018,7.9093,0.9333,87,87
12658,0.0018,7.9093,0.9333,87,87
12659,0.0018,7.9093,0.9333,87,87
12660,0.0018,9.4653,0.9667,87,87
12661,0.0018,9.4653,0.9667,87,87
12662,0.0018,9.4387,0.9667,87,88
12663,0.0018,8.4853,0.9333,87,214
12664,0.0018,8.4853,0.9333,87,87
12665,0.0018,8.4853,0.9333,87,87
12666,0.0018,8.4853,0.9333,87,87
12667,0.0018,8.4853,0.9333,87,87
12668,0.0018,8.4853,0.9333,87,87
12669,0.0018,8.4880,0.9333,87,85
12670,0.0018,8.4107,0.9333,87,145
12671,0.0018,8.4560,0.9333,87,87
12672,0.0018,8.4560,0.9333,87,87
12673,0.0018,9.3053,0.9667,87,87
12674,0.0018,9.3053,0.9667,87,87
12675,0.0018,8.4893,0.9333,87,103
12676,0.0018,8.4893,0.9333,87,87
12677,0.0018,8.4893,0.9333,87,87
12678,0.0018,8.4893,0.9333,87,87
12679,0.0018,8.4893,0.9333,87,87
12680,0.0018,8.4893,0.9333,87,87
12681,0.0018,8.4893,0.9333,87,87
12682,0.0018,8.4893,0.9333,87,87
12683,0.0018,8.4893,0.9333,87,87
12684,0.0018,7.8947,0.9333,87,324
12685,0.0018,7.8680,0.9333,87,88
12686,0.0018,7.8680,0.9333,87,87
12687,0.0018,7.2187,0.9000,87,45
12688,0.0018,7.2187,0.9000,87,87
12689,0.0018,7.2187,0.9000,87,87
12690,0.0018,7.2187,0.9000,87,87
12691,0.0018,7.2187,0.9000,87,87
12692,0.0018,7.2453,0.9000,87,87
12693,0.0018,8.1987,0.9333,87,87
12694,0.0018,8.1987,0.9333,87,87
12695,0.0018,8.1987,0.9333,87,87
12696,0.0017,8.1987,0.9333,87,87
12697,0.0017,8.1987,0.9333,87,87
12698,0.0017,7.4920,0.9000,87,58
12699,0.0017,7.4893,0.9000,87,87
12700,0.0017,7.5667,0.9000,87,87
12701,0.0017,7.5853,0.9000,87,54
12702,0.0017,7.5853,0.9000,87,87
12703,0.0017,7.5853,0.9000,87,87
12704,0.0017,7.5853,0.9000,87,87
12705,0.0017,8.3613,0.9333,87,87
12706,0.0017,8.3613,0.9333,87,87
12707,0.0017,8.3613,0.9333,87,87
12708,0.0017,8.3613,0.9333,87,87
12709,0.0017,8.3613,0.9333,87,87
12710,0.0017,8.3613,0.9333,87,87
12711,0.0017,8.3613,0.9333,87,87
12712,0.0017,8.3587,0.9333,87,89
12713,0.0017,8.3587,0.9333,87,87
12714,0.0017,7.6833,0.9000,87,637
12715,0.0017,7.7100,0.9000,87,87
12716,0.0017,7.7100,0.9000,87,87
12717,0.0017,8.3593,0.9333,87,87
12718,0.0017,8.3593,0.9333,87,87
12719,0.0017,8.3593,0.9333,87,87
12720,0.0017,8.3593,0.9333,87,87
12721,0.0017,8.3593,0.9333,87,87
12722,0.0017,8.3593,0.9333,87,87
12723,0.0017,8.3593,0.9333,87,87
12724,0.0017,7.6620,0.9000,87,65
12725,0.0017,6.4013,0.8667,87,637
12726,0.0017,6.4013,0.8667,87,87
12727,0.0017,6.4013,0.8667,87,87
12728,0.0017,7.1080,0.9000,87,87
12729,0.0017,5.9613,0.8667,87,307
12730,0.0017,5.2880,0.8333,87,87
12731,0.0017,5.2427,0.8333,87,88
12732,0.0017,5.2427,0.8333,87,87
12733,0.0017,5.2427,0.8333,87,87
12734,0.0017,5.2427,0.8333,87,87
12735,0.0017,5.2427,0.8333,87,87
12736,0.0017,5.2427,0.8333,87,87
12737,0.0017,5.2427,0.8333,87,87
12738,0.0017,5.2427,0.8333,87,87
12739,0.0017,5.2427,0.8333,87,87
12740,0.0017,4.0327,0.8000,87,637
12741,0.0017,4.0327,0.8000,87,87
12742,0.0017,4.0353,0.8000,87,87
12743,0.0017,4.0353,0.8000,87,87
12744,0.0017,5.3053,0.8333,87,87
12745,0.0017,5.3053,0.8333,87,87
12746,0.0017,5.3053,0.8333,87,87
12747,0.0017,4.5667,0.8000,87,47
12748,0.0017,4.5667,0.8000,87,87
12749,0.0017,3.3087,0.7667,87,637
12750,0.0017,3.3087,0.7667,87,87
12751,0.0017,3.3087,0.7667,87,87
12752,0.0017,3.3087,0.7667,87,87
12753,0.0017,3.3087,0.7667,87,87
12754,0.0017,4.0060,0.8000,87,87
12755,0.0017,4.5880,0.8000,87,83
12756,0.0017,4.5880,0.8000,87,87
12757,0.0017,4.5880,0.8000,87,87
12758,0.0017,3.8693,0.7667,87,73
12759,0.0017,4.3040,0.7667,87,93
12760,0.0017,4.2733,0.7667,87,60
12761,0.0017,4.2973,0.7667,87,89
12762,0.0017,4.3000,0.7667,87,85
12763,0.0017,4.3000,0.7667,87,87
12764,0.0017,4.3027,0.7667,87,85
12765,0.0017,3.0927,0.7333,87,637
12766,0.0017,3.0927,0.7333,87,87
12767,0.0017,3.0927,0.7333,87,87
12768,0.0017,3.0927,0.7333,87,87
12769,0.0017,3.0927,0.7333,87,87
12770,0.0017,3.0440,0.7333,87,442
12771,0.0017,3.0440,0.7333,87,87
12772,0.0017,3.0440,0.7333,87,87
12773,0.0017,3.0440,0.7333,87,87
12774,0.0017,2.9373,0.7333,87,110
12775,0.0017,2.9373,0.7333,87,87
12776,0.0017,2.9373,0.7333,87,87
12777,0.0017,3.6760,0.7667,87,87
12778,0.0017,3.6760,0.7667,87,87
12779,0.0017,4.9340,0.8000,87,87
12780,0.0017,4.9340,0.8000,87,87
12781,0.0017,3.9407,0.7667,87,127
12782,0.0017,3.2047,0.7333,87,69
12783,0.0017,3.2047,0.7333,87,87
12784,0.0017,3.2047,0.7333,87,87
12785,0.0017,3.8833,0.7667,87,87
12786,0.0017,2.6713,0.7333,87,354
12787,0.0017,2.6713,0.7333,87,87
12788,0.0017,3.3900,0.7667,87,87
12789,0.0017,4.0887,0.8000,87,97
12790,0.0017,4.7927,0.8333,87,87
12791,0.0017,4.7953,0.8333,87,87
12792,0.0017,4.6460,0.8333,87,121
12793,0.0017,4.6460,0.8333,87,87
12794,0.0017,4.6433,0.8333,87,87
12795,0.0017,5.8533,0.8667,87,87
12796,0.0017,5.1400,0.8333,87,70
12797,0.0017,5.1400,0.8333,87,87
12798,0.0017,5.1400,0.8333,87,87
12799,0.0017,5.1400,0.8333,87,87
12800,0.0017,6.3987,0.8667,87,87
12801,0.0017,6.3987,0.8667,87,87
12802,0.0017,6.4307,0.8667,87,63
12803,0.0017,6.4307,0.8667,87,87
12804,0.0017,5.8053,0.8333,87,40
12805,0.0017,5.1160,0.8000,87,32
12806,0.0017,5.1160,0.8000,87,87
12807,0.0017,5.1160,0.8000,87,87
12808,0.0017,5.1160,0.8000,87,87
12809,0.0017,5.1160,0.8000,87,87
12810,0.0017,5.1160,0.8000,87,87
12811,0.0017,6.1093,0.8333,87,87
12812,0.0017,6.8453,0.8667,87,87
12813,0.0016,6.8453,0.8667,87,87
12814,0.0016,6.8453,0.8667,87,87
12815,0.0016,6.1440,0.8333,87,62
12816,0.0016,7.3613,0.8667,87,83
12817,0.0016,7.3613,0.8667,87,87
12818,0.0016,7.3613,0.8667,87,87
12819,0.0016,7.3747,0.8667,87,87
12820,0.0016,7.3560,0.8667,87,82
12821,0.0016,7.3560,0.8667,87,87
12822,0.0016,7.5027,0.8667,87,87
12823,0.0016,7.5027,0.8667,87,87
12824,0.0016,7.5027,0.8667,87,87
12825,0.0016,7.5027,0.8667,87,87
12826,0.0016,8.2160,0.9000,87,87
12827,0.0016,8.2160,0.9000,87,87
12828,0.0016,7.5267,0.8667,87,71
12829,0.0016,7.5267,0.8667,87,87
12830,0.0016,7.5267,0.8667,87,87
12831,0.0016,7.5267,0.8667,87,87
12832,0.0016,7.4947,0.8667,87,87
12833,0.0016,7.4947,0.8667,87,87
12834,0.0016,7.0167,0.8667,87,637
12835,0.0016,7.7060,0.9000,87,87
12836,0.0016,6.8727,0.8667,87,70
12837,0.0016,6.8727,0.8667,87,87
12838,0.0016,6.1527,0.8333,経路未発見,44
12839,0.0016,6.0967,0.8333,87,91
12840,0.0016,6.0967,0.8333,87,87
12841,0.0016,4.8867,0.8000,87,637
12842,0.0016,3.3373,0.7667,87,622
12843,0.0016,3.3373,0.7667,87,87
12844,0.0016,3.3373,0.7667,87,87
12845,0.0016,4.0387,0.8000,87,87
12846,0.0016,4.0333,0.8000,87,87
12847,0.0016,4.0333,0.8000,87,87
12848,0.0016,4.0333,0.8000,87,87
12849,0.0016,2.7793,0.7667,87,637
12850,0.0016,2.7980,0.7667,87,87
12851,0.0016,2.7980,0.7667,87,87
12852,0.0016,2.7980,0.7667,87,87
12853,0.0016,2.7980,0.7667,87,87
12854,0.0016,2.7980,0.7667,87,87
12855,0.0016,2.7980,0.7667,87,87
12856,0.0016,2.7980,0.7667,87,87
12857,0.0016,2.7980,0.7667,87,87
12858,0.0016,3.4873,0.8000,87,87
12859,0.0016,3.4873,0.8000,87,87
12860,0.0016,3.4847,0.8000,87,89
12861,0.0016,3.4847,0.8000,87,87
12862,0.0016,3.4847,0.8000,87,87
12863,0.0016,3.4847,0.8000,87,87
12864,0.0016,3.8360,0.8000,87,104
12865,0.0016,3.8360,0.8000,87,87
12866,0.0016,4.6693,0.8333,87,87
12867,0.0016,4.6693,0.8333,87,87
12868,0.0016,5.3893,0.8667,87,87
12869,0.0016,5.4453,0.8667,87,87
12870,0.0016,5.4187,0.8667,87,88
12871,0.0016,6.6287,0.9000,87,87
12872,0.0016,8.1780,0.9333,87,87
12873,0.0016,8.1780,0.9333,87,87
12874,0.0016,8.1780,0.9333,87,87
12875,0.0016,8.1780,0.9333,87,87
12876,0.0016,7.4700,0.9000,87,49
12877,0.0016,7.4700,0.9000,87,87
12878,0.0016,6.6180,0.8667,87,80
12879,0.0016,7.8720,0.9000,87,87
12880,0.0016,7.8720,0.9000,87,87
12881,0.0016,7.8720,0.9000,87,87
12882,0.0016,7.8720,0.9000,87,87
12883,0.0016,7.8720,0.9000,87,87
12884,0.0016,7.8693,0.9000,87,89
12885,0.0016,7.8693,0.9000,87,87
12886,0.0016,7.8693,0.9000,87,87
12887,0.0016,7.8693,0.9000,87,87
12888,0.0016,6.9120,0.8667,87,142
12889,0.0016,6.9120,0.8667,87,87
12890,0.0016,6.9147,0.8667,87,87
12891,0.0016,6.9147,0.8667,87,87
12892,0.0016,5.9880,0.8333,87,214
12893,0.0016,5.9880,0.8333,87,87
12894,0.0016,6.8467,0.8667,87,87
12895,0.0016,6.8467,0.8667,87,87
12896,0.0016,6.8467,0.8667,87,87
12897,0.0016,6.8467,0.8667,87,87
12898,0.0016,6.8467,0.8667,87,87
12899,0.0016,6.8467,0.8667,87,87
12900,0.0016,6.8733,0.8667,87,87
12901,0.0016,6.8173,0.8667,87,91
12902,0.0016,6.8173,0.8667,87,87
12903,0.0016,6.8173,0.8667,87,87
12904,0.0016,6.1053,0.8333,87,71
12905,0.0016,6.1053,0.8333,87,87
12906,0.0016,6.8133,0.8667,87,87
12907,0.0016,6.8133,0.8667,87,87
12908,0.0016,7.6653,0.9000,87,87
12909,0.0016,7.6653,0.9000,87,87
12910,0.0016,7.6653,0.9000,87,87
12911,0.0016,7.6653,0.9000,87,87
12912,0.0016,7.6653,0.9000,87,87
12913,0.0016,7.6653,0.9000,87,87
12914,0.0016,7.6680,0.9000,87,87
12915,0.0016,6.8507,0.8667,87,54
12916,0.0016,6.8507,0.8667,87,87
12917,0.0016,6.8507,0.8667,87,87
12918,0.0016,7.8080,0.9000,87,87
12919,0.0016,7.8080,0.9000,87,87
12920,0.0016,7.8080,0.9000,87,87
12921,0.0016,7.8080,0.9000,87,87
12922,0.0016,8.7347,0.9333,87,87
12923,0.0016,8.7347,0.9333,87,87
12924,0.0016,8.7347,0.9333,87,87
12925,0.0016,8.7347,0.9333,87,87
12926,0.0016,8.7373,0.9333,87,85
12927,0.0016,8.7373,0.9333,87,87
12928,0.0016,8.7373,0.9333,87,87
12929,0.0016,8.7373,0.9333,87,87
12930,0.0016,8.7373,0.9333,87,87
12931,0.0016,8.7933,0.9333,87,87
12932,0.0016,8.7933,0.9333,87,87
12933,0.0016,8.7933,0.9333,87,87
12934,0.0016,9.5053,0.9667,87,87
12935,0.0016,9.5027,0.9667,87,89
12936,0.0016,9.5027,0.9667,87,87
12937,0.0016,9.5027,0.9667,87,87
12938,0.0015,9.5000,0.9667,87,89
12939,0.0015,8.2913,0.9333,87,637
12940,0.0015,8.2647,0.9333,87,88
12941,0.0015,8.2380,0.9333,87,88
12942,0.0015,8.2780,0.9333,87,57
12943,0.0015,8.2780,0.9333,87,87
12944,0.0015,8.2780,0.9333,87,87
12945,0.0015,9.0953,0.9667,87,87
12946,0.0015,9.0953,0.9667,87,87
12947,0.0015,9.0953,0.9667,87,87
12948,0.0015,9.0953,0.9667,87,87
12949,0.0015,9.0953,0.9667,87,87
12950,0.0015,9.0953,0.9667,87,87
12951,0.0015,9.0953,0.9667,87,87
12952,0.0015,9.0953,0.9667,87,87
12953,0.0015,8.4220,0.9333,87,35
12954,0.0015,8.4220,0.9333,87,87
12955,0.0015,8.4220,0.9333,87,87
12956,0.0015,8.4193,0.9333,87,87
12957,0.0015,8.4193,0.9333,87,87
12958,0.0015,8.4193,0.9333,87,87
12959,0.0015,8.4193,0.9333,87,87
12960,0.0015,8.4193,0.9333,87,87
12961,0.0015,8.4193,0.9333,87,87
12962,0.0015,8.4193,0.9333,87,87
12963,0.0015,8.4193,0.9333,87,87
12964,0.0015,8.4193,0.9333,87,87
12965,0.0015,8.4220,0.9333,87,87
12966,0.0015,8.4220,0.9333,87,87
12967,0.0015,8.4220,0.9333,87,87
12968,0.0015,8.4247,0.9333,87,87
12969,0.0015,8.9507,0.9333,87,80
12970,0.0015,8.9773,0.9333,87,87
12971,0.0015,9.0040,0.9333,87,87
12972,0.0015,8.9640,0.9333,87,87
12973,0.0015,8.9640,0.9333,87,87
12974,0.0015,8.9640,0.9333,87,87
12975,0.0015,8.9640,0.9333,87,87
12976,0.0015,8.9640,0.9333,87,87
12977,0.0015,8.9640,0.9333,87,87
12978,0.0015,8.9133,0.9333,87,106
12979,0.0015,8.9133,0.9333,87,87
12980,0.0015,8.9133,0.9333,87,87
12981,0.0015,8.9133,0.9333,87,87
12982,0.0015,8.9133,0.9333,87,87
12983,0.0015,9.5867,0.9667,87,87
12984,0.0015,8.9013,0.9333,87,31
12985,0.0015,8.9013,0.9333,87,87
12986,0.0015,8.9013,0.9333,87,87
12987,0.0015,8.0693,0.9000,87,48
12988,0.0015,8.0693,0.9000,87,87
12989,0.0015,7.2827,0.8667,87,52
12990,0.0015,7.2827,0.8667,87,87
12991,0.0015,7.2827,0.8667,87,87
12992,0.0015,7.2827,0.8667,87,87
12993,0.0015,7.2827,0.8667,87,87
12994,0.0015,7.2827,0.8667,87,87
12995,0.0015,7.2827,0.8667,87,87
12996,0.0015,7.2827,0.8667,87,87
12997,0.0015,6.5973,0.8333,87,78
12998,0.0015,6.5973,0.8333,87,87
12999,0.0015,7.2800,0.8667,87,87
13000,0.0015,7.2800,0.8667,87,87
13001,0.0015,7.2800,0.8667,87,87
13002,0.0015,7.2587,0.8667,87,84
13003,0.0015,7.2587,0.8667,87,87
13004,0.0015,7.2587,0.8667,経路未発見,87
13005,0.0015,7.2053,0.8667,87,89
13006,0.0015,7.2053,0.8667,87,87
13007,0.0015,7.2053,0.8667,87,87
13008,0.0015,6.1440,0.8333,87,332
13009,0.0015,6.1440,0.8333,87,87
13010,0.0015,6.1440,0.8333,87,87
13011,0.0015,6.1440,0.8333,87,87
13012,0.0015,6.1440,0.8333,87,87
13013,0.0015,6.1440,0.8333,87,87
13014,0.0015,6.8293,0.8667,87,87
13015,0.0015,6.8293,0.8667,87,87
13016,0.0015,6.8293,0.8667,87,87
13017,0.0015,7.6613,0.9000,87,87
13018,0.0015,7.6613,0.9000,87,87
13019,0.0015,8.4480,0.9333,87,87
13020,0.0015,8.4480,0.9333,87,87
13021,0.0015,8.4480,0.9333,87,87
13022,0.0015,8.4480,0.9333,87,87
13023,0.0015,8.4480,0.9333,87,87
13024,0.0015,8.4480,0.9333,87,87
13025,0.0015,8.4480,0.9333,87,87
13026,0.0015,8.4480,0.9333,87,87
13027,0.0015,9.1333,0.9667,87,87
13028,0.0015,8.3480,0.9333,87,53
13029,0.0015,8.3480,0.9333,87,87
13030,0.0015,8.3480,0.9333,87,87
13031,0.0015,8.3480,0.9333,87,87
13032,0.0015,8.3667,0.9333,経路未発見,89
13033,0.0015,8.3240,0.9333,87,100
13034,0.0015,8.3240,0.9333,87,87
13035,0.0015,8.3773,0.9333,87,87
13036,0.0015,8.3773,0.9333,87,87
13037,0.0015,8.3773,0.9333,87,87
13038,0.0015,9.4893,0.9667,87,87
13039,0.0015,9.4893,0.9667,87,87
13040,0.0015,9.4893,0.9667,87,87
13041,0.0015,9.4893,0.9667,87,87
13042,0.0015,9.4893,0.9667,経路未発見,87
13043,0.0015,8.3507,0.9333,87,371
13044,0.0015,8.3507,0.9333,87,87
13045,0.0015,8.3507,0.9333,87,87
13046,0.0015,8.3480,0.9333,87,89
13047,0.0015,8.3480,0.9333,87,87
13048,0.0015,8.3480,0.9333,87,87
13049,0.0015,8.3480,0.9333,87,87
13050,0.0015,8.3480,0.9333,87,87
13051,0.0015,8.3480,0.9333,87,87
13052,0.0015,8.3480,0.9333,87,87
13053,0.0015,8.3480,0.9333,87,87
13054,0.0015,8.3480,0.9333,87,87
13055,0.0015,8.3480,0.9333,87,87
13056,0.0015,8.3480,0.9333,87,87
13057,0.0015,7.4307,0.9000,87,110
13058,0.0015,8.2160,0.9333,87,87
13059,0.0015,8.2160,0.9333,87,87
13060,0.0015,7.5040,0.9000,87,71
13061,0.0015,6.7133,0.8667,87,73
13062,0.0015,6.7160,0.8667,87,87
13063,0.0015,6.7587,0.8667,87,87
13064,0.0015,6.7587,0.8667,87,87
13065,0.0015,6.7587,0.8667,87,87
13066,0.0015,6.7587,0.8667,87,87
13067,0.0015,6.7587,0.8667,87,87
13068,0.0015,6.7587,0.8667,87,87
13069,0.0015,6.7587,0.8667,87,87
13070,0.0015,6.0373,0.8333,87,40
13071,0.0015,6.0373,0.8333,87,87
13072,0.0014,6.0373,0.8333,87,87
13073,0.0014,7.1760,0.8667,87,87
13074,0.0014,7.1760,0.8667,87,87
13075,0.0014,7.1760,0.8667,87,87
13076,0.0014,7.1787,0.8667,87,87
13077,0.0014,7.1787,0.8667,87,87
13078,0.0014,7.1787,0.8667,87,87
13079,0.0014,7.1787,0.8667,87,87
13080,0.0014,7.1787,0.8667,87,87
13081,0.0014,7.1787,0.8667,87,87
13082,0.0014,6.4773,0.8333,87,83
13083,0.0014,5.4347,0.8000,87,290
13084,0.0014,5.4347,0.8000,87,87
13085,0.0014,5.4347,0.8000,87,87
13086,0.0014,4.6867,0.7667,87,56
13087,0.0014,5.6040,0.8000,87,87
13088,0.0014,5.6040,0.8000,87,87
13089,0.0014,5.6040,0.8000,87,87
13090,0.0014,6.3160,0.8333,87,87
13091,0.0014,7.1067,0.8667,87,87
13092,0.0014,7.1067,0.8667,87,87
13093,0.0014,5.8967,0.8333,87,637
13094,0.0014,5.8967,0.8333,87,87
13095,0.0014,5.8967,0.8333,87,87
13096,0.0014,4.9913,0.8000,87,143
13097,0.0014,4.9913,0.8000,87,87
13098,0.0014,4.9647,0.8000,87,88
13099,0.0014,4.9647,0.8000,87,87
13100,0.0014,4.5027,0.8000,87,637
13101,0.0014,4.5027,0.8000,87,87
13102,0.0014,4.5027,0.8000,87,87
13103,0.0014,4.5027,0.8000,87,87
13104,0.0014,4.5027,0.8000,87,87
13105,0.0014,4.4787,0.8000,87,86
13106,0.0014,4.4787,0.8000,87,87
13107,0.0014,4.4787,0.8000,87,87
13108,0.0014,3.7653,0.7667,87,53
13109,0.0014,3.7653,0.7667,87,87
13110,0.0014,3.7653,0.7667,87,87
13111,0.0014,3.7653,0.7667,87,87
13112,0.0014,4.4667,0.8000,87,87
13113,0.0014,5.5093,0.8333,87,87
13114,0.0014,5.5093,0.8333,87,87
13115,0.0014,5.5093,0.8333,87,87
13116,0.0014,4.9293,0.8333,87,481
13117,0.0014,4.9293,0.8333,87,87
13118,0.0014,4.9293,0.8333,87,87
13119,0.0014,4.9293,0.8333,87,87
13120,0.0014,4.9293,0.8333,87,87
13121,0.0014,4.9293,0.8333,87,87
13122,0.0014,4.9293,0.8333,87,87
13123,0.0014,6.1393,0.8667,87,87
13124,0.0014,6.1393,0.8667,87,87
13125,0.0014,6.1393,0.8667,87,87
13126,0.0014,6.3473,0.8667,87,34
13127,0.0014,6.3473,0.8667,87,87
13128,0.0014,6.3740,0.8667,87,87
13129,0.0014,6.3740,0.8667,87,87
13130,0.0014,7.5573,0.9000,87,87
13131,0.0014,7.5573,0.9000,87,87
13132,0.0014,7.5573,0.9000,87,87
13133,0.0014,7.5573,0.9000,87,87
13134,0.0014,7.5573,0.9000,87,87
13135,0.0014,7.5813,0.9000,87,87
13136,0.0014,7.5813,0.9000,87,87
13137,0.0014,7.5813,0.9000,87,87
13138,0.0014,7.5760,0.9000,87,49
13139,0.0014,7.5760,0.9000,87,87
13140,0.0014,7.5760,0.9000,87,87
13141,0.0014,7.5760,0.9000,87,87
13142,0.0014,7.5760,0.9000,87,87
13143,0.0014,7.5760,0.9000,87,87
13144,0.0014,7.5760,0.9000,87,87
13145,0.0014,6.8667,0.8667,87,37
13146,0.0014,8.1947,0.9000,87,87
13147,0.0014,8.1947,0.9000,87,87
13148,0.0014,8.1947,0.9000,87,87
13149,0.0014,8.1947,0.9000,87,87
13150,0.0014,7.0073,0.8667,87,637
13151,0.0014,7.0073,0.8667,87,87
13152,0.0014,7.0073,0.8667,87,87
13153,0.0014,7.0073,0.8667,87,87
13154,0.0014,7.0073,0.8667,87,87
13155,0.0014,7.0073,0.8667,87,87
13156,0.0014,7.7047,0.9000,87,87
13157,0.0014,7.7047,0.9000,87,87
13158,0.0014,7.7047,0.9000,87,87
13159,0.0014,7.7047,0.9000,87,87
13160,0.0014,7.6513,0.9000,87,108
13161,0.0014,7.6513,0.9000,87,87
13162,0.0014,7.6513,0.9000,87,87
13163,0.0014,6.9393,0.8667,87,71
13164,0.0014,6.9393,0.8667,87,87
13165,0.0014,6.9393,0.8667,87,87
13166,0.0014,6.9393,0.8667,87,87
13167,0.0014,6.9393,0.8667,87,87
13168,0.0014,7.2740,0.9000,87,356
13169,0.0014,7.2740,0.9000,87,87
13170,0.0014,7.2740,0.9000,87,87
13171,0.0014,7.2740,0.9000,87,87
13172,0.0014,7.2740,0.9000,87,87
13173,0.0014,7.2740,0.9000,87,87
13174,0.0014,7.2740,0.9000,87,87
13175,0.0014,7.2247,0.9000,87,41
13176,0.0014,7.2247,0.9000,87,87
13177,0.0014,7.2247,0.9000,87,87
13178,0.0014,7.2247,0.9000,87,87
13179,0.0014,7.2247,0.9000,87,87
13180,0.0014,8.4120,0.9333,87,87
13181,0.0014,7.3920,0.9000,87,280
13182,0.0014,7.3920,0.9000,87,87
13183,0.0014,7.3920,0.9000,87,87
13184,0.0014,7.3920,0.9000,87,87
13185,0.0014,7.3920,0.9000,87,87
13186,0.0014,7.3920,0.9000,87,87
13187,0.0014,7.3920,0.9000,87,87
13188,0.0014,7.3920,0.9000,87,87
13189,0.0014,7.3920,0.9000,87,87
13190,0.0014,7.4187,0.9000,87,88
13191,0.0014,7.4187,0.9000,87,87
13192,0.0014,7.4187,0.9000,87,87
13193,0.0014,8.1307,0.9333,87,87
13194,0.0014,8.1307,0.9333,87,87
13195,0.0014,8.1307,0.9333,87,87
13196,0.0014,8.1307,0.9333,87,87
13197,0.0014,8.1307,0.9333,87,87
13198,0.0014,8.5147,0.9333,87,87
13199,0.0014,8.5147,0.9333,87,87
13200,0.0014,8.5147,0.9333,87,87
13201,0.0014,7.7560,0.9000,87,41
13202,0.0014,7.7560,0.9000,87,87
13203,0.0014,7.7560,0.9000,87,87
13204,0.0014,7.7560,0.9000,87,87
13205,0.0014,8.5147,0.9333,87,87
13206,0.0014,8.5147,0.9333,87,87
13207,0.0014,8.5147,0.9333,87,87
13208,0.0014,8.4560,0.9333,87,112
13209,0.0014,7.5133,0.9000,87,229
13210,0.0014,7.5133,0.9000,87,87
13211,0.0014,8.5333,0.9333,87,87
13212,0.0014,8.5333,0.9333,87,87
13213,0.0014,8.5333,0.9333,87,87
13214,0.0013,8.5333,0.9333,87,87
13215,0.0013,8.5333,0.9333,87,87
13216,0.0013,8.5333,0.9333,87,87
13217,0.0013,8.5333,0.9333,87,87
13218,0.0013,8.5333,0.9333,87,87
13219,0.0013,8.5333,0.9333,87,87
13220,0.0013,7.8827,0.9000,87,84
13221,0.0013,7.8827,0.9000,87,87
13222,0.0013,7.8827,0.9000,87,87
13223,0.0013,7.8827,0.9000,87,87
13224,0.0013,7.8827,0.9000,87,87
13225,0.0013,7.8827,0.9000,87,87
13226,0.0013,7.8827,0.9000,87,87
13227,0.0013,7.8827,0.9000,87,87
13228,0.0013,7.8827,0.9000,87,87
13229,0.0013,7.8827,0.9000,87,87
13230,0.0013,7.8800,0.9000,87,89
13231,0.0013,8.3053,0.9333,87,280
13232,0.0013,8.3053,0.9333,87,87
13233,0.0013,8.3053,0.9333,87,87
13234,0.0013,8.3053,0.9333,87,87
13235,0.0013,8.3053,0.9333,87,87
13236,0.0013,8.3053,0.9333,87,87
13237,0.0013,8.3053,0.9333,87,87
13238,0.0013,8.3640,0.9333,87,87
13239,0.0013,9.3067,0.9667,87,87
13240,0.0013,9.3067,0.9667,87,87
13241,0.0013,9.3067,0.9667,87,87
13242,0.0013,9.3067,0.9667,87,87
13243,0.0013,9.3067,0.9667,87,87
13244,0.0013,9.3067,0.9667,87,87
13245,0.0013,9.3067,0.9667,87,87
13246,0.0013,9.3067,0.9667,87,87
13247,0.0013,9.2800,0.9667,87,88
13248,0.0013,9.2800,0.9667,87,87
13249,0.0013,8.5747,0.9333,87,80
13250,0.0013,9.2520,0.9667,87,87
13251,0.0013,9.2520,0.9667,87,87
13252,0.0013,9.2520,0.9667,87,87
13253,0.0013,8.4987,0.9333,87,80
13254,0.0013,7.2887,0.9000,87,637
13255,0.0013,6.1013,0.8667,87,637
13256,0.0013,6.1013,0.8667,87,87
13257,0.0013,6.1013,0.8667,87,87
13258,0.0013,6.1013,0.8667,87,87
13259,0.0013,6.1013,0.8667,87,87
13260,0.0013,6.1040,0.8667,87,87
13261,0.0013,5.6640,0.8333,87,42
13262,0.0013,5.6640,0.8333,87,87
13263,0.0013,5.6640,0.8333,87,87
13264,0.0013,5.6640,0.8333,87,87
13265,0.0013,5.6640,0.8333,87,87
13266,0.0013,5.6640,0.8333,87,87
13267,0.0013,5.6640,0.8333,87,87
13268,0.0013,5.6640,0.8333,87,87
13269,0.0013,5.6640,0.8333,87,87
13270,0.0013,5.6640,0.8333,87,87
13271,0.0013,5.0027,0.8000,経路未発見,32
13272,0.0013,4.2680,0.7667,87,46
13273,0.0013,4.2680,0.7667,87,87
13274,0.0013,4.2680,0.7667,87,87
13275,0.0013,4.2680,0.7667,87,87
13276,0.0013,3.5080,0.7333,87,63
13277,0.0013,3.5347,0.7333,87,87
13278,0.0013,3.5347,0.7333,87,87
13279,0.0013,4.2400,0.7667,87,87
13280,0.0013,4.2400,0.7667,87,87
13281,0.0013,3.4187,0.7333,87,63
13282,0.0013,3.4187,0.7333,87,87
13283,0.0013,4.1720,0.7667,87,87
13284,0.0013,5.3820,0.8000,87,87
13285,0.0013,6.5693,0.8333,87,87
13286,0.0013,6.5667,0.8333,87,89
13287,0.0013,6.5667,0.8333,87,87
13288,0.0013,6.5667,0.8333,87,87
13289,0.0013,5.3793,0.8000,87,637
13290,0.0013,5.3793,0.8000,87,87
13291,0.0013,6.1527,0.8333,87,87
13292,0.0013,6.1500,0.8333,87,89
13293,0.0013,6.1500,0.8333,87,87
13294,0.0013,6.1500,0.8333,87,87
13295,0.0013,6.1500,0.8333,87,87
13296,0.0013,5.4433,0.8000,87,58
13297,0.0013,5.4433,0.8000,87,87
13298,0.0013,5.4433,0.8000,87,87
13299,0.0013,5.4433,0.8000,87,87
13300,0.0013,4.7580,0.7667,87,78
13301,0.0013,5.4193,0.8000,87,87
13302,0.0013,6.1140,0.8333,87,98
13303,0.0013,6.1140,0.8333,87,87
13304,0.0013,6.1140,0.8333,87,87
13305,0.0013,6.1140,0.8333,87,87
13306,0.0013,6.8740,0.8667,87,87
13307,0.0013,6.8740,0.8667,87,87
13308,0.0013,6.8740,0.8667,87,87
13309,0.0013,6.8740,0.8667,87,87
13310,0.0013,6.8713,0.8667,87,89
13311,0.0013,7.6927,0.9000,87,87
13312,0.0013,7.6927,0.9000,87,87
13313,0.0013,7.6927,0.9000,87,87
13314,0.0013,7.6927,0.9000,87,87
13315,0.0013,6.2380,0.8667,87,578
13316,0.0013,5.5447,0.8333,87,87
13317,0.0013,5.5447,0.8333,87,87
13318,0.0013,5.5447,0.8333,87,87
13319,0.0013,5.6627,0.8333,87,148
13320,0.0013,5.6627,0.8333,87,87
13321,0.0013,5.6627,0.8333,87,87
13322,0.0013,5.6653,0.8333,87,87
13323,0.0013,5.6653,0.8333,87,87
13324,0.0013,5.6653,0.8333,87,87
13325,0.0013,5.6653,0.8333,87,87
13326,0.0013,6.3720,0.8667,87,87
13327,0.0013,6.3720,0.8667,87,87
13328,0.0013,6.3720,0.8667,87,87
13329,0.0013,6.3720,0.8667,87,87
13330,0.0013,7.0573,0.9000,87,87
13331,0.0013,7.0573,0.9000,87,87
13332,0.0013,7.0973,0.9000,87,87
13333,0.0013,7.0973,0.9000,87,87
13334,0.0013,6.0627,0.8667,87,274
13335,0.0013,6.0627,0.8667,87,87
13336,0.0013,6.0627,0.8667,87,87
13337,0.0013,6.0627,0.8667,87,87
13338,0.0013,6.0627,0.8667,87,87
13339,0.0013,6.0573,0.8667,87,91
13340,0.0013,6.0520,0.8667,87,93
13341,0.0013,6.0520,0.8667,87,87
13342,0.0013,6.0520,0.8667,87,87
13343,0.0013,6.0520,0.8667,87,87
13344,0.0013,6.0520,0.8667,87,87
13345,0.0013,7.5067,0.9000,87,87
13346,0.0013,8.2027,0.9333,87,87
13347,0.0013,8.2027,0.9333,87,87
13348,0.0013,8.2027,0.9333,87,87
13349,0.0013,9.2720,0.9667,87,87
13350,0.0013,9.2720,0.9667,87,87
13351,0.0013,9.2720,0.9667,87,87
13352,0.0013,9.2720,0.9667,87,87
13353,0.0013,9.2693,0.9667,87,89
13354,0.0013,9.2693,0.9667,87,87
13355,0.0013,9.2160,0.9667,87,89
13356,0.0013,9.2160,0.9667,87,87
13357,0.0013,9.2160,0.9667,87,87
13358,0.0013,9.2160,0.9667,87,87
13359,0.0013,9.2160,0.9667,87,87
13360,0.0013,9.1893,0.9667,87,88
13361,0.0013,9.1893,0.9667,87,87
13362,0.0013,9.1893,0.9667,87,87
13363,0.0013,9.1893,0.9667,87,87
13364,0.0013,10.2240,1.0000,87,87
13365,0.0013,10.2240,1.0000,87,87
13366,0.0013,9.4707,0.9667,87,80
13367,0.0013,9.4707,0.9667,87,87
13368,0.0012,9.4707,0.9667,87,87
13369,0.0012,9.4760,0.9667,87,87
13370,0.0012,9.4840,0.9667,87,87
13371,0.0012,9.4840,0.9667,87,87
13372,0.0012,9.4840,0.9667,87,87
13373,0.0012,9.4840,0.9667,87,87
13374,0.0012,9.4840,0.9667,87,87
13375,0.0012,9.4840,0.9667,87,87
13376,0.0012,9.4840,0.9667,87,87
13377,0.0012,9.4840,0.9667,87,87
13378,0.0012,9.4840,0.9667,87,87
13379,0.0012,8.7547,0.9333,87,58
13380,0.0012,8.7547,0.9333,87,87
13381,0.0012,8.7280,0.9333,87,88
13382,0.0012,8.7280,0.9333,87,87
13383,0.0012,8.7307,0.9333,87,87
13384,0.0012,8.7307,0.9333,87,87
13385,0.0012,8.0507,0.9000,87,50
13386,0.0012,8.0507,0.9000,87,87
13387,0.0012,8.0507,0.9000,87,87
13388,0.0012,6.8407,0.8667,87,637
13389,0.0012,6.8407,0.8667,87,87
13390,0.0012,6.8673,0.8667,87,87
13391,0.0012,6.8673,0.8667,87,87
13392,0.0012,6.8673,0.8667,87,87
13393,0.0012,6.8673,0.8667,87,87
13394,0.0012,6.1953,0.8333,87,20
13395,0.0012,6.1953,0.8333,87,87
13396,0.0012,6.9487,0.8667,87,87
13397,0.0012,6.9487,0.8667,87,87
13398,0.0012,6.9487,0.8667,87,87
13399,0.0012,6.9487,0.8667,87,87
13400,0.0012,6.9487,0.8667,87,87
13401,0.0012,6.9487,0.8667,87,87
13402,0.0012,6.9487,0.8667,87,87
13403,0.0012,6.9487,0.8667,87,87
13404,0.0012,6.9487,0.8667,87,87
13405,0.0012,6.9487,0.8667,87,87
13406,0.0012,6.9487,0.8667,87,87
13407,0.0012,6.2113,0.8333,87,87
13408,0.0012,6.2113,0.8333,87,87
13409,0.0012,6.2433,0.8333,87,34
13410,0.0012,6.2433,0.8333,87,87
13411,0.0012,6.2700,0.8333,87,87
13412,0.0012,6.2700,0.8333,87,87
13413,0.0012,6.2700,0.8333,87,87
13414,0.0012,6.2700,0.8333,87,87
13415,0.0012,7.0033,0.8667,87,87
13416,0.0012,7.0033,0.8667,87,87
13417,0.0012,7.0033,0.8667,87,87
13418,0.0012,8.2133,0.9000,87,87
13419,0.0012,8.2133,0.9000,87,87
13420,0.0012,8.2133,0.9000,87,87
13421,0.0012,7.5200,0.8667,87,40
13422,0.0012,7.5200,0.8667,87,87
13423,0.0012,7.5200,0.8667,87,87
13424,0.0012,8.1920,0.9000,87,87
13425,0.0012,8.1920,0.9000,87,87
13426,0.0012,8.1920,0.9000,87,87
13427,0.0012,8.1920,0.9000,87,87
13428,0.0012,8.1920,0.9000,87,87
13429,0.0012,8.1920,0.9000,87,87
13430,0.0012,8.1920,0.9000,87,87
13431,0.0012,8.1920,0.9000,87,87
13432,0.0012,8.1920,0.9000,87,87
13433,0.0012,8.1920,0.9000,87,87
13434,0.0012,8.1920,0.9000,87,87
13435,0.0012,8.1920,0.9000,87,87
13436,0.0012,8.1920,0.9000,87,87
13437,0.0012,8.9293,0.9333,87,87
13438,0.0012,8.9293,0.9333,87,87
13439,0.0012,9.6267,0.9667,87,87
13440,0.0012,9.6267,0.9667,87,87
13441,0.0012,8.8787,0.9333,87,56
13442,0.0012,8.8787,0.9333,87,87
13443,0.0012,8.8787,0.9333,87,87
13444,0.0012,8.8787,0.9333,87,87
13445,0.0012,8.8787,0.9333,87,87
13446,0.0012,8.8787,0.9333,87,87
13447,0.0012,7.9253,0.9000,87,122
13448,0.0012,7.9253,0.9000,87,87
13449,0.0012,7.9253,0.9000,87,87
13450,0.0012,7.9253,0.9000,87,87
13451,0.0012,8.6187,0.9333,87,87
13452,0.0012,8.6187,0.9333,87,87
13453,0.0012,8.5920,0.9333,87,88
13454,0.0012,7.8507,0.9000,87,74
13455,0.0012,7.8507,0.9000,87,87
13456,0.0012,7.8507,0.9000,87,87
13457,0.0012,7.8507,0.9000,87,87
13458,0.0012,7.8507,0.9000,87,87
13459,0.0012,7.8480,0.9000,87,89
13460,0.0012,7.8480,0.9000,87,87
13461,0.0012,7.8480,0.9000,87,87
13462,0.0012,7.8480,0.9000,87,87
13463,0.0012,7.1907,0.8667,87,31
13464,0.0012,7.1640,0.8667,87,88
13465,0.0012,7.1640,0.8667,87,87
13466,0.0012,7.1640,0.8667,87,87
13467,0.0012,7.1640,0.8667,87,87
13468,0.0012,7.1640,0.8667,87,87
13469,0.0012,6.4587,0.8333,87,59
13470,0.0012,6.4587,0.8333,87,87
13471,0.0012,7.2067,0.8667,87,87
13472,0.0012,7.2067,0.8667,87,87
13473,0.0012,7.2067,0.8667,87,87
13474,0.0012,7.2067,0.8667,87,87
13475,0.0012,7.2067,0.8667,87,87
13476,0.0012,7.2067,0.8667,87,87
13477,0.0012,8.1600,0.9000,87,87
13478,0.0012,7.4613,0.8667,87,44
13479,0.0012,7.4613,0.8667,87,87
13480,0.0012,7.4613,0.8667,87,87
13481,0.0012,7.3200,0.8667,87,98
13482,0.0012,7.3200,0.8667,87,87
13483,0.0012,6.6520,0.8333,87,67
13484,0.0012,7.3933,0.8667,87,87
13485,0.0012,7.3933,0.8667,87,87
13486,0.0012,7.3933,0.8667,87,87
13487,0.0012,7.3933,0.8667,87,87
13488,0.0012,7.3933,0.8667,87,87
13489,0.0012,7.3960,0.8667,87,87
13490,0.0012,7.3960,0.8667,87,87
13491,0.0012,7.4360,0.8667,87,57
13492,0.0012,7.4360,0.8667,87,87
13493,0.0012,8.0933,0.9000,87,87
13494,0.0012,8.1200,0.9000,87,87
13495,0.0012,8.1200,0.9000,87,87
13496,0.0012,8.1387,0.9000,87,54
13497,0.0012,7.3707,0.8667,87,69
13498,0.0012,7.3707,0.8667,87,87
13499,0.0012,6.8380,0.8667,87,637
13500,0.0012,5.6713,0.8333,87,92
13501,0.0012,5.6713,0.8333,87,87
13502,0.0012,5.6713,0.8333,87,87
13503,0.0012,5.6713,0.8333,87,87
13504,0.0012,5.6713,0.8333,87,87
13505,0.0012,5.6713,0.8333,87,87
13506,0.0012,5.6473,0.8333,87,86
13507,0.0012,5.6473,0.8333,87,87
13508,0.0012,6.3460,0.8667,87,87
13509,0.0012,6.3460,0.8667,87,87
13510,0.0012,6.3460,0.8667,87,87
13511,0.0012,6.4873,0.8667,87,87
13512,0.0012,6.4873,0.8667,87,87
13513,0.0012,7.1820,0.9000,87,87
13514,0.0012,7.1820,0.9000,87,87
13515,0.0012,7.1820,0.9000,87,87
13516,0.0012,7.1820,0.9000,87,87
13517,0.0012,7.1820,0.9000,87,87
13518,0.0012,7.1820,0.9000,87,87
13519,0.0012,7.1820,0.9000,87,87
13520,0.0012,7.1500,0.9000,87,92
13521,0.0012,7.1100,0.9000,87,87
13522,0.0012,7.0833,0.9000,87,88
13523,0.0012,7.0833,0.9000,87,87
13524,0.0012,7.0833,0.9000,87,87
13525,0.0012,7.0833,0.9000,87,87
13526,0.0012,7.0647,0.9000,87,87
13527,0.0012,7.8327,0.9333,87,87
13528,0.0012,7.8327,0.9333,87,87
13529,0.0012,9.0707,0.9667,87,87
13530,0.0012,10.2373,1.0000,87,87
13531,0.0012,10.2373,1.0000,87,87
13532,0.0012,9.5293,0.9667,87,57
13533,0.0012,8.7973,0.9333,87,60
13534,0.0012,8.7973,0.9333,87,87
13535,0.0011,8.0813,0.9000,87,68
13536,0.0011,7.3400,0.8667,87,60
13537,0.0011,7.3400,0.8667,87,87
13538,0.0011,7.3400,0.8667,87,87
13539,0.0011,7.3400,0.8667,87,87
13540,0.0011,7.3400,0.8667,87,87
13541,0.0011,7.3400,0.8667,87,87
13542,0.0011,6.6347,0.8333,87,80
13543,0.0011,6.6347,0.8333,87,87
13544,0.0011,6.6347,0.8333,87,87
13545,0.0011,6.6347,0.8333,87,87
13546,0.0011,6.6347,0.8333,87,87
13547,0.0011,6.6347,0.8333,87,87
13548,0.0011,6.6347,0.8333,87,87
13549,0.0011,5.8933,0.8000,87,53
13550,0.0011,5.9253,0.8000,87,87
13551,0.0011,5.9253,0.8000,87,87
13552,0.0011,5.9520,0.8000,87,87
13553,0.0011,5.9520,0.8000,87,87
13554,0.0011,5.9227,0.8000,87,90
13555,0.0011,5.9227,0.8000,87,87
13556,0.0011,5.9227,0.8000,87,87
13557,0.0011,5.9227,0.8000,87,87
13558,0.0011,5.9227,0.8000,87,87
13559,0.0011,5.9227,0.8000,87,87
13560,0.0011,5.9227,0.8000,87,87
13561,0.0011,5.9227,0.8000,87,87
13562,0.0011,6.6120,0.8333,87,82
13563,0.0011,7.3440,0.8667,87,87
13564,0.0011,7.3440,0.8667,87,87
13565,0.0011,8.0600,0.9000,87,87
13566,0.0011,8.8253,0.9333,87,87
13567,0.0011,8.8227,0.9333,87,89
13568,0.0011,8.8227,0.9333,87,87
13569,0.0011,8.8227,0.9333,87,87
13570,0.0011,8.8227,0.9333,87,87
13571,0.0011,8.8227,0.9333,87,87
13572,0.0011,9.5280,0.9667,87,87
13573,0.0011,9.5280,0.9667,87,87
13574,0.0011,9.5253,0.9667,87,89
13575,0.0011,9.5253,0.9667,87,87
13576,0.0011,8.7933,0.9333,87,60
13577,0.0011,8.7933,0.9333,87,87
13578,0.0011,8.7933,0.9333,87,87
13579,0.0011,9.5347,0.9667,87,87
13580,0.0011,9.5347,0.9667,87,87
13581,0.0011,9.5347,0.9667,87,87
13582,0.0011,9.5347,0.9667,87,87
13583,0.0011,9.5347,0.9667,87,87
13584,0.0011,9.5640,0.9667,87,87
13585,0.0011,8.3540,0.9333,87,637
13586,0.0011,8.3540,0.9333,87,87
13587,0.0011,8.3540,0.9333,87,87
13588,0.0011,7.6433,0.9000,87,55
13589,0.0011,6.9287,0.8667,87,33
13590,0.0011,6.9287,0.8667,87,87
13591,0.0011,6.9287,0.8667,87,87
13592,0.0011,6.9473,0.8667,87,87
13593,0.0011,6.9473,0.8667,87,87
13594,0.0011,6.9473,0.8667,87,87
13595,0.0011,6.9473,0.8667,87,87
13596,0.0011,6.9473,0.8667,87,87
13597,0.0011,6.9500,0.8667,87,87
13598,0.0011,6.9500,0.8667,87,87
13599,0.0011,6.9500,0.8667,87,87
13600,0.0011,6.9500,0.8667,87,87
13601,0.0011,6.9500,0.8667,87,87
13602,0.0011,6.9500,0.8667,87,87
13603,0.0011,6.9500,0.8667,87,87
13604,0.0011,6.9527,0.8667,87,87
13605,0.0011,6.9527,0.8667,87,87
13606,0.0011,7.6847,0.9000,87,87
13607,0.0011,7.6847,0.9000,87,87
13608,0.0011,7.4980,0.9000,87,227
13609,0.0011,6.7380,0.8667,87,44
13610,0.0011,6.7380,0.8667,87,87
13611,0.0011,6.7380,0.8667,87,87
13612,0.0011,6.7380,0.8667,87,87
13613,0.0011,6.7380,0.8667,87,87
13614,0.0011,6.7380,0.8667,87,87
13615,0.0011,7.2013,0.8667,87,69
13616,0.0011,7.2013,0.8667,87,87
13617,0.0011,6.5160,0.8333,87,31
13618,0.0011,7.2267,0.8667,87,87
13619,0.0011,6.6327,0.8667,87,637
13620,0.0011,6.6327,0.8667,87,87
13621,0.0011,6.6327,0.8667,87,87
13622,0.0011,6.6327,0.8667,87,87
13623,0.0011,6.6327,0.8667,87,87
13624,0.0011,6.6327,0.8667,87,87
13625,0.0011,6.6327,0.8667,87,87
13626,0.0011,6.6327,0.8667,87,87
13627,0.0011,6.6327,0.8667,87,87
13628,0.0011,6.6327,0.8667,87,87
13629,0.0011,6.6727,0.8667,87,57
13630,0.0011,6.6727,0.8667,87,87
13631,0.0011,6.6727,0.8667,87,87
13632,0.0011,6.6727,0.8667,87,87
13633,0.0011,6.6727,0.8667,87,87
13634,0.0011,6.6727,0.8667,87,87
13635,0.0011,6.6727,0.8667,87,87
13636,0.0011,6.6727,0.8667,87,87
13637,0.0011,5.9567,0.8333,87,68
13638,0.0011,6.1167,0.8333,87,107
13639,0.0011,6.8767,0.8667,87,87
13640,0.0011,6.8767,0.8667,87,87
13641,0.0011,6.8500,0.8667,87,88
13642,0.0011,6.8500,0.8667,87,87
13643,0.0011,6.8500,0.8667,87,87
13644,0.0011,6.8500,0.8667,87,87
13645,0.0011,7.5967,0.9000,87,87
13646,0.0011,7.5967,0.9000,87,87
13647,0.0011,8.2820,0.9333,87,87
13648,0.0011,8.2820,0.9333,87,87
13649,0.0011,9.5907,0.9667,87,87
13650,0.0011,9.5907,0.9667,87,87
13651,0.0011,9.5907,0.9667,87,87
13652,0.0011,9.5907,0.9667,87,87
13653,0.0011,9.5907,0.9667,87,87
13654,0.0011,9.5907,0.9667,87,87
13655,0.0011,9.5907,0.9667,87,87
13656,0.0011,9.5907,0.9667,87,87
13657,0.0011,9.5907,0.9667,87,87
13658,0.0011,9.5907,0.9667,87,87
13659,0.0011,9.5507,0.9667,87,87
13660,0.0011,9.5507,0.9667,87,87
13661,0.0011,9.5507,0.9667,87,87
13662,0.0011,9.5507,0.9667,87,87
13663,0.0011,9.5507,0.9667,87,87
13664,0.0011,9.5507,0.9667,87,87
13665,0.0011,9.5507,0.9667,87,87
13666,0.0011,9.5507,0.9667,87,87
13667,0.0011,10.2667,1.0000,87,87
13668,0.0011,10.2933,1.0000,87,87
13669,0.0011,9.1060,0.9667,87,637
13670,0.0011,9.1060,0.9667,87,87
13671,0.0011,9.1327,0.9667,87,87
13672,0.0011,9.1327,0.9667,87,87
13673,0.0011,8.4713,0.9333,87,32
13674,0.0011,8.4713,0.9333,87,87
13675,0.0011,8.4713,0.9333,87,87
13676,0.0011,8.4713,0.9333,87,87
13677,0.0011,8.4713,0.9333,87,87
13678,0.0011,8.4713,0.9333,87,87
13679,0.0011,8.4713,0.9333,87,87
13680,0.0011,8.4713,0.9333,87,87
13681,0.0011,8.4713,0.9333,87,87
13682,0.0011,8.4713,0.9333,87,87
13683,0.0011,8.3887,0.9333,87,130
13684,0.0011,8.3887,0.9333,87,87
13685,0.0011,8.3887,0.9333,87,87
13686,0.0011,8.3887,0.9333,87,87
13687,0.0011,8.3887,0.9333,87,87
13688,0.0011,8.3887,0.9333,87,87
13689,0.0011,8.3887,0.9333,87,87
13690,0.0011,7.2013,0.9000,87,637
13691,0.0011,7.2013,0.9000,87,87
13692,0.0011,7.2013,0.9000,87,87
13693,0.0011,5.9313,0.8667,87,637
13694,0.0011,5.9313,0.8667,87,87
13695,0.0011,5.9313,0.8667,87,87
13696,0.0011,5.9313,0.8667,87,87
13697,0.0011,5.9313,0.8667,87,87
13698,0.0011,5.9313,0.8667,87,87
13699,0.0011,7.1187,0.9000,87,87
13700,0.0011,7.1187,0.9000,87,87
13701,0.0011,7.1187,0.9000,87,87
13702,0.0011,7.1187,0.9000,87,87
13703,0.0011,7.7800,0.9333,87,87
13704,0.0011,7.7800,0.9333,87,87
13705,0.0011,7.7800,0.9333,87,87
13706,0.0011,7.7800,0.9333,87,87
13707,0.0011,7.7800,0.9333,87,87
13708,0.0011,7.7800,0.9333,87,87
13709,0.0011,7.7800,0.9333,87,87
13710,0.0011,7.7800,0.9333,87,87
13711,0.0011,7.7800,0.9333,87,87
13712,0.0011,7.7800,0.9333,87,87
13713,0.0011,7.8627,0.9333,87,87
13714,0.0011,7.8627,0.9333,87,87
13715,0.0011,7.8627,0.9333,87,87
13716,0.0011,7.8627,0.9333,87,87
13717,0.0010,7.8627,0.9333,87,87
13718,0.0010,7.8627,0.9333,87,87
13719,0.0010,7.8627,0.9333,87,87
13720,0.0010,9.0500,0.9667,87,87
13721,0.0010,9.0500,0.9667,87,87
13722,0.0010,9.0500,0.9667,87,87
13723,0.0010,10.3200,1.0000,87,87
13724,0.0010,10.3200,1.0000,87,87
13725,0.0010,10.3200,1.0000,87,87
13726,0.0010,10.3200,1.0000,87,87
13727,0.0010,10.3200,1.0000,87,87
13728,0.0010,10.3200,1.0000,87,87
13729,0.0010,10.3200,1.0000,87,87
13730,0.0010,10.3200,1.0000,87,87
13731,0.0010,10.3200,1.0000,87,87
13732,0.0010,10.3200,1.0000,87,87
13733,0.0010,10.3200,1.0000,87,87
13734,0.0010,10.3200,1.0000,87,87
13735,0.0010,10.3200,1.0000,87,87
13736,0.0010,10.3200,1.0000,87,87
13737,0.0010,10.3200,1.0000,87,87
13738,0.0010,10.3200,1.0000,87,87
13739,0.0010,10.3200,1.0000,87,87
13740,0.0010,10.3200,1.0000,87,87
13741,0.0010,9.6667,0.9667,87,30
13742,0.0010,9.6667,0.9667,87,87
13743,0.0010,9.6667,0.9667,87,87
13744,0.0010,9.6667,0.9667,87,87
13745,0.0010,9.6667,0.9667,87,87
13746,0.0010,8.3580,0.9333,87,637
13747,0.0010,8.3580,0.9333,87,87
13748,0.0010,8.3580,0.9333,87,87
13749,0.0010,8.3580,0.9333,87,87
13750,0.0010,8.3153,0.9333,87,100
13751,0.0010,8.3153,0.9333,87,87
13752,0.0010,8.3153,0.9333,87,87
13753,0.0010,8.3153,0.9333,87,87
13754,0.0010,8.3153,0.9333,87,87
13755,0.0010,7.1053,0.9000,87,637
13756,0.0010,7.1053,0.9000,87,87
13757,0.0010,7.1053,0.9000,87,87
13758,0.0010,7.1053,0.9000,87,87
13759,0.0010,7.1053,0.9000,87,87
13760,0.0010,7.1053,0.9000,87,87
13761,0.0010,5.8127,0.8667,87,637
13762,0.0010,5.8127,0.8667,87,87
13763,0.0010,5.8313,0.8667,87,54
13764,0.0010,5.8313,0.8667,87,87
13765,0.0010,5.8313,0.8667,87,87
13766,0.0010,5.8313,0.8667,87,87
13767,0.0010,5.8313,0.8667,87,87
13768,0.0010,5.8313,0.8667,87,87
13769,0.0010,5.8313,0.8667,87,87
13770,0.0010,5.8313,0.8667,87,87
13771,0.0010,6.4847,0.9000,87,87
13772,0.0010,6.4847,0.9000,87,87
13773,0.0010,6.4847,0.9000,87,87
13774,0.0010,6.4847,0.9000,87,87
13775,0.0010,6.4847,0.9000,87,87
13776,0.0010,7.7933,0.9333,87,87
13777,0.0010,7.7933,0.9333,87,87
13778,0.0010,7.7933,0.9333,87,87
13779,0.0010,7.7933,0.9333,87,87
13780,0.0010,7.8360,0.9333,87,87
13781,0.0010,7.8360,0.9333,87,87
13782,0.0010,7.8360,0.9333,87,87
13783,0.0010,7.1093,0.9000,87,60
13784,0.0010,7.1093,0.9000,87,87
13785,0.0010,8.3193,0.9333,87,87
13786,0.0010,8.3193,0.9333,87,87
13787,0.0010,8.3193,0.9333,87,87
13788,0.0010,8.3193,0.9333,87,87
13789,0.0010,8.3193,0.9333,87,87
13790,0.0010,8.3193,0.9333,87,87
13791,0.0010,9.6120,0.9667,87,87
13792,0.0010,9.6120,0.9667,87,87
13793,0.0010,9.5933,0.9667,87,87
13794,0.0010,9.5933,0.9667,87,87
13795,0.0010,9.5933,0.9667,87,87
13796,0.0010,8.9853,0.9667,87,524
13797,0.0010,8.9853,0.9667,87,87
13798,0.0010,8.9853,0.9667,87,87
13799,0.0010,8.2920,0.9333,87,33
13800,0.0010,8.2920,0.9333,87,87
13801,0.0010,8.2893,0.9333,87,89
13802,0.0010,8.2893,0.9333,87,87
13803,0.0010,8.2893,0.9333,87,87
13804,0.0010,8.2893,0.9333,87,87
13805,0.0010,8.2893,0.9333,87,87
13806,0.0010,8.2893,0.9333,87,87
13807,0.0010,8.2893,0.9333,87,87
13808,0.0010,7.5680,0.9000,87,47
13809,0.0010,7.5680,0.9000,87,87
13810,0.0010,7.5680,0.9000,87,87
13811,0.0010,7.5680,0.9000,87,87
13812,0.0010,7.5680,0.9000,87,87
13813,0.0010,8.2653,0.9333,87,90
13814,0.0010,8.2653,0.9333,87,87
13815,0.0010,8.2653,0.9333,87,87
13816,0.0010,7.0553,0.9000,87,637
13817,0.0010,7.0553,0.9000,87,87
13818,0.0010,7.0553,0.9000,87,87
13819,0.0010,7.0553,0.9000,87,87
13820,0.0010,7.0553,0.9000,87,87
13821,0.0010,7.0553,0.9000,87,87
13822,0.0010,7.0553,0.9000,87,87
13823,0.0010,7.0553,0.9000,87,87
13824,0.0010,7.0553,0.9000,87,87
13825,0.0010,7.0553,0.9000,87,87
13826,0.0010,7.6633,0.9000,87,87
13827,0.0010,7.6633,0.9000,87,87
13828,0.0010,6.9620,0.8667,87,83
13829,0.0010,7.6553,0.9000,87,87
13830,0.0010,7.0020,0.8667,87,30
13831,0.0010,7.0047,0.8667,87,87
13832,0.0010,7.0047,0.8667,87,87
13833,0.0010,6.9753,0.8667,87,90
13834,0.0010,6.9753,0.8667,87,87
13835,0.0010,6.9753,0.8667,87,87
13836,0.0010,6.9753,0.8667,87,87
13837,0.0010,6.9753,0.8667,87,87
13838,0.0010,7.6967,0.9000,87,87
13839,0.0010,7.6967,0.9000,87,87
13840,0.0010,7.6967,0.9000,87,87
13841,0.0010,7.6967,0.9000,87,87
13842,0.0010,7.6967,0.9000,87,87
13843,0.0010,7.0487,0.8667,87,36
13844,0.0010,7.0487,0.8667,87,87
13845,0.0010,7.0487,0.8667,87,87
13846,0.0010,8.2587,0.9000,87,87
13847,0.0010,7.5373,0.8667,87,40
13848,0.0010,7.5373,0.8667,87,87
13849,0.0010,7.5373,0.8667,87,87
13850,0.0010,7.5347,0.8667,87,89
13851,0.0010,7.5347,0.8667,87,87
13852,0.0010,7.5347,0.8667,87,87
13853,0.0010,7.5347,0.8667,87,87
13854,0.0010,7.5347,0.8667,87,87
13855,0.0010,7.5347,0.8667,87,87
13856,0.0010,7.5347,0.8667,87,87
13857,0.0010,7.5347,0.8667,87,87
13858,0.0010,8.2360,0.9000,87,87
13859,0.0010,8.2360,0.9000,87,87
13860,0.0010,8.8893,0.9333,87,87
13861,0.0010,8.8893,0.9333,87,87
13862,0.0010,8.8893,0.9333,87,87
13863,0.0010,8.9187,0.9333,87,87
13864,0.0010,8.9187,0.9333,87,87
13865,0.0010,8.9187,0.9333,87,87
13866,0.0010,8.9187,0.9333,87,87
13867,0.0010,8.9187,0.9333,87,87
13868,0.0010,8.9187,0.9333,87,87
13869,0.0010,8.9187,0.9333,87,87
13870,0.0010,8.9187,0.9333,87,87
13871,0.0010,8.9187,0.9333,87,87
13872,0.0010,8.9187,0.9333,87,87
13873,0.0010,9.5960,0.9667,87,87
13874,0.0010,9.5960,0.9667,87,87
13875,0.0010,9.5960,0.9667,87,87
13876,0.0010,9.5960,0.9667,87,87
13877,0.0010,10.3173,1.0000,87,87
13878,0.0010,10.3173,1.0000,87,87
13879,0.0010,10.3173,1.0000,87,87
13880,0.0010,10.3200,1.0000,87,87
13881,0.0010,10.3200,1.0000,87,87
13882,0.0010,10.3200,1.0000,87,87
13883,0.0010,10.3200,1.0000,87,87
13884,0.0010,10.3200,1.0000,87,87
13885,0.0010,10.3200,1.0000,87,87
13886,0.0010,10.3200,1.0000,87,87
13887,0.0010,10.3200,1.0000,87,87
13888,0.0010,10.3200,1.0000,87,87
13889,0.0010,10.3200,1.0000,87,87
13890,0.0010,10.3200,1.0000,87,87
13891,0.0010,10.3200,1.0000,87,87
13892,0.0010,10.3200,1.0000,87,87
13893,0.0010,10.3200,1.0000,87,87
13894,0.0010,10.3200,1.0000,87,87
13895,0.0010,10.3200,1.0000,87,87
13896,0.0010,10.3200,1.0000,87,87
13897,0.0010,10.3200,1.0000,87,87
13898,0.0010,10.3200,1.0000,87,87
13899,0.0010,10.3200,1.0000,87,87
13900,0.0010,10.3200,1.0000,87,87
13901,0.0010,10.3200,1.0000,87,87
13902,0.0010,10.3200,1.0000,87,87
13903,0.0010,10.3200,1.0000,87,87
13904,0.0010,10.3200,1.0000,87,87
13905,0.0010,10.3200,1.0000,87,87
13906,0.0010,10.3200,1.0000,87,87
13907,0.0010,10.3200,1.0000,87,87
13908,0.0010,10.3200,1.0000,87,87
13909,0.0010,10.3200,1.0000,87,87
13910,0.0010,10.3200,1.0000,87,87
13911,0.0010,10.3200,1.0000,87,87
13912,0.0010,10.3200,1.0000,87,87
13913,0.0010,10.2907,1.0000,87,90
13914,0.0010,10.2907,1.0000,87,87
13915,0.0010,10.2907,1.0000,87,87
13916,0.0010,10.2907,1.0000,87,87
13917,0.0009,10.2907,1.0000,87,87
13918,0.0009,10.2907,1.0000,87,87
13919,0.0009,10.2907,1.0000,87,87
13920,0.0009,9.5760,0.9667,87,48
13921,0.0009,9.5760,0.9667,87,87
13922,0.0009,9.5760,0.9667,87,87
13923,0.0009,9.5760,0.9667,87,87
13924,0.0009,9.5760,0.9667,87,87
13925,0.0009,9.5760,0.9667,87,87
13926,0.0009,9.5760,0.9667,87,87
13927,0.0009,8.3660,0.9333,87,637
13928,0.0009,8.3660,0.9333,87,87
13929,0.0009,8.3660,0.9333,87,87
13930,0.0009,8.3660,0.9333,87,87
13931,0.0009,8.3660,0.9333,87,87
13932,0.0009,8.3660,0.9333,87,87
13933,0.0009,8.3660,0.9333,87,87
13934,0.0009,8.3660,0.9333,87,87
13935,0.0009,8.3660,0.9333,87,87
13936,0.0009,8.3660,0.9333,87,87
13937,0.0009,8.3660,0.9333,87,87
13938,0.0009,8.3660,0.9333,87,87
13939,0.0009,8.3660,0.9333,87,87
13940,0.0009,8.3660,0.9333,87,87
13941,0.0009,8.3660,0.9333,87,87
13942,0.0009,8.3660,0.9333,87,87
13943,0.0009,8.3953,0.9333,87,87
13944,0.0009,8.3953,0.9333,87,87
13945,0.0009,8.3953,0.9333,87,87
13946,0.0009,8.3953,0.9333,87,87
13947,0.0009,8.3953,0.9333,87,87
13948,0.0009,8.3953,0.9333,87,87
13949,0.0009,8.3953,0.9333,87,87
13950,0.0009,9.1100,0.9667,87,87
13951,0.0009,9.1100,0.9667,87,87
13952,0.0009,9.1100,0.9667,87,87
13953,0.0009,9.1073,0.9667,87,89
13954,0.0009,9.1073,0.9667,87,87
13955,0.0009,9.1073,0.9667,87,87
13956,0.0009,9.1073,0.9667,87,87
13957,0.0009,9.6053,0.9667,87,75
13958,0.0009,9.6053,0.9667,87,87
13959,0.0009,9.6053,0.9667,87,87
13960,0.0009,8.9107,0.9333,87,43
13961,0.0009,8.9107,0.9333,87,87
13962,0.0009,8.9107,0.9333,87,87
13963,0.0009,8.9107,0.9333,87,87
13964,0.0009,7.6020,0.9000,87,637
13965,0.0009,7.6020,0.9000,87,87
13966,0.0009,7.5060,0.9000,87,102
13967,0.0009,7.5060,0.9000,87,87
13968,0.0009,7.5060,0.9000,87,87
13969,0.0009,7.5060,0.9000,87,87
13970,0.0009,7.4527,0.9000,87,89
13971,0.0009,6.2427,0.8667,87,637
13972,0.0009,6.2427,0.8667,87,87
13973,0.0009,6.2427,0.8667,87,87
13974,0.0009,6.2427,0.8667,87,87
13975,0.0009,6.2427,0.8667,87,87
13976,0.0009,6.2427,0.8667,87,87
13977,0.0009,6.2427,0.8667,87,87
13978,0.0009,6.2427,0.8667,87,87
13979,0.0009,6.2427,0.8667,87,87
13980,0.0009,6.2427,0.8667,87,87
13981,0.0009,6.2427,0.8667,87,87
13982,0.0009,6.2427,0.8667,87,87
13983,0.0009,5.5467,0.8333,87,85
13984,0.0009,5.5467,0.8333,87,87
13985,0.0009,5.5467,0.8333,87,87
13986,0.0009,5.5467,0.8333,87,87
13987,0.0009,6.2587,0.8667,87,87
13988,0.0009,6.2587,0.8667,87,87
13989,0.0009,6.2587,0.8667,87,87
13990,0.0009,6.9533,0.9000,87,87
13991,0.0009,6.9533,0.9000,87,87
13992,0.0009,6.7987,0.9000,87,203
13993,0.0009,6.7987,0.9000,87,87
13994,0.0009,8.1073,0.9333,87,87
13995,0.0009,8.1073,0.9333,87,87
13996,0.0009,8.2033,0.9333,87,87
13997,0.0009,8.2033,0.9333,87,87
13998,0.0009,8.2033,0.9333,87,87
13999,0.0009,8.2033,0.9333,87,87
14000,0.0009,8.2567,0.9333,87,87
14001,0.0009,9.4667,0.9667,87,87
14002,0.0009,9.4667,0.9667,87,87
14003,0.0009,9.4667,0.9667,87,87
14004,0.0009,9.4667,0.9667,87,87
14005,0.0009,9.4667,0.9667,87,87
14006,0.0009,9.4667,0.9667,87,87
14007,0.0009,9.4640,0.9667,87,89
14008,0.0009,9.4640,0.9667,87,87
14009,0.0009,9.4640,0.9667,87,87
14010,0.0009,9.4640,0.9667,87,87
14011,0.0009,9.4640,0.9667,87,87
14012,0.0009,9.4640,0.9667,87,87
14013,0.0009,10.1627,1.0000,87,87
14014,0.0009,10.1627,1.0000,87,87
14015,0.0009,10.1627,1.0000,87,87
14016,0.0009,10.1627,1.0000,87,87
14017,0.0009,10.1627,1.0000,87,87
14018,0.0009,10.1627,1.0000,87,87
14019,0.0009,9.4147,0.9667,87,76
14020,0.0009,9.4147,0.9667,87,87
14021,0.0009,9.4147,0.9667,87,87
14022,0.0009,9.5693,0.9667,87,87
14023,0.0009,8.3593,0.9333,87,637
14024,0.0009,8.3593,0.9333,87,87
14025,0.0009,8.3593,0.9333,87,87
14026,0.0009,8.3593,0.9333,87,87
14027,0.0009,8.3593,0.9333,87,87
14028,0.0009,8.3593,0.9333,87,87
14029,0.0009,8.3593,0.9333,87,87
14030,0.0009,8.3593,0.9333,87,87
14031,0.0009,8.3593,0.9333,87,87
14032,0.0009,8.3593,0.9333,87,87
14033,0.0009,8.3593,0.9333,87,87
14034,0.0009,8.3593,0.9333,87,87
14035,0.0009,8.3593,0.9333,87,87
14036,0.0009,8.3593,0.9333,87,87
14037,0.0009,8.3620,0.9333,87,87
14038,0.0009,8.3620,0.9333,87,87
14039,0.0009,8.3620,0.9333,87,87
14040,0.0009,8.3620,0.9333,87,87
14041,0.0009,8.3620,0.9333,87,87
14042,0.0009,8.3620,0.9333,87,87
14043,0.0009,8.3620,0.9333,87,87
14044,0.0009,8.3620,0.9333,87,87
14045,0.0009,8.3620,0.9333,87,87
14046,0.0009,8.3620,0.9333,87,87
14047,0.0009,8.3620,0.9333,87,87
14048,0.0009,8.3620,0.9333,87,87
14049,0.0009,9.1100,0.9667,87,87
14050,0.0009,9.1100,0.9667,87,87
14051,0.0009,9.1100,0.9667,87,87
14052,0.0009,9.1100,0.9667,87,87
14053,0.0009,10.3200,1.0000,87,87
14054,0.0009,10.3200,1.0000,87,87
14055,0.0009,10.3200,1.0000,87,87
14056,0.0009,10.3200,1.0000,87,87
14057,0.0009,10.3200,1.0000,87,87
14058,0.0009,10.3200,1.0000,87,87
14059,0.0009,10.3200,1.0000,87,87
14060,0.0009,10.3200,1.0000,87,87
14061,0.0009,10.3200,1.0000,87,87
14062,0.0009,10.3200,1.0000,87,87
14063,0.0009,10.3200,1.0000,87,87
14064,0.0009,10.3200,1.0000,87,87
14065,0.0009,10.3200,1.0000,87,87
14066,0.0009,10.3200,1.0000,87,87
14067,0.0009,10.3200,1.0000,87,87
14068,0.0009,9.5067,0.9667,87,147
14069,0.0009,9.5067,0.9667,87,87
14070,0.0009,8.7400,0.9333,87,58
14071,0.0009,8.7400,0.9333,87,87
14072,0.0009,8.7400,0.9333,87,87
14073,0.0009,8.7400,0.9333,87,87
14074,0.0009,8.7400,0.9333,87,87
14075,0.0009,8.7400,0.9333,87,87
14076,0.0009,8.7400,0.9333,87,87
14077,0.0009,8.7400,0.9333,87,87
14078,0.0009,8.7400,0.9333,87,87
14079,0.0009,8.7400,0.9333,87,87
14080,0.0009,8.7400,0.9333,87,87
14081,0.0009,8.7373,0.9333,87,89
14082,0.0009,8.7373,0.9333,87,87
14083,0.0009,8.7373,0.9333,87,87
14084,0.0009,7.5500,0.9000,87,637
14085,0.0009,7.5500,0.9000,87,87
14086,0.0009,7.5500,0.9000,87,87
14087,0.0009,7.5500,0.9000,87,87
14088,0.0009,7.5500,0.9000,87,87
14089,0.0009,7.5500,0.9000,87,87
14090,0.0009,7.5500,0.9000,87,87
14091,0.0009,7.5500,0.9000,87,87
14092,0.0009,7.5500,0.9000,87,87
14093,0.0009,7.5500,0.9000,87,87
14094,0.0009,7.5473,0.9000,87,89
14095,0.0009,7.5473,0.9000,87,87
14096,0.0009,7.5473,0.9000,87,87
14097,0.0009,7.5473,0.9000,87,87
14098,0.0009,8.3607,0.9333,87,87
14099,0.0009,7.1520,0.9000,87,637
14100,0.0009,7.9187,0.9333,87,87
14101,0.0009,7.9187,0.9333,87,87
14102,0.0009,7.9187,0.9333,87,87
14103,0.0009,7.9187,0.9333,87,87
14104,0.0009,7.9187,0.9333,87,87
14105,0.0009,7.9187,0.9333,87,87
14106,0.0009,7.2173,0.9000,87,83
14107,0.0009,7.2173,0.9000,87,87
14108,0.0009,7.2173,0.9000,87,87
14109,0.0009,7.2173,0.9000,87,87
14110,0.0009,7.2173,0.9000,87,87
14111,0.0009,7.2200,0.9000,87,87
14112,0.0009,7.2200,0.9000,87,87
14113,0.0009,6.5587,0.8667,87,93
14114,0.0009,7.7460,0.9000,87,87
14115,0.0009,7.7460,0.9000,87,87
14116,0.0009,7.7460,0.9000,87,87
14117,0.0009,7.7460,0.9000,87,87
14118,0.0009,7.7460,0.9000,87,87
14119,0.0009,7.7460,0.9000,87,87
14120,0.0009,7.7460,0.9000,87,87
14121,0.0009,7.7460,0.9000,87,87
14122,0.0009,6.5587,0.8667,87,637
14123,0.0009,6.5587,0.8667,87,87
14124,0.0009,6.5613,0.8667,87,87
14125,0.0009,6.5613,0.8667,87,87
14126,0.0009,6.5613,0.8667,87,87
14127,0.0009,6.5613,0.8667,87,87
14128,0.0009,6.5613,0.8667,87,87
14129,0.0009,7.7700,0.9000,87,87
14130,0.0009,7.7700,0.9000,87,87
14131,0.0009,7.7700,0.9000,87,87
14132,0.0009,7.7700,0.9000,87,87
14133,0.0009,7.7700,0.9000,87,87
14134,0.0009,7.7673,0.9000,87,89
14135,0.0009,7.7673,0.9000,87,87
14136,0.0009,8.4687,0.9333,87,87
14137,0.0009,8.4687,0.9333,87,87
14138,0.0009,7.7420,0.9000,87,44
14139,0.0009,7.7420,0.9000,87,87
14140,0.0008,7.7420,0.9000,87,87
14141,0.0008,7.7420,0.9000,87,87
14142,0.0008,7.7420,0.9000,87,87
14143,0.0008,7.7073,0.9000,87,42
14144,0.0008,7.7073,0.9000,87,87
14145,0.0008,7.7073,0.9000,87,87
14146,0.0008,7.7073,0.9000,87,87
14147,0.0008,7.7073,0.9000,87,87
14148,0.0008,6.9540,0.8667,87,80
14149,0.0008,6.9540,0.8667,87,87
14150,0.0008,6.6607,0.8667,87,155
14151,0.0008,6.6607,0.8667,87,87
14152,0.0008,7.8480,0.9000,87,87
14153,0.0008,7.8480,0.9000,87,87
14154,0.0008,7.8480,0.9000,87,87
14155,0.0008,7.8480,0.9000,87,87
14156,0.0008,7.8480,0.9000,87,87
14157,0.0008,6.6380,0.8667,87,637
14158,0.0008,6.6380,0.8667,87,87
14159,0.0008,6.6380,0.8667,87,87
14160,0.0008,6.6273,0.8667,87,95
14161,0.0008,6.6273,0.8667,87,87
14162,0.0008,6.6273,0.8667,87,87
14163,0.0008,6.6273,0.8667,87,87
14164,0.0008,6.6300,0.8667,87,87
14165,0.0008,6.6300,0.8667,87,87
14166,0.0008,6.6300,0.8667,87,87
14167,0.0008,6.6300,0.8667,87,87
14168,0.0008,7.3567,0.9000,87,87
14169,0.0008,7.3567,0.9000,87,87
14170,0.0008,6.6300,0.8667,87,51
14171,0.0008,5.9073,0.8333,87,35
14172,0.0008,5.9073,0.8333,87,87
14173,0.0008,6.6033,0.8667,87,87
14174,0.0008,6.6033,0.8667,87,87
14175,0.0008,6.6033,0.8667,87,87
14176,0.0008,6.6033,0.8667,87,87
14177,0.0008,6.6033,0.8667,87,87
14178,0.0008,7.3567,0.9000,87,87
14179,0.0008,7.3567,0.9000,87,87
14180,0.0008,7.6500,0.9000,87,87
14181,0.0008,7.6500,0.9000,87,87
14182,0.0008,7.6500,0.9000,87,87
14183,0.0008,7.6500,0.9000,87,87
14184,0.0008,7.6500,0.9000,87,87
14185,0.0008,7.5913,0.9000,87,93
14186,0.0008,7.5913,0.9000,87,87
14187,0.0008,7.5913,0.9000,87,637
14188,0.0008,7.5913,0.9000,87,87
14189,0.0008,7.5913,0.9000,87,87
14190,0.0008,6.9073,0.8667,87,43
14191,0.0008,6.9073,0.8667,87,87
14192,0.0008,6.9073,0.8667,87,87
14193,0.0008,6.9073,0.8667,87,87
14194,0.0008,6.9073,0.8667,87,87
14195,0.0008,6.9073,0.8667,87,87
14196,0.0008,6.9073,0.8667,87,87
14197,0.0008,6.9073,0.8667,87,87
14198,0.0008,6.9073,0.8667,87,87
14199,0.0008,6.9073,0.8667,87,87
14200,0.0008,7.6340,0.9000,87,87
14201,0.0008,8.3567,0.9333,87,87
14202,0.0008,8.3567,0.9333,87,87
14203,0.0008,8.3567,0.9333,87,87
14204,0.0008,8.3567,0.9333,87,87
14205,0.0008,8.3567,0.9333,87,87
14206,0.0008,8.3567,0.9333,87,87
14207,0.0008,8.3567,0.9333,87,87
14208,0.0008,8.3567,0.9333,87,87
14209,0.0008,8.3567,0.9333,87,87
14210,0.0008,8.3567,0.9333,87,87
14211,0.0008,8.3567,0.9333,87,87
14212,0.0008,8.3567,0.9333,87,87
14213,0.0008,8.3567,0.9333,87,87
14214,0.0008,8.3567,0.9333,87,87
14215,0.0008,8.4153,0.9333,87,87
14216,0.0008,8.4153,0.9333,87,87
14217,0.0008,9.6253,0.9667,87,87
14218,0.0008,9.6253,0.9667,87,87
14219,0.0008,9.6253,0.9667,87,87
14220,0.0008,10.3200,1.0000,87,87
14221,0.0008,10.3200,1.0000,87,87
14222,0.0008,10.3200,1.0000,87,87
14223,0.0008,10.3200,1.0000,87,87
14224,0.0008,10.3200,1.0000,87,87
